,isv_dst,effect_dst,isv_bin,effect_bin,both_bins,bias_label,class_label,strat_col
21,-0.14217409702579845,-1.672014680658656,4,4,4_4,0,0,0_0_4_4
1333,-0.002100582939896405,-1.251081366159464,4,5,4_5,1,0,0_1_5_4
980,1.8236001324588988,0.7266138239034368,7,7,7_7,1,0,0_1_7_7
109,-0.5918417279541347,1.3478103699885353,4,5,4_5,0,1,1_0_5_4
1407,-0.3321672656079373,-2.029790783571777,4,4,4_4,1,0,0_1_4_4
320,-0.4575022488933017,3.0152518061838767,4,8,4_8,0,1,1_0_8_4
85,0.480556205853501,1.613993062468861,5,6,5_6,0,1,1_0_6_5
1033,-1.5202744524844596,-1.02239742707478,2,5,2_5,1,0,0_1_5_2
1916,0.6537111639757265,-0.8910985282282615,5,5,5_5,3,0,0_3_5_5
464,-1.0384179961961943,1.2225297038463798,3,5,3_5,0,1,1_0_5_3
1565,-2.6440574420376084,-0.32806696583799544,1,6,1_6,1,0,0_1_6_1
713,0.29818122556410415,-1.0957516925787185,5,5,5_5,1,0,0_1_5_5
1870,1.1876513552536374,1.1734665214329771,6,5,6_5,2,1,1_2_5_6
1406,-0.07792902467643685,0.4225069393417977,4,7,4_7,1,0,0_1_7_4
1004,0.6109425642375453,-2.376534094020341,5,3,5_3,1,0,0_1_3_5
684,-1.1502716968218563,0.7250611904375741,3,4,3_4,1,1,1_1_4_3
431,-0.21818146041780193,-2.6116336210579334,4,3,4_3,0,0,0_0_3_4
1946,0.6338168912771948,-1.4597181012740692,5,4,5_4,3,0,0_3_4_5
1366,-0.290561580048753,-1.0647318179320446,4,5,4_5,2,0,0_2_5_4
62,0.11749276669270127,0.05923188617549702,5,6,5_6,0,0,0_0_6_5
108,0.026179079162201378,2.7335295856131068,5,7,5_7,0,1,1_0_7_5
1199,-0.9039058834914405,-2.6149319041657817,3,3,3_3,1,0,0_1_3_3
998,-0.9133874583317632,-0.031512245698459784,3,6,3_6,1,0,0_1_6_3
302,-1.004812921546661,0.9457041230228842,3,5,3_5,0,1,1_0_5_3
180,-0.1077959435137819,0.9416286109278456,4,5,4_5,0,1,1_0_5_4
171,0.7760007530651504,-1.87365973899816,6,4,6_4,0,0,0_0_4_6
530,-0.17668270024992377,1.2441291669941374,4,5,4_5,0,1,1_0_5_4
309,-0.032393025965933346,3.08697820766597,4,8,4_8,0,1,1_0_8_4
291,0.26115507712527625,1.8433808099877074,5,6,5_6,0,1,1_0_6_5
1308,0.3393092954861175,-0.04185475165496899,5,6,5_6,1,0,0_1_6_5
1642,-1.0543130604559394,1.3603660068820682,3,5,3_5,2,1,1_2_5_3
450,0.7787674908679975,1.7797265342256705,6,6,6_6,0,1,1_0_6_6
1831,-0.9074245009163007,1.8395438306941063,3,6,3_6,2,1,1_2_6_3
105,0.7695411544403439,-0.20117067291772583,6,6,6_6,0,0,0_0_6_6
339,-0.9470362602816463,-2.3032360616193475,3,3,3_3,0,0,0_0_3_3
111,-0.827534504918041,1.9070489576858103,3,6,3_6,0,1,1_0_6_3
254,0.10975918966391053,0.6705500425389196,5,4,5_4,0,1,1_0_4_5
1891,0.798318801319407,1.1204839367802344,6,5,6_5,2,1,1_2_5_6
139,1.168058126783336,0.08087632449178972,6,3,6_3,0,1,1_0_3_6
1617,0.3605345150359591,0.27244049419727256,5,3,5_3,2,1,1_2_3_5
951,-0.8563393454557929,-0.8396236144074519,3,5,3_5,1,0,0_1_5_3
235,1.8418883230639018,-1.5357815089844378,7,4,7_4,0,0,0_0_4_7
166,1.0454856443282852,0.2934198363762305,6,4,6_4,0,1,1_0_4_6
1072,-0.07032639824410922,0.1349947251174286,4,7,4_7,1,0,0_1_7_4
65,0.5027459804764992,-0.6835214607203997,5,5,5_5,0,0,0_0_5_5
157,-0.26176756189079436,-1.12696083044176,4,5,4_5,0,0,0_0_5_4
1244,1.3799784764180818,0.2847022481204573,6,7,6_7,1,0,0_1_7_6
1452,-0.4286476961532902,2.6074281555234813,4,7,4_7,2,1,1_2_7_4
504,1.396076098028472,1.0703055101868928,7,5,7_5,0,1,1_0_5_7
390,-0.22044931322044475,1.7292817915893175,4,6,4_6,0,1,1_0_6_4
121,-0.45335328012533266,-1.171131112200477,4,5,4_5,0,0,0_0_5_4
1300,-0.46127884811313213,-2.1592937788809543,4,3,4_3,1,0,0_1_3_4
1297,0.6935268827009171,-0.5705817428714672,5,6,5_6,1,0,0_1_6_5
277,-1.1937164865462289,-1.8636458732292807,3,4,3_4,0,0,0_0_4_3
405,-1.0211018462503791,1.518511481410699,3,5,3_5,0,1,1_0_5_3
1325,-0.22530322650313844,0.6390906255710699,4,4,4_4,2,1,1_2_4_4
1042,-0.3046282224491912,0.5419822294099894,4,7,4_7,1,0,0_1_7_4
1586,-1.0080223009448739,2.1792610468154816,3,6,3_6,2,1,1_2_6_3
666,0.3041158794393953,0.20662115892882205,5,3,5_3,1,1,1_1_3_5
1925,-0.7688687091393805,-0.9051315512059148,3,5,3_5,3,0,0_3_5_3
1462,0.24139972552094505,1.2858124878863606,5,5,5_5,2,1,1_2_5_5
191,1.5244104453914964,1.3909772216701395,7,5,7_5,0,1,1_0_5_7
1981,-1.2417338722132767,-1.273001494347239,3,5,3_5,3,0,0_3_5_3
133,1.4305667791669583,-0.24550014271178522,7,6,7_6,0,0,0_0_6_7
776,-0.17124953482023283,-0.6486549457388281,4,5,4_5,1,0,0_1_5_4
1723,0.3620651797103473,0.17342357692797683,5,3,5_3,2,1,1_2_3_5
1444,0.5786837447453139,1.6977156422983128,5,6,5_6,2,1,1_2_6_5
1109,0.1887535303257514,-0.9415076435338958,5,5,5_5,1,0,0_1_5_5
498,-1.5235152508393244,1.673838938075274,2,6,2_6,0,1,1_0_6_2
1108,-0.6384392881609239,-1.1235837151886852,4,5,4_5,1,0,0_1_5_4
93,1.6817036660822418,-1.7025144637985208,7,4,7_4,0,0,0_0_4_7
303,-0.3580574682445425,-0.08311658484647555,4,6,4_6,0,0,0_0_6_4
412,0.7345636157641597,1.2125509856107768,6,5,6_5,0,1,1_0_5_6
1623,-0.08571579795794959,1.9444819535275544,4,6,4_6,2,1,1_2_6_4
892,-0.26731726296937997,-2.264088766393722,4,3,4_3,1,0,0_1_3_4
59,-0.9234467516263636,1.6419163790823204,3,6,3_6,0,1,1_0_6_3
697,-0.01426735952517504,1.0856713362219481,4,5,4_5,0,1,1_0_5_4
158,-1.5306785800015805,0.6210272370227372,2,4,2_4,0,1,1_0_4_2
486,-0.8913474910919073,1.4560382762285073,3,5,3_5,0,1,1_0_5_3
636,-0.873328143985257,-1.2608485654725161,3,5,3_5,1,0,0_1_5_3
1589,-0.7319487003577912,1.4729805191233227,3,5,3_5,2,1,1_2_5_3
1917,1.0257755975450844,-0.04686849946123517,6,3,6_3,2,1,1_2_3_6
1545,-2.061924940771377,-0.12276530735308833,1,3,1_3,0,1,1_0_3_1
999,1.3018934057111564,-2.9659344262007843,6,2,6_2,1,0,0_1_2_6
38,-1.6463849427079935,-1.797795757889538,2,4,2_4,0,0,0_0_4_2
682,-0.17672130454197,0.6219029025394663,4,4,4_4,1,1,1_1_4_4
23,1.0594659784536022,-1.1100586952780516,6,5,6_5,0,0,0_0_5_6
1230,-1.219705805427418,-0.3582600629655903,3,6,3_6,1,0,0_1_6_3
1367,0.02405791900057128,-1.2346643611846235,5,5,5_5,1,0,0_1_5_5
1827,-0.6618400346101081,0.9051626932080066,4,4,4_4,2,1,1_2_4_4
1746,0.6517044901562463,0.7505265499148563,5,4,5_4,2,1,1_2_4_5
1809,0.5186582393208227,1.1233048753745885,5,5,5_5,2,1,1_2_5_5
842,0.9992144080853824,0.8841511158778734,6,4,6_4,1,1,1_1_4_6
886,1.3876836070611538,-0.06178411110509907,6,6,6_6,1,0,0_1_6_6
1060,0.8420340655120008,-0.9649209416495625,6,5,6_5,1,0,0_1_5_6
190,-1.1646259970683321,-2.2843938267586976,3,3,3_3,0,0,0_0_3_3
39,0.4117954036942307,-0.10934993789136604,5,3,5_3,0,1,1_0_3_5
432,-0.05488159676617562,2.3346502881569,4,7,4_7,0,1,1_0_7_4
958,0.2803220483975586,-1.0180256875042943,5,5,5_5,1,0,0_1_5_5
1924,1.1880201656813334,-0.6965107688639924,6,2,6_2,2,1,1_2_2_6
1414,0.6059475186745639,-0.12421318394445091,5,3,5_3,2,1,1_2_3_5
44,-0.28742287088454477,-1.7978229151665286,4,4,4_4,0,0,0_0_4_4
1241,-0.946567037765651,0.3901448545672217,3,7,3_7,1,0,0_1_7_3
573,0.5197581426262267,0.9661888869625396,5,5,5_5,0,1,1_0_5_5
1725,-0.47372988080965295,2.1788495919599633,4,6,4_6,2,1,1_2_6_4
581,-0.02356985209141999,-0.9726572598975602,4,5,4_5,1,0,0_1_5_4
156,-0.2296919401391163,0.746382659620632,4,4,4_4,0,1,1_0_4_4
1342,-0.12045557331513093,-0.5092131728631686,4,6,4_6,2,0,0_2_6_4
1783,0.28625319516792463,0.6519395160731924,5,4,5_4,2,1,1_2_4_5
204,-0.5996280374478431,0.17425930216820285,4,7,4_7,0,0,0_0_7_4
1230,-0.35777002962898535,0.8259462525666855,4,4,4_4,2,1,1_2_4_4
789,-0.07773422668876707,-0.7248429265487955,4,5,4_5,1,0,0_1_5_4
1559,-0.4809480798520179,1.1726319376738408,4,5,4_5,2,1,1_2_5_4
1713,-0.21207185036230072,-0.32185576042061537,4,3,4_3,2,1,1_2_3_4
1096,0.34914932279779,-0.31941126910072504,5,6,5_6,1,0,0_1_6_5
444,-0.5762130197680456,-1.7484551553556025,4,4,4_4,0,0,0_0_4_4
1839,0.6413456482327482,0.993380647452146,5,5,5_5,2,1,1_2_5_5
1332,1.0870849769567836,-1.1904640575932617,6,5,6_5,1,0,0_1_5_6
140,-1.6865949476870132,0.6622952142391302,2,4,2_4,0,1,1_0_4_2
416,-0.7948073812939881,2.4399181149572344,3,7,3_7,0,1,1_0_7_3
1652,-0.2027384841214583,1.7759380468884296,4,6,4_6,2,1,1_2_6_4
679,0.7672534952444551,2.1893530639173244,6,6,6_6,0,1,1_0_6_6
887,1.580251879480496,0.6933469435230684,7,4,7_4,0,1,1_0_4_7
1578,0.9910753048541777,1.2788255079485995,6,5,6_5,2,1,1_2_5_6
125,-0.4236641816227454,-0.8841933200326499,4,5,4_5,0,0,0_0_5_4
1472,-0.12300827751287009,2.0813047511732243,4,6,4_6,2,1,1_2_6_4
659,-0.7065913762233674,-0.31681377450008275,3,3,3_3,1,1,1_1_3_3
756,1.2958680731996572,-0.7670044285301975,6,5,6_5,1,0,0_1_5_6
1481,0.5497087089258493,2.0933413869889934,5,6,5_6,2,1,1_2_6_5
251,-0.1394925162118769,-0.06181536413228017,4,6,4_6,0,0,0_0_6_4
1736,2.4821689157905995,0.31564437441829696,8,4,8_4,2,1,1_2_4_8
1292,-0.35437086638968895,-0.7276519065242542,4,5,4_5,1,0,0_1_5_4
1158,1.1401682359613616,-2.872790214458867,6,2,6_2,1,0,0_1_2_6
58,-1.8714232891022657,-1.352457365901604,2,5,2_5,0,0,0_0_5_2
4,-0.5683332671250187,-2.641397294584647,4,3,4_3,0,0,0_0_3_4
1866,0.30362579198166584,2.4376650413769236,5,7,5_7,2,1,1_2_7_5
1705,0.9954285863480273,1.222343778609877,6,5,6_5,2,1,1_2_5_6
1372,2.013904268451752,-0.7442745585432339,7,5,7_5,1,0,0_1_5_7
825,0.11140819312701519,1.3971872774536855,5,5,5_5,1,1,1_1_5_5
541,0.03638578457822145,-0.8592429271083921,5,2,5_2,0,1,1_0_2_5
151,1.2881190147089097,-1.7427380514871817,6,4,6_4,0,0,0_0_4_6
417,-0.9526587004510992,0.6586876099138965,3,4,3_4,0,1,1_0_4_3
214,0.4549228107479357,2.1383096209632013,5,6,5_6,0,1,1_0_6_5
804,-0.8168437079682184,-0.9303463367688564,3,5,3_5,1,0,0_1_5_3
478,0.7757300369293559,1.337964267672112,6,5,6_5,0,1,1_0_5_6
538,-0.02613208170756125,1.288661078724565,4,5,4_5,0,1,1_0_5_4
261,1.1209450536238255,0.6643919666723096,6,4,6_4,0,1,1_0_4_6
762,0.5073273244615609,1.2804525786513645,5,5,5_5,1,1,1_1_5_5
1854,-0.6139774709462935,1.146098887144085,4,5,4_5,2,1,1_2_5_4
1666,0.594982045211625,2.7414985569027914,5,7,5_7,2,1,1_2_7_5
1525,0.8935427896949556,0.950370618862553,6,5,6_5,2,1,1_2_5_6
625,-2.6513549728840813,-2.0952461277511842,1,4,1_4,1,0,0_1_4_1
914,1.0269593998608408,-1.1507055426655255,6,5,6_5,1,0,0_1_5_6
66,-0.5734927386995975,1.1887995312910986,4,5,4_5,0,1,1_0_5_4
345,1.0324981916740776,-0.6490279446387219,6,5,6_5,0,0,0_0_5_6
1934,-1.0155324292266121,0.7190013960473173,3,4,3_4,2,1,1_2_4_3
264,1.5111227047928641,-1.2490562076760525,7,5,7_5,0,0,0_0_5_7
1844,-1.413922210921779,1.761138038235218,2,6,2_6,2,1,1_2_6_2
918,-0.41450746979345837,-2.119113354778724,4,3,4_3,1,0,0_1_3_4
641,0.7662857904933608,-0.3845323215156061,6,6,6_6,1,0,0_1_6_6
176,-0.08065197849270327,0.4409062530134493,4,7,4_7,0,0,0_0_7_4
723,-0.9585906569321332,1.8205397313385245,3,6,3_6,0,1,1_0_6_3
167,-0.8995128506310237,0.3698343511506992,3,4,3_4,0,1,1_0_4_3
774,-0.9852238921332342,0.44899363845138196,3,7,3_7,1,0,0_1_7_3
1989,-0.5248365919744498,-1.7590403427178403,4,4,4_4,3,0,0_3_4_4
677,-0.6193247479073055,-0.8481773736254699,4,5,4_5,1,0,0_1_5_4
457,0.45413822875925436,1.056299030182637,5,5,5_5,0,1,1_0_5_5
1554,-0.12059706564219652,-0.23267684143103984,4,3,4_3,2,1,1_2_3_4
222,-0.4033659335340433,2.2708179900134384,4,7,4_7,0,1,1_0_7_4
1083,-0.160343869634944,-1.0265158440172957,4,5,4_5,1,0,0_1_5_4
321,-0.6639021901650058,2.037802428463417,4,6,4_6,0,1,1_0_6_4
490,-0.5259696038097251,-0.5962822788262483,4,2,4_2,0,1,1_0_2_4
1869,-0.9971205292856185,1.2493941126507262,3,5,3_5,2,1,1_2_5_3
104,0.2540657068890265,-0.6340820420938245,5,5,5_5,0,0,0_0_5_5
1610,0.8846933758245602,2.2895961327685583,6,7,6_7,2,1,1_2_7_6
1415,-0.07709329160377934,-0.8817778466014375,4,5,4_5,2,0,0_2_5_4
216,0.17598093261378783,-0.8795949911953834,5,5,5_5,0,0,0_0_5_5
313,0.8124811227550641,-0.3903353550011621,6,2,6_2,0,1,1_0_2_6
902,-0.7605527125378129,0.5396665273911485,3,7,3_7,1,0,0_1_7_3
818,-0.6386525420050684,-2.987355811100205,4,2,4_2,1,0,0_1_2_4
1303,1.5663634663283348,-1.6360786829306035,7,4,7_4,1,0,0_1_4_7
1030,-0.22478408359039564,-1.3726532075615174,4,4,4_4,1,0,0_1_4_4
1000,-0.9372739761475977,-0.3520035787397726,3,6,3_6,1,0,0_1_6_3
1674,-0.8092558378628416,1.1080228094335358,3,5,3_5,2,1,1_2_5_3
437,-0.40969135005060975,1.814741228268573,4,6,4_6,0,1,1_0_6_4
32,-0.7883307868987907,-2.484268583996351,3,3,3_3,0,0,0_0_3_3
1428,-0.9138564872082938,-1.225856000186021,3,5,3_5,1,0,0_1_5_3
1171,-1.0559173080039042,-1.08541935370964,3,5,3_5,1,0,0_1_5_3
903,1.4574836572217218,2.6091804130260385,7,7,7_7,0,1,1_0_7_7
461,-0.10954970137714999,2.067664145735261,4,6,4_6,0,1,1_0_6_4
777,0.3107880752431662,-2.2969244357638487,5,3,5_3,1,0,0_1_3_5
1550,-0.016501090573731562,1.1674170511803008,4,5,4_5,2,1,1_2_5_4
1639,1.2935160534066823,1.4139566378310988,6,5,6_5,2,1,1_2_5_6
1424,-0.474119276287215,2.1411778598317968,4,6,4_6,2,1,1_2_6_4
283,1.2633261114207883,-1.6398277806849744,6,4,6_4,0,0,0_0_4_6
900,-0.27815693252743723,-0.8702638244633853,4,5,4_5,1,0,0_1_5_4
1385,-0.7848444479745688,0.2488070249175709,3,3,3_3,2,1,1_2_3_3
1488,0.6286502942304526,-0.9752289663311229,5,2,5_2,2,1,1_2_2_5
906,0.7709782041151821,1.0693152406741584,6,5,6_5,1,1,1_1_5_6
646,0.17517897206078736,-0.8258553531991255,5,5,5_5,1,0,0_1_5_5
632,0.18766879123730773,-3.4476072280816723,5,2,5_2,1,0,0_1_2_5
1412,0.04498240169063328,-1.621557998276272,5,4,5_4,1,0,0_1_4_5
1040,-0.44274464796838653,-0.48910292225988583,4,6,4_6,1,0,0_1_6_4
371,0.16722366277453032,2.393431871443582,5,7,5_7,0,1,1_0_7_5
1474,0.2834456825066162,-0.6580230816668347,5,2,5_2,2,1,1_2_2_5
801,1.9847658244300928,0.653612622425875,7,4,7_4,0,1,1_0_4_7
1070,-0.6650048805145359,0.1910886288156115,4,7,4_7,1,0,0_1_7_4
866,-0.16005816553188545,-0.8873306151938986,4,5,4_5,1,0,0_1_5_4
1512,1.2570655124564438,1.3479059579266028,6,5,6_5,2,1,1_2_5_6
996,-0.8878484145342372,-0.202232082645166,3,6,3_6,1,0,0_1_6_3
1159,2.607406883381058,-1.6799766615580243,8,4,8_4,1,0,0_1_4_8
693,1.3231415584923893,1.670709123171108,6,6,6_6,0,1,1_0_6_6
817,0.3973542830752783,-1.6457382577404327,5,4,5_4,1,0,0_1_4_5
681,-0.03579504124690455,0.408605302101013,4,4,4_4,1,1,1_1_4_4
1735,0.5059918807528411,1.5466574903276575,5,5,5_5,2,1,1_2_5_5
802,1.1056995573178519,1.7765704945224763,6,6,6_6,1,1,1_1_6_6
421,-0.41427568299235745,1.6972581900253083,4,6,4_6,0,1,1_0_6_4
93,0.1694219835943341,-0.25930715887822764,5,3,5_3,0,1,1_0_3_5
1564,0.8710905637377074,0.3826713483205948,6,4,6_4,2,1,1_2_4_6
1593,0.8484548745964094,1.0586142167734085,6,5,6_5,2,1,1_2_5_6
888,0.49089711725782675,-1.129131249609461,5,5,5_5,1,0,0_1_5_5
708,-0.2986746061269018,0.07322705255712503,4,3,4_3,1,1,1_1_3_4
1105,-0.8167821268702962,-2.1742103396352173,3,3,3_3,1,0,0_1_3_3
858,0.15936162018571523,0.36520665287931586,5,4,5_4,1,1,1_1_4_5
1005,-1.1125622136614175,-1.0484577255262117,3,5,3_5,1,0,0_1_5_3
1553,0.4041124024692697,1.5452548581419019,5,5,5_5,2,1,1_2_5_5
1181,-1.5009474474654265,-0.5116635129623641,2,6,2_6,1,0,0_1_6_2
1717,1.013287350705323,0.7910605973444229,6,4,6_4,2,1,1_2_4_6
1432,0.4140425121253733,-0.7009743392467995,5,5,5_5,2,0,0_2_5_5
984,0.0419296438729074,-2.3523653314796023,5,3,5_3,1,0,0_1_3_5
1008,-0.10382105305915484,-0.5057890875226683,4,2,4_2,1,1,1_1_2_4
183,0.8737689613284506,-0.9716134948502504,6,5,6_5,0,0,0_0_5_6
1661,0.7422967173965431,0.20325138235772355,6,3,6_3,2,1,1_2_3_6
1327,0.11842938647078548,-0.3101186799375938,5,6,5_6,1,0,0_1_6_5
660,-0.7966995702435826,1.1854793237232941,3,5,3_5,1,1,1_1_5_3
1116,-0.1212338986844737,-1.714779988016013,4,4,4_4,1,0,0_1_4_4
574,0.38494035042478686,1.1256509655342883,5,5,5_5,0,1,1_0_5_5
798,0.9236914504389463,-0.1932353128488411,6,6,6_6,1,0,0_1_6_6
1939,-0.32533860803606224,-0.8681098115683823,4,5,4_5,3,0,0_3_5_4
1770,-1.5249007160215937,-0.7712765667292065,2,2,2_2,2,1,1_2_2_2
1054,-1.2477234568386113,-0.9135392042065804,3,5,3_5,1,0,0_1_5_3
978,-1.2649721439752553,-1.2996174007962178,3,5,3_5,1,0,0_1_5_3
160,-1.3806077830726922,1.2190869090256768,2,5,2_5,0,1,1_0_5_2
76,-0.47167648034904763,-0.20111554880352656,4,3,4_3,0,1,1_0_3_4
1603,0.6591179327481992,-2.971490384290829,5,2,5_2,1,0,0_1_2_5
294,-0.15266097919142496,0.13781039901762548,4,3,4_3,0,1,1_0_3_4
52,0.6548468984709352,-1.9530740655699255,5,4,5_4,0,0,0_0_4_5
515,-1.8740144070429836,-0.4601155833251631,2,2,2_2,0,1,1_0_2_2
1771,0.041547986665982445,0.9809999241873621,5,5,5_5,2,1,1_2_5_5
249,-0.3517201573866092,-0.9198124758573034,4,5,4_5,0,0,0_0_5_4
1251,0.28786497263367,-0.34529633554007566,5,6,5_6,1,0,0_1_6_5
621,-1.2490151637266051,0.25131305388021374,3,3,3_3,1,1,1_1_3_3
1536,0.9736508337521157,-0.6441587550555024,6,5,6_5,2,0,0_2_5_6
224,0.012263517460419213,-2.1761006990541674,5,3,5_3,0,0,0_0_3_5
1692,-0.4424206985871429,1.1225314040214853,4,5,4_5,2,1,1_2_5_4
1098,0.7199841588386685,-1.7102707679934692,6,4,6_4,1,0,0_1_4_6
505,-0.8373704784671383,1.2308544961063184,3,5,3_5,0,1,1_0_5_3
377,0.31451658345034994,0.3964139846271073,5,4,5_4,0,1,1_0_4_5
851,-0.38840158373348616,-1.331446288487231,4,5,4_5,1,0,0_1_5_4
78,0.5693662163861599,1.966972278933215,5,6,5_6,0,1,1_0_6_5
635,0.5197914582881326,2.634044222171217,5,7,5_7,1,1,1_1_7_5
1211,-0.661652079485291,-0.35695268923917256,4,6,4_6,1,0,0_1_6_4
225,-0.41624839376514494,-1.7543747264549445,4,4,4_4,0,0,0_0_4_4
444,-0.20958597692504327,2.3086357086483345,4,7,4_7,0,1,1_0_7_4
9,1.9260486645237538,-0.7582281231231487,7,5,7_5,0,0,0_0_5_7
1423,-0.9027889583415256,-0.046443423606681966,3,3,3_3,2,1,1_2_3_3
963,-0.6617341601704979,-1.504832316404115,4,4,4_4,1,0,0_1_4_4
244,0.12224510117181794,-0.9005289311702087,5,5,5_5,0,0,0_0_5_5
186,-1.143439872125208,0.02025536680726281,3,3,3_3,0,1,1_0_3_3
1702,0.24026804922717482,1.2209287931754502,5,5,5_5,2,1,1_2_5_5
155,-1.5439172729121216,0.20793130458047615,2,3,2_3,0,1,1_0_3_2
278,-0.40563798602893336,0.8332686594346503,4,4,4_4,0,1,1_0_4_4
808,-0.5827546849262126,0.31850109466836163,4,4,4_4,1,1,1_1_4_4
60,0.7562700532489117,-0.15291169606548938,6,6,6_6,0,0,0_0_6_6
115,-1.399908454507374,0.0065682097481426505,2,3,2_3,0,1,1_0_3_2
1496,-1.245890793621793,2.158640068516141,3,6,3_6,2,1,1_2_6_3
224,-0.09618573515395133,0.8135212980850213,4,4,4_4,0,1,1_0_4_4
1245,-0.20416184993274256,-1.6394260168425658,4,4,4_4,1,0,0_1_4_4
1791,-0.8413834468082926,-0.43051561544258665,3,2,3_2,2,1,1_2_2_3
674,-0.7553462874415842,-0.7009705674216025,3,5,3_5,1,0,0_1_5_3
716,-0.8350210547606315,2.116942674442043,3,6,3_6,0,1,1_0_6_3
931,0.9457734368665952,-0.1900236723775488,6,6,6_6,1,0,0_1_6_6
1006,0.25616388961009245,-0.08090764112075932,5,6,5_6,1,0,0_1_6_5
1433,-0.05827709443584847,-0.6778741273257105,4,5,4_5,2,0,0_2_5_4
10,-0.7495819825367656,-0.7646190812625453,3,5,3_5,0,0,0_0_5_3
235,-0.300436925432083,0.4574116935655327,4,4,4_4,0,1,1_0_4_4
293,-0.10849843064480164,0.4274554265620245,4,7,4_7,0,0,0_0_7_4
612,0.6813589214889946,1.8248433607793892,5,6,5_6,0,1,1_0_6_5
1618,0.6977384303928217,1.5174764476641356,5,5,5_5,2,1,1_2_5_5
751,-0.27746831567384467,1.5859832203034814,4,6,4_6,1,1,1_1_6_4
920,1.1136165253810315,2.6969619837176824,6,7,6_7,1,1,1_1_7_6
1215,0.35328237014065755,-1.7133438131154302,5,4,5_4,1,0,0_1_4_5
495,0.7325870988764495,1.830214998320931,6,6,6_6,0,1,1_0_6_6
897,0.5196052869414891,-2.177742263664368,5,3,5_3,1,0,0_1_3_5
1494,0.4274706381230948,0.7338754330888504,5,4,5_4,2,1,1_2_4_5
1149,-0.5986103602227664,-0.9241479967329066,4,5,4_5,1,0,0_1_5_4
1537,-0.889283691673774,-1.3800463587234437,3,4,3_4,2,0,0_2_4_3
198,-0.8063466367942937,-0.04501991438396158,3,3,3_3,0,1,1_0_3_3
38,0.39660186410421416,1.2247857324598932,5,5,5_5,0,1,1_0_5_5
1197,-0.6910123351166748,-2.293967425507109,3,3,3_3,1,0,0_1_3_3
331,0.426844132920494,0.4256374334746589,5,7,5_7,0,0,0_0_7_5
1044,0.7737197990519391,0.5305679412917659,6,7,6_7,1,0,0_1_7_6
1565,1.5522160560904732,0.8213255043404784,7,4,7_4,2,1,1_2_4_7
236,-1.3278985823242537,1.7244473133352143,3,6,3_6,0,1,1_0_6_3
813,1.1090788887371454,1.3801894769179088,6,5,6_5,1,1,1_1_5_6
337,0.0933881771125516,-0.8126982656287196,5,5,5_5,0,0,0_0_5_5
112,0.4878982410554421,1.017655610909839,5,5,5_5,0,1,1_0_5_5
514,1.1056344298561556,2.487644239755298,6,7,6_7,0,1,1_0_7_6
89,0.8940615144267546,-2.4789857368704227,6,3,6_3,0,0,0_0_3_6
1056,-0.1550147322304701,0.0847766624935542,4,6,4_6,1,0,0_1_6_4
1291,-1.069402612084735,-2.820053363226971,3,3,3_3,1,0,0_1_3_3
1898,-0.14001571956961376,0.2578074534476784,4,3,4_3,2,1,1_2_3_4
1287,-1.066102291297544,-1.069802184343174,3,5,3_5,1,0,0_1_5_3
203,-1.8253561183817406,1.000015099831293,2,5,2_5,0,1,1_0_5_2
1675,-1.480265894075856,1.5389138081050273,2,5,2_5,2,1,1_2_5_2
1625,0.28564484563752524,0.8453793973980189,5,4,5_4,2,1,1_2_4_5
544,0.4761358457249446,0.7039423758140269,5,4,5_4,0,1,1_0_4_5
691,1.8060607510223923,-1.0822213740923463,7,5,7_5,1,0,0_1_5_7
532,0.3226125514994486,2.364456019146128,5,7,5_7,0,1,1_0_7_5
847,1.2442656148808748,-1.5719333391814934,6,4,6_4,1,0,0_1_4_6
1168,-1.1810916684073949,-0.6588067079538908,3,5,3_5,1,0,0_1_5_3
64,-0.9178065584315244,2.350388867744626,3,7,3_7,0,1,1_0_7_3
169,0.14830192471090486,2.9504916026999646,5,8,5_8,0,1,1_0_8_5
545,0.1692950650692363,0.5870282680023844,5,4,5_4,0,1,1_0_4_5
165,-1.1657196411077593,-0.7857467282493783,3,5,3_5,0,0,0_0_5_3
1103,1.2375451426679585,-1.7399261836908468,6,4,6_4,1,0,0_1_4_6
942,-1.1460304388611602,1.9083163692171554,3,6,3_6,1,1,1_1_6_3
400,-0.4009769510016994,2.6096797942508276,4,7,4_7,0,1,1_0_7_4
215,0.06719315611216788,0.7543514042691053,5,7,5_7,0,0,0_0_7_5
5,-0.7530643346885972,-1.005203264171932,3,5,3_5,0,0,0_0_5_3
1506,0.16365346564680713,-1.8635398280360211,5,4,5_4,2,0,0_2_4_5
172,-0.14578947347449545,1.9082102667945469,4,6,4_6,0,1,1_0_6_4
889,0.34031581296220237,-1.4854349390577606,5,4,5_4,1,0,0_1_4_5
242,0.11119304488726746,0.0697831154945725,5,6,5_6,0,0,0_0_6_5
752,0.43072937851465615,-0.7556390868422841,5,5,5_5,1,0,0_1_5_5
375,-0.20196620444292324,-0.42674042820939806,4,2,4_2,0,1,1_0_2_4
329,-0.6478348143370443,0.26611600168517857,4,3,4_3,0,1,1_0_3_4
82,-0.31690394011227246,-0.20201428981395708,4,6,4_6,0,0,0_0_6_4
79,0.518197414013141,-2.908939358835272,5,2,5_2,0,0,0_0_2_5
1111,1.1678945649895596,-2.0834748293066156,6,4,6_4,1,0,0_1_4_6
1358,-0.7160910707487982,0.5575017911816686,3,4,3_4,2,1,1_2_4_3
455,0.0345002645084871,0.5138280928600074,5,4,5_4,0,1,1_0_4_5
1140,0.8823277763068403,-0.5147635376369977,6,6,6_6,1,0,0_1_6_6
143,-0.24700684706295392,2.5483616908312823,4,7,4_7,0,1,1_0_7_4
1378,0.2988252770864372,0.1395519630738753,5,7,5_7,1,0,0_1_7_5
1534,-0.7142217086237346,-1.6717494671929183,3,4,3_4,2,0,0_2_4_3
1228,-0.46625803801756216,-0.7685174322754125,4,5,4_5,1,0,0_1_5_4
44,0.8405890912185869,-0.10171662758104483,6,3,6_3,0,1,1_0_3_6
1137,2.2791308925957203,-0.6561164561530118,8,5,8_5,1,0,0_1_5_8
113,0.15680467676026347,-1.0097095743610036,5,5,5_5,0,0,0_0_5_5
1894,0.734528066085784,-0.04721458412541679,6,3,6_3,2,1,1_2_3_6
627,-0.7191825416407721,2.2729486704011452,3,7,3_7,0,1,1_0_7_3
1645,-0.6264375716751706,3.3841859545994804,4,8,4_8,2,1,1_2_8_4
1219,0.3465367478096499,0.13803592574577328,5,7,5_7,1,0,0_1_7_5
630,0.5450188593908117,1.769248929775265,5,6,5_6,0,1,1_0_6_5
1394,-0.5707006966730713,-0.356453319552852,4,6,4_6,2,0,0_2_6_4
1170,-0.4892596713603749,-0.8271475724707941,4,5,4_5,1,0,0_1_5_4
1913,-0.8940058860218609,1.0557019248409674,3,5,3_5,2,1,1_2_5_3
594,-0.8243190583723312,0.7774863868617254,3,4,3_4,1,1,1_1_4_3
505,-0.3365462058595083,-0.4891968817637571,4,6,4_6,0,0,0_0_6_4
331,-1.4698807814330146,0.28576106666589207,2,4,2_4,0,1,1_0_4_2
687,-1.4161045528483764,-0.42607021606939777,2,6,2_6,1,0,0_1_6_2
1707,0.010058302885300276,1.5109481776803828,4,5,4_5,2,1,1_2_5_4
187,-1.1382050376980057,-1.1225892208678236,3,5,3_5,0,0,0_0_5_3
1316,-1.6129035664844726,-1.4985449301370328,2,4,2_4,1,0,0_1_4_2
37,0.19628519266803857,-0.3552087462047395,5,3,5_3,0,1,1_0_3_5
955,-0.8745211356847136,2.434136282028317,3,7,3_7,1,1,1_1_7_3
1581,-0.4307176483287649,-0.7823542231928142,4,2,4_2,2,1,1_2_2_4
1958,-1.311843870177168,2.306351275045417,3,7,3_7,2,1,1_2_7_3
1362,0.8057771372904194,-1.7841433406541936,6,4,6_4,1,0,0_1_4_6
112,-1.927507238096484,-0.400616154204541,2,6,2_6,0,0,0_0_6_2
1765,0.5455802891287361,0.5163031123845359,5,4,5_4,2,1,1_2_4_5
986,0.5279373882624977,-0.30368669642920043,5,6,5_6,1,0,0_1_6_5
1310,-1.1175908369381982,-2.0983454370782786,3,4,3_4,1,0,0_1_4_3
815,0.12229858052514142,0.9421018961745662,5,8,5_8,1,0,0_1_8_5
1253,0.6547755582909324,0.2247407532235035,5,7,5_7,1,0,0_1_7_5
310,-0.9768525760457433,0.7916916547399891,3,4,3_4,0,1,1_0_4_3
649,-0.16585979667436918,-0.5943117200745838,4,2,4_2,0,1,1_0_2_4
1775,-0.3807423925461979,1.3856768039742184,4,5,4_5,2,1,1_2_5_4
1305,1.0810636782619354,-1.2096365377112082,6,5,6_5,1,0,0_1_5_6
114,0.17153233295255074,-1.2541078849159626,5,5,5_5,0,0,0_0_5_5
597,0.6127085218374275,-0.8726785437783994,5,5,5_5,1,0,0_1_5_5
1959,0.6175856076104311,1.548682031430971,5,5,5_5,3,1,1_3_5_5
479,-1.1124267440031659,0.29432239289587514,3,7,3_7,0,0,0_0_7_3
37,-0.5259405357901599,-1.979854566374677,4,4,4_4,0,0,0_0_4_4
1430,0.6796928851944226,2.8907825930723234,5,8,5_8,2,1,1_2_8_5
736,-0.41164995039878116,-0.8069733437040046,4,5,4_5,1,0,0_1_5_4
99,0.9450182256220886,-1.0373329820860693,6,5,6_5,0,0,0_0_5_6
177,1.466308254174321,1.6482544703432906,7,6,7_6,0,1,1_0_6_7
539,-0.6503247050101428,1.0187217186756692,4,5,4_5,0,1,1_0_5_4
117,0.4906839122083342,-1.9158716729607006,5,4,5_4,0,0,0_0_4_5
107,-1.3038317684448748,-0.5760898454352261,3,2,3_2,0,1,1_0_2_3
101,0.6664334265682116,0.4802402276298212,5,4,5_4,0,1,1_0_4_5
333,0.07569021784250526,-1.263722005070294,5,5,5_5,0,0,0_0_5_5
1124,-1.170553014045203,-1.7251472618636003,3,4,3_4,1,0,0_1_4_3
983,0.0821220648766598,-1.4001161776929263,5,4,5_4,1,0,0_1_4_5
1634,-1.6758889859884096,1.0024917888181681,2,5,2_5,2,1,1_2_5_2
1167,-0.4629416344224956,-1.8053519678984378,4,4,4_4,1,0,0_1_4_4
273,-1.23978148313609,-0.14779698146986542,3,6,3_6,0,0,0_0_6_3
1597,-1.934069446820093,1.760685603971935,2,6,2_6,2,1,1_2_6_2
974,-1.785519564883766,-1.835395136986238,2,4,2_4,1,0,0_1_4_2
576,0.554576001505571,-0.7756936803260573,5,5,5_5,1,0,0_1_5_5
993,0.32831146765137725,-1.5766212452221837,5,4,5_4,1,0,0_1_4_5
1155,0.623841696366226,-1.2323255595389422,5,5,5_5,1,0,0_1_5_5
1546,-1.5109184015082953,-0.7803300412008762,2,2,2_2,2,1,1_2_2_2
938,-0.8092173045367571,2.2433815123598415,3,7,3_7,1,1,1_1_7_3
462,0.9254242041537194,0.5764333300013289,6,4,6_4,0,1,1_0_4_6
583,0.5688320533152755,0.24031402699760618,5,3,5_3,0,1,1_0_3_5
571,0.2882313408454106,0.6896850678961857,5,4,5_4,0,1,1_0_4_5
550,-1.7945582122672707,1.049137950136144,2,5,2_5,0,1,1_0_5_2
75,0.10958786757780459,-0.29848120824691193,5,3,5_3,0,1,1_0_3_5
1492,-0.8600474685525676,0.5043702530628096,3,4,3_4,2,1,1_2_4_3
239,-0.3054384977712365,0.33465731437135793,4,4,4_4,0,1,1_0_4_4
308,-0.3479833191480018,1.946934382371629,4,6,4_6,0,1,1_0_6_4
1435,0.104430800598075,1.388318542701756,5,5,5_5,2,1,1_2_5_5
379,-1.0905782903658434,1.2000416454380638,3,5,3_5,0,1,1_0_5_3
695,0.8937153532099522,0.8253172774445734,6,4,6_4,0,1,1_0_4_6
1469,-1.0873203036881376,-0.25502860892440093,3,6,3_6,1,0,0_1_6_3
209,-1.211702813722214,-2.516990726200719,3,3,3_3,0,0,0_0_3_3
1413,0.6957555570521503,1.9072457236618532,5,6,5_6,2,1,1_2_6_5
1028,0.26600463518184536,-2.4102091746282213,5,3,5_3,1,0,0_1_3_5
1658,0.21917988455975587,-0.26317662827152355,5,3,5_3,2,1,1_2_3_5
1385,0.43792773630408466,-0.8886983077856012,5,5,5_5,1,0,0_1_5_5
1051,-0.08264495939221772,1.4920254526896475,4,8,4_8,1,0,0_1_8_4
378,0.6913057281703396,-3.254921892315956,5,2,5_2,0,0,0_0_2_5
473,0.5637552176791786,2.4833441210372635,5,7,5_7,0,1,1_0_7_5
953,-0.7724251443374571,2.034327519944557,3,6,3_6,1,1,1_1_6_3
1268,0.7016821101183668,-2.115886612944857,6,3,6_3,1,0,0_1_3_6
642,-0.574644868367489,0.3877312518702801,4,4,4_4,1,1,1_1_4_4
1563,0.7456732348692435,0.9115697586364947,6,4,6_4,2,1,1_2_4_6
60,0.5851023353647933,1.8449927337191754,5,6,5_6,0,1,1_0_6_5
1960,-0.8010210038580641,0.29163513648688966,3,4,3_4,2,1,1_2_4_3
913,-0.5331449246029496,-0.5725531219576673,4,6,4_6,1,0,0_1_6_4
1724,-0.9369204144958126,0.2340213431770296,3,3,3_3,2,1,1_2_3_3
706,-0.4719604953439559,2.2301494746406227,4,7,4_7,1,1,1_1_7_4
1157,0.94360638662368,-1.7264589469029645,6,4,6_4,1,0,0_1_4_6
1962,0.161061646339442,-1.2509974915100306,5,5,5_5,3,0,0_3_5_5
964,-0.9222093988010537,-2.0924770241810853,3,4,3_4,1,0,0_1_4_3
0,-0.7007293652139458,0.1980685747465526,3,3,3_3,0,1,1_0_3_3
1964,-0.5552086857669375,1.321654772876106,4,5,4_5,3,1,1_3_5_4
1210,0.057820667955020257,-0.9368281777239938,5,5,5_5,1,0,0_1_5_5
1046,1.2457580811696771,-2.0570139557391727,6,4,6_4,1,0,0_1_4_6
456,2.5225597375880815,0.3590024833557246,8,4,8_4,0,1,1_0_4_8
61,1.1591686555426743,-0.3392070782729737,6,6,6_6,0,0,0_0_6_6
901,0.4154956635752962,0.5740064806885776,5,4,5_4,1,1,1_1_4_5
608,0.41454952623341973,0.186902823870719,5,3,5_3,1,1,1_1_3_5
1685,1.1617340551675968,1.1632280170867704,6,5,6_5,2,1,1_2_5_6
258,-0.5828600133061547,0.7719189395189767,4,7,4_7,0,0,0_0_7_4
430,-0.08986269335413681,-0.18414037688487284,4,3,4_3,0,1,1_0_3_4
786,-1.013833813792368,-2.506843943440514,3,3,3_3,1,0,0_1_3_3
442,1.848643164850154,-1.5717085705302731,7,4,7_4,1,0,0_1_4_7
978,-1.4730060124480675,0.3820822661695773,2,4,2_4,2,1,1_2_4_2
686,-2.4564975179074287,1.3105063468104035,1,5,1_5,0,1,1_0_5_1
81,0.24694388335315123,-0.13602139418964665,5,3,5_3,0,1,1_0_3_5
1699,-0.7729772770728199,0.6723911623515997,3,4,3_4,2,1,1_2_4_3
915,-0.1998202857284207,0.7647128836462846,4,7,4_7,1,0,0_1_7_4
1401,1.1444466121193284,-0.5604121327475102,6,6,6_6,2,0,0_2_6_6
438,0.5126554187011376,-1.4456501213261612,5,4,5_4,0,0,0_0_4_5
373,-0.5373434755410956,-1.9763487683390772,4,4,4_4,0,0,0_0_4_4
1200,-0.9952374110444558,-2.4760358778896547,3,3,3_3,1,0,0_1_3_3
1576,0.9833759592295147,0.7443098188169217,6,4,6_4,2,1,1_2_4_6
1311,-0.211865358446357,0.09421165460872793,4,6,4_6,1,0,0_1_6_4
648,-1.3460646675687291,0.6667955191123216,3,4,3_4,1,1,1_1_4_3
1234,-1.297851751049048,-1.4840308717685624,3,4,3_4,1,0,0_1_4_3
1135,0.21723649495251093,-2.0461386247727207,5,4,5_4,1,0,0_1_4_5
172,0.23363940368803185,0.32379782823950665,5,7,5_7,0,0,0_0_7_5
349,-1.8267927136460531,-0.6655514460193832,2,2,2_2,0,1,1_0_2_2
1612,0.5207714208447343,1.9477011592431388,5,6,5_6,2,1,1_2_6_5
240,-0.9996857083484524,0.9461243361056613,3,5,3_5,0,1,1_0_5_3
1123,1.6949336724160222,0.3168759077379424,7,7,7_7,1,0,0_1_7_7
656,-1.4250134998980717,0.3989601642159051,2,7,2_7,1,0,0_1_7_2
917,-0.5362460503759208,-0.4362707237074057,4,2,4_2,1,1,1_1_2_4
831,-0.7289056355743038,-1.372982929125284,3,4,3_4,1,0,0_1_4_3
1976,-0.659499002483564,1.306666171444626,4,5,4_5,3,1,1_3_5_4
1552,0.7406076062223593,0.8888489233056499,6,4,6_4,2,1,1_2_4_6
335,-0.09986413041201365,-0.32618144191173215,4,3,4_3,0,1,1_0_3_4
69,-0.1564842909382736,0.6350912580526273,4,4,4_4,0,1,1_0_4_4
775,0.2888816602676001,-0.5204759260171485,5,6,5_6,1,0,0_1_6_5
753,0.4519933846527284,-0.18279742559489687,5,6,5_6,1,0,0_1_6_5
1714,1.707232247051601,-0.2772600633178357,7,3,7_3,2,1,1_2_3_7
577,0.5003044854603909,1.2619686248882915,5,5,5_5,0,1,1_0_5_5
1904,1.2992097771366473,1.9578329360021163,6,6,6_6,2,1,1_2_6_6
441,-0.9021694921380093,1.2243658857283892,3,5,3_5,0,1,1_0_5_3
134,-1.2522991236005248,1.4880056756807094,3,5,3_5,0,1,1_0_5_3
1880,-0.12005972519786355,1.455829122672713,4,5,4_5,2,1,1_2_5_4
692,0.5270043391454836,-0.10726987112955766,5,6,5_6,1,0,0_1_6_5
1550,-1.075308508857544,-0.9031576539683611,3,5,3_5,2,0,0_2_5_3
751,1.0164691625993396,-0.8373916399802378,6,5,6_5,1,0,0_1_5_6
1357,1.1434045523866176,-1.6738266921204739,6,4,6_4,1,0,0_1_4_6
1062,-1.3014122344156338,0.21343687050155102,3,7,3_7,1,0,0_1_7_3
800,-0.3945799692819527,1.3374542095658937,4,5,4_5,1,1,1_1_5_4
746,-0.20176184635750302,-2.8068283588154763,4,3,4_3,1,0,0_1_3_4
742,-2.0440738104656098,1.171598162748067,2,5,2_5,1,1,1_1_5_2
290,0.6285235837383111,-0.26756067924916693,5,6,5_6,0,0,0_0_6_5
855,0.27709164573200384,0.6857731389562992,5,4,5_4,1,1,1_1_4_5
285,0.3244457818579974,-1.358217336741871,5,1,5_1,0,1,1_0_1_5
629,0.5047273600957243,1.4557735137751233,5,5,5_5,0,1,1_0_5_5
1021,-0.760194567594021,-0.6006663808248958,3,6,3_6,1,0,0_1_6_3
1615,-1.0542228838406167,-0.4550038404840999,3,2,3_2,2,1,1_2_2_3
616,1.257919641616347,2.1943246457946253,6,7,6_7,0,1,1_0_7_6
141,-0.14770959779598697,1.7932208541946029,4,6,4_6,0,1,1_0_6_4
1678,0.307859915039169,0.8209444501582894,5,4,5_4,2,1,1_2_4_5
188,-1.0372833865249835,-1.3723966290308431,3,4,3_4,0,0,0_0_4_3
885,-0.023556167955111677,-1.0802247666439924,4,5,4_5,1,0,0_1_5_4
1647,-0.4543287027189251,2.2884744246430655,4,7,4_7,2,1,1_2_7_4
142,-0.7685687273793571,1.6307867000938838,3,6,3_6,0,1,1_0_6_3
803,0.5612268254103353,-1.9924518453614288,5,4,5_4,1,0,0_1_4_5
245,-1.3587791518011576,-0.8339930466267667,3,5,3_5,0,0,0_0_5_3
1005,0.9011361447333769,0.8493766767006495,6,4,6_4,1,1,1_1_4_6
844,-0.8312262405183143,0.9559963267360467,3,8,3_8,1,0,0_1_8_3
77,1.3319327774463439,-1.2487800212546312,6,5,6_5,0,0,0_0_5_6
1164,-0.44190615576470604,-0.04435759839797726,4,6,4_6,1,0,0_1_6_4
1455,0.9312278955224522,-1.5057026884586917,6,4,6_4,2,0,0_2_4_6
154,0.7893401295831871,2.590848160322242,6,7,6_7,0,1,1_0_7_6
948,0.8387755157026983,-1.3855418436502505,6,4,6_4,1,0,0_1_4_6
1670,0.7342033339502025,0.9526456098756618,6,5,6_5,2,1,1_2_5_6
442,0.7152300733721408,3.008915981414082,6,8,6_8,0,1,1_0_8_6
108,0.7186113990987059,-2.4123336629703385,6,3,6_3,0,0,0_0_3_6
654,0.6831395934155521,1.5406502875557728,5,5,5_5,1,1,1_1_5_5
336,0.7888289688128653,0.8305298032571337,6,4,6_4,0,1,1_0_4_6
656,-0.7437234141007533,1.0656800558330706,3,5,3_5,1,1,1_1_5_3
1905,1.4164033768115678,1.354043136991434,7,5,7_5,2,1,1_2_5_7
1777,-1.297424884188822,1.7945406790911973,3,6,3_6,2,1,1_2_6_3
1087,-0.5554095272938774,0.5617280476431945,4,7,4_7,1,0,0_1_7_4
214,0.46799709955379865,-1.7799220663001267,5,4,5_4,0,0,0_0_4_5
243,0.16483171188478235,1.6389455936428303,5,6,5_6,0,1,1_0_6_5
1015,0.42144623329607406,-1.803118833174443,5,4,5_4,1,0,0_1_4_5
1143,1.772874519973267,-0.7731726942405754,7,5,7_5,1,0,0_1_5_7
1524,-0.4068223235286706,0.560696689455199,4,4,4_4,2,1,1_2_4_4
1263,-0.8053658903500793,0.8299593421440544,3,4,3_4,2,1,1_2_4_3
971,0.8640398543422766,-0.5735263156874162,6,6,6_6,1,0,0_1_6_6
1075,1.5989554701921898,-0.3445575095772446,7,6,7_6,1,0,0_1_6_7
1022,-1.4879511854854215,-1.781624928434042,2,4,2_4,1,0,0_1_4_2
1653,-0.9399658919510677,1.634294713588401,3,6,3_6,2,1,1_2_6_3
653,-0.15549657849691695,2.7589710766812527,4,7,4_7,1,1,1_1_7_4
158,-0.09400371623924665,-0.7305587421161841,4,5,4_5,0,0,0_0_5_4
1282,-0.5967542026693357,0.3372012428271818,4,7,4_7,1,0,0_1_7_4
1485,-1.2203062688844664,0.7746694996480457,3,4,3_4,2,1,1_2_4_3
723,-1.2335769211813585,-1.2452031360162084,3,5,3_5,1,0,0_1_5_3
692,-0.6396740208864683,1.447057286292428,4,5,4_5,0,1,1_0_5_4
1011,-0.2940268990339992,1.1565281717023508,4,8,4_8,1,0,0_1_8_4
793,-0.08122016104400544,1.6939471341402736,4,6,4_6,1,1,1_1_6_4
1066,1.261133175040858,-1.3985714508630656,6,4,6_4,1,0,0_1_4_6
666,1.5458894967724328,0.7363947692637309,7,7,7_7,1,0,0_1_7_7
1036,-1.002887252185343,-1.0939437437482094,3,5,3_5,1,0,0_1_5_3
1100,-0.21070538772583738,-0.19910225576316842,4,6,4_6,1,0,0_1_6_4
319,-0.012313909514480076,-0.32079897169311145,4,3,4_3,0,1,1_0_3_4
1180,0.7389883613851501,-0.8007198433887275,6,5,6_5,1,0,0_1_5_6
904,0.09363601920543856,1.720127707748753,5,6,5_6,1,1,1_1_6_5
248,-0.35546919004027544,1.103216102581416,4,5,4_5,0,1,1_0_5_4
1802,0.2725467890128043,-0.4759911564032755,5,2,5_2,2,1,1_2_2_5
25,-0.182069372474161,1.829855307061324,4,6,4_6,0,1,1_0_6_4
407,0.3172134218260866,0.642201992187245,5,4,5_4,0,1,1_0_4_5
471,0.10009779048985193,-0.5624188333004649,5,2,5_2,0,1,1_0_2_5
1535,1.6722947357830573,0.35254669119274173,7,4,7_4,2,1,1_2_4_7
327,-0.9535510386141827,-1.6430266177294373,3,4,3_4,0,0,0_0_4_3
1619,0.3062691045595276,1.6908771675836225,5,6,5_6,2,1,1_2_6_5
22,0.1585641473953326,0.9369140280747108,5,5,5_5,0,1,1_0_5_5
661,0.07909828454148482,2.7156470728802313,5,7,5_7,1,1,1_1_7_5
1926,1.2980179804003582,2.1765063507154565,6,6,6_6,2,1,1_2_6_6
1321,1.236638485896023,-1.028074187636764,6,5,6_5,1,0,0_1_5_6
942,-0.8649041692451976,-2.022437051325962,3,4,3_4,1,0,0_1_4_3
155,-0.280240101764324,-0.6304946443294032,4,5,4_5,0,0,0_0_5_4
819,1.7294988381743102,-1.0632330547701392,7,5,7_5,1,0,0_1_5_7
398,-0.02882037787784206,1.31701151121305,4,5,4_5,0,1,1_0_5_4
1451,0.11514114055524052,-0.6301577012890902,5,5,5_5,2,0,0_2_5_5
784,1.0469492494593127,1.05337089932598,6,5,6_5,1,1,1_1_5_6
884,0.4199011315995117,1.3657081000703761,5,5,5_5,1,1,1_1_5_5
394,-0.5917004756047262,-1.5253295102654807,4,4,4_4,0,0,0_0_4_4
999,0.04996644702758254,0.38321774224330674,5,4,5_4,1,1,1_1_4_5
869,-0.5179781910071611,-1.458226701436514,4,4,4_4,1,0,0_1_4_4
15,-1.2793107959628613,-0.7321348424395848,3,2,3_2,0,1,1_0_2_3
839,-0.8518705274202899,-0.7843296556012247,3,5,3_5,1,0,0_1_5_3
864,0.5726155437106972,-0.6587300072073059,5,5,5_5,1,0,0_1_5_5
34,0.3999494745609622,-0.8212865708816038,5,5,5_5,0,0,0_0_5_5
301,0.22574881742621677,2.194830368529916,5,7,5_7,0,1,1_0_7_5
134,1.8487757889283642,-0.3901404740478591,7,6,7_6,0,0,0_0_6_7
263,1.2312228448426903,-1.2722505216237172,6,5,6_5,0,0,0_0_5_6
475,0.7635525878583971,1.5060648618402572,6,5,6_5,0,1,1_0_5_6
712,-0.014814267800586292,1.0289683429892544,4,5,4_5,0,1,1_0_5_4
601,0.8432855944065096,0.25409415240267264,6,3,6_3,1,1,1_1_3_6
270,-0.8886726098491565,-2.0368651406568787,3,4,3_4,0,0,0_0_4_3
1464,-0.3624240493467726,-1.5819128401742937,4,4,4_4,2,0,0_2_4_4
1549,0.892596548945558,2.06218572675189,6,6,6_6,2,1,1_2_6_6
778,-0.011071112664888794,-0.4196819925965811,4,2,4_2,0,1,1_0_2_4
563,-0.836061151126992,0.16111873448771352,3,3,3_3,1,1,1_1_3_3
619,0.23274214204313165,0.5367698417960656,5,7,5_7,1,0,0_1_7_5
1454,0.10021919326630509,-0.6617702330706465,5,5,5_5,2,0,0_2_5_5
1229,-0.7754140611478422,-2.1070478551390606,3,3,3_3,1,0,0_1_3_3
939,-0.16882026263973324,-0.41168443238196073,4,6,4_6,1,0,0_1_6_4
833,-0.870580860846377,1.891305115149018,3,6,3_6,1,1,1_1_6_3
428,-0.3580241415975762,-1.836999350937574,4,4,4_4,0,0,0_0_4_4
1483,-0.6656583857397808,1.6681704173170244,4,6,4_6,2,1,1_2_6_4
535,-0.6997058136019485,-0.16641669029531547,3,3,3_3,0,1,1_0_3_3
253,0.6593552193989944,0.649469781387273,5,4,5_4,0,1,1_0_4_5
124,-1.1351968617896628,-0.05925609982784463,3,3,3_3,0,1,1_0_3_3
1145,-1.457868978807676,-0.9412443521698115,2,5,2_5,1,0,0_1_5_2
242,1.1005626166060218,1.3490261125780867,6,5,6_5,0,1,1_0_5_6
1288,-0.12947691360130276,-0.9025591933548158,4,5,4_5,1,0,0_1_5_4
1797,0.50080816939952,1.1508508130063277,5,5,5_5,2,1,1_2_5_5
1224,-1.0567376699221704,-2.464391757534104,3,3,3_3,1,0,0_1_3_3
664,0.8129217462789977,0.3203723105434175,6,4,6_4,0,1,1_0_4_6
1271,-1.9648161608556356,0.1240548249772565,2,3,2_3,2,1,1_2_3_2
718,0.22169666102906824,-0.08492895054142224,5,6,5_6,1,0,0_1_6_5
929,1.9031717037855649,-0.7792975127446173,7,5,7_5,1,0,0_1_5_7
1343,0.7598665612852468,-1.2102887926863295,6,5,6_5,1,0,0_1_5_6
856,-0.8345731617230459,-1.2899912170118477,3,5,3_5,1,0,0_1_5_3
249,-0.4895447249758236,0.09616013117319844,4,3,4_3,0,1,1_0_3_4
3,0.02289199989510455,-0.340852250167745,5,6,5_6,0,0,0_0_6_5
202,-0.025808060444630326,0.4193002945105435,4,4,4_4,0,1,1_0_4_4
130,0.4261746566274717,-0.8647397860744113,5,5,5_5,0,0,0_0_5_5
1477,-0.2668967857605545,0.04880361113195275,4,3,4_3,2,1,1_2_3_4
63,-1.739455056338469,0.929971553361618,2,5,2_5,0,1,1_0_5_2
669,-0.5325352749958265,-3.0989074984131304,4,2,4_2,1,0,0_1_2_4
754,-1.3818535439715116,1.5709067180842602,2,6,2_6,0,1,1_0_6_2
177,0.9632308349363283,-0.1787982976020951,6,6,6_6,0,0,0_0_6_6
912,0.1940858153943033,0.3152291719881273,5,7,5_7,1,0,0_1_7_5
418,0.13586840996170801,0.5226959974555463,5,4,5_4,0,1,1_0_4_5
679,0.9349626184614569,-2.1678737889906934,6,3,6_3,1,0,0_1_3_6
1408,-0.7749074248401635,0.1947607527129973,3,7,3_7,1,0,0_1_7_3
853,1.3665221613429117,1.3820300691786012,6,5,6_5,1,1,1_1_5_6
748,0.7117433561215752,1.6438245074939835,6,6,6_6,0,1,1_0_6_6
757,0.8632582108074064,0.681608799424732,6,4,6_4,0,1,1_0_4_6
196,0.36899811133626176,0.9850002018442806,5,5,5_5,0,1,1_0_5_5
1280,-0.3032001797260959,0.598064299344262,4,4,4_4,2,1,1_2_4_4
737,0.4544472422804669,-2.6024587883284394,5,3,5_3,1,0,0_1_3_5
1472,1.1110309101714835,-0.929554459449241,6,5,6_5,2,0,0_2_5_6
1762,-0.4850420531304308,2.833901634970986,4,8,4_8,2,1,1_2_8_4
1265,0.5062764237167882,-1.81563120113139,5,4,5_4,1,0,0_1_4_5
79,-0.8147654067825716,0.6393916311007299,3,4,3_4,0,1,1_0_4_3
687,0.6788720530976416,-0.18771040229861313,5,3,5_3,1,1,1_1_3_5
834,0.21084289975150544,1.313867869852909,5,5,5_5,1,1,1_1_5_5
1945,0.42957932648624414,-1.162114275129828,5,5,5_5,3,0,0_3_5_5
581,0.7775169973515161,1.6068921428382499,6,6,6_6,0,1,1_0_6_6
1025,-2.2988393019324125,-1.823218705641382,1,4,1_4,1,0,0_1_4_1
100,-1.0263824666507353,0.27868425215139536,3,4,3_4,0,1,1_0_4_3
397,-0.6243379754097641,0.31084084283847024,4,4,4_4,0,1,1_0_4_4
216,0.44316549500502406,0.9049069343015422,5,4,5_4,0,1,1_0_4_5
275,-2.3959020795212944,0.8739258263085317,1,4,1_4,0,1,1_0_4_1
675,1.3691802752794688,-1.6718030749980182,6,4,6_4,1,0,0_1_4_6
355,-1.273409212885646,0.6059096306261403,3,4,3_4,0,1,1_0_4_3
968,-1.0369774025804244,-3.035957829827244,3,2,3_2,1,0,0_1_2_3
967,1.4204073309735612,0.44674065539464014,7,4,7_4,1,1,1_1_4_7
1574,-1.6169898272626122,1.7462332611456226,2,6,2_6,2,1,1_2_6_2
273,0.848323744611843,2.7329925604781646,6,7,6_7,0,1,1_0_7_6
1461,-0.40553860365882494,1.5778987880238713,4,6,4_6,2,1,1_2_6_4
1895,-0.64741587377346,0.9374622684563418,4,5,4_5,2,1,1_2_5_4
1999,-0.35846496362673086,-2.0484757818141683,4,4,4_4,3,0,0_3_4_4
36,-0.7178696216418402,-0.09132890169570906,3,3,3_3,0,1,1_0_3_3
1776,-2.2782373538947276,1.5051284530946325,1,5,1_5,2,1,1_2_5_1
611,-1.0007146079836169,-0.5388961513985318,3,2,3_2,0,1,1_0_2_3
466,-0.8046282966433268,1.356884138862879,3,5,3_5,0,1,1_0_5_3
1503,-1.616853947895535,1.756709019387932,2,6,2_6,2,1,1_2_6_2
1047,-0.08085943445147242,-2.4571579954698013,4,3,4_3,1,0,0_1_3_4
290,0.5215846286994827,0.027524394671579078,5,3,5_3,0,1,1_0_3_5
1314,-0.23197435579046669,-1.1698769399836142,4,5,4_5,1,0,0_1_5_4
292,-1.0203172616842369,0.30413537619299036,3,4,3_4,0,1,1_0_4_3
1396,-1.0709058961425608,-1.0533672260693798,3,5,3_5,1,0,0_1_5_3
341,-0.7307279212246225,2.3166478203373604,3,7,3_7,0,1,1_0_7_3
555,1.0126446725927538,0.3868299938876333,6,4,6_4,0,1,1_0_4_6
4,-0.36449989866636323,2.136046532489643,4,6,4_6,0,1,1_0_6_4
641,0.05578311968515045,-0.9840581343909514,5,2,5_2,0,1,1_0_2_5
1273,0.4007927377740366,-1.1658692279938698,5,5,5_5,1,0,0_1_5_5
806,-1.6047042124228563,2.060904820764859,2,6,2_6,0,1,1_0_6_2
7,-0.3404019005656152,-0.8513684767479737,4,5,4_5,0,0,0_0_5_4
325,1.2460478674185271,-1.5636993991014299,6,4,6_4,0,0,0_0_4_6
1330,0.6375886685594229,-1.2272946859733536,5,5,5_5,1,0,0_1_5_5
766,1.1657646583229608,2.0863400275074944,6,6,6_6,1,1,1_1_6_6
740,0.9336062775868617,1.3144912197002672,6,5,6_5,0,1,1_0_5_6
1481,-0.5552263138849028,0.7558982193937034,4,7,4_7,2,0,0_2_7_4
1084,-0.6009457871574114,-0.6111326710713187,4,6,4_6,1,0,0_1_6_4
951,-0.6759336639186386,1.1503630992491556,4,5,4_5,1,1,1_1_5_4
409,-0.3762638828937879,1.7240192298296324,4,6,4_6,0,1,1_0_6_4
1534,1.4346266689761462,0.6643700614660545,7,4,7_4,2,1,1_2_4_7
1212,-0.8480188876005363,0.10615625977358412,3,3,3_3,2,1,1_2_3_3
399,0.7559960313950278,-0.07853013186585822,6,3,6_3,0,1,1_0_3_6
255,1.0080794654455507,-1.6258324239768247,6,4,6_4,0,0,0_0_4_6
655,-1.0356315520515404,1.0594915299947918,3,5,3_5,1,1,1_1_5_3
26,-0.24923186045720544,-0.643023371405677,4,2,4_2,0,1,1_0_2_4
1743,0.31945271422987714,1.9298010050668453,5,6,5_6,2,1,1_2_6_5
626,-0.3822334713175402,1.9836022675228113,4,6,4_6,1,1,1_1_6_4
1721,0.551449907730925,0.40166969196953484,5,4,5_4,2,1,1_2_4_5
72,1.0980212198343045,1.1030231384868077,6,5,6_5,0,1,1_0_5_6
261,1.0210186559571817,-0.3795106646605877,6,6,6_6,0,0,0_0_6_6
272,-0.49267993746747907,-1.099271468567049,4,5,4_5,0,0,0_0_5_4
676,1.1687114345591452,2.5385345666435137,6,7,6_7,0,1,1_0_7_6
147,-0.39274940976968575,-1.282330404631471,4,5,4_5,0,0,0_0_5_4
1958,0.7009822166373534,-0.9219578798906765,6,5,6_5,3,0,0_3_5_6
900,0.4094762786855853,1.1283932919003918,5,5,5_5,1,1,1_1_5_5
315,0.8787895628137044,-2.0235144074723372,6,4,6_4,0,0,0_0_4_6
19,-0.6208217018916746,0.5119941767231426,4,4,4_4,0,1,1_0_4_4
1001,0.057102716735919004,-1.4814930746814574,5,4,5_4,1,0,0_1_4_5
770,0.9720662182487987,-2.498539017561623,6,3,6_3,1,0,0_1_3_6
720,-1.0291325183832933,0.09075425698362838,3,6,3_6,1,0,0_1_6_3
109,1.0324692985668655,0.3472705522559003,6,7,6_7,0,0,0_0_7_6
256,-0.41970605962926905,-0.3649825104302916,4,6,4_6,0,0,0_0_6_4
854,-1.092536439841803,-0.805593589543699,3,5,3_5,1,0,0_1_5_3
1166,-0.7068801475383636,0.12794195722598434,3,7,3_7,1,0,0_1_7_3
286,-1.5493091736618614,1.5271414581243252,2,5,2_5,0,1,1_0_5_2
125,1.4371387166390346,-0.02584719943659719,7,3,7_3,0,1,1_0_3_7
24,-0.8100619012746212,0.48257116303385694,3,7,3_7,0,0,0_0_7_3
1875,0.9073245742363376,1.4072440102636992,6,5,6_5,2,1,1_2_5_6
843,2.1283372203986017,0.6728334028774203,8,4,8_4,0,1,1_0_4_8
56,0.5054232161167075,2.448731288921672,5,7,5_7,0,1,1_0_7_5
120,-0.3341993085502213,2.875646053775279,4,8,4_8,0,1,1_0_8_4
597,-0.854871043240706,1.250084266960452,3,5,3_5,1,1,1_1_5_3
183,0.2014738970605807,0.47517356298634383,5,4,5_4,0,1,1_0_4_5
921,0.33005307746931867,-0.05851578955246539,5,6,5_6,1,0,0_1_6_5
266,-0.09204328949253814,2.1536094769949883,4,6,4_6,0,1,1_0_6_4
628,1.407687394138966,0.7654567971718798,7,4,7_4,0,1,1_0_4_7
280,-0.7195414330350709,-0.6030375135186232,3,6,3_6,0,0,0_0_6_3
251,0.5925952985563145,1.110681900351427,5,5,5_5,0,1,1_0_5_5
1448,0.26148402834846773,-0.11724849385462699,5,6,5_6,2,0,0_2_6_5
138,-0.531732234466472,-1.2601207042167584,4,5,4_5,0,0,0_0_5_4
358,-1.6198637951082873,-0.2290133590257385,2,6,2_6,0,0,0_0_6_2
721,1.92499294079582,1.2527304950821623,7,5,7_5,1,1,1_1_5_7
1504,0.0340869477361528,1.2622949430386148,5,5,5_5,2,1,1_2_5_5
282,0.2917685928515958,0.9604223154304409,5,5,5_5,0,1,1_0_5_5
1151,-0.09669623510679853,-1.0766860961073832,4,5,4_5,1,0,0_1_5_4
180,-0.6908433722642402,-0.8303736648829503,3,5,3_5,0,0,0_0_5_3
90,-0.38992459492370785,0.9459060384045517,4,5,4_5,0,1,1_0_5_4
254,1.0349028924367332,0.28846543667034474,6,7,6_7,0,0,0_0_7_6
1810,0.282726944502932,-0.28683802326086205,5,3,5_3,2,1,1_2_3_5
1636,-0.2333392230279139,1.9778999229158711,4,6,4_6,2,1,1_2_6_4
934,-0.8114379667866246,-2.84557319482544,3,2,3_2,1,0,0_1_2_3
1774,0.7165117321695006,1.4056864211512106,6,5,6_5,2,1,1_2_5_6
127,1.28213653037288,1.4338634112001694,6,5,6_5,0,1,1_0_5_6
1598,-1.188586638308494,1.7855006800825648,3,6,3_6,2,1,1_2_6_3
255,0.3120339254454711,1.2839051134831032,5,5,5_5,0,1,1_0_5_5
1903,-0.759942074456626,0.9368776887871508,3,5,3_5,2,1,1_2_5_3
378,-1.1767187957623921,1.5024844545833684,3,5,3_5,0,1,1_0_5_3
71,1.5061870124595849,1.2423814286721504,7,5,7_5,0,1,1_0_5_7
1474,-0.6567164499964017,-0.8170149322987121,4,5,4_5,2,0,0_2_5_4
879,-0.6857168938622088,-2.0874276486380174,3,4,3_4,1,0,0_1_4_3
1489,-0.5908784909613417,-1.9423758236507274,4,4,4_4,2,0,0_2_4_4
426,0.7518541405215076,-0.6849419797309495,6,2,6_2,0,1,1_0_2_6
1881,-1.0302177099869319,1.1951375498301458,3,5,3_5,2,1,1_2_5_3
643,0.4849899655934015,3.0021187846260236,5,8,5_8,0,1,1_0_8_5
188,0.5949123879124825,1.036581509348738,5,5,5_5,0,1,1_0_5_5
71,-1.7487663845939272,-1.136444939512851,2,5,2_5,0,0,0_0_5_2
721,-0.27122857374851944,-2.7754568919098315,4,3,4_3,1,0,0_1_3_4
530,0.042433855273644946,-1.6850510087800217,5,4,5_4,0,0,0_0_4_5
781,1.6645256524468706,-2.287078780173028,7,3,7_3,1,0,0_1_3_7
600,0.8626386449603355,3.017772471985153,6,8,6_8,0,1,1_0_8_6
782,-1.4242456802493848,0.4112497246019924,2,7,2_7,1,0,0_1_7_2
1227,-0.3297911059167049,0.4977795739188584,4,4,4_4,2,1,1_2_4_4
276,-0.4138453026696951,0.5655534503057242,4,7,4_7,0,0,0_0_7_4
1398,0.14495923545416042,0.15624950357338785,5,3,5_3,2,1,1_2_3_5
1553,-0.9587936873306723,-0.49813264700557514,3,6,3_6,2,0,0_2_6_3
393,0.17268929274736014,1.373447678885433,5,5,5_5,0,1,1_0_5_5
570,0.41826534303899526,0.9211937452567278,5,5,5_5,0,1,1_0_5_5
1828,-1.0977536657147795,1.1917562889554705,3,5,3_5,2,1,1_2_5_3
650,-1.5877714392109026,1.446370839058651,2,5,2_5,1,1,1_1_5_2
186,0.23082731978228846,0.03772000140565002,5,6,5_6,0,0,0_0_6_5
677,1.7737019591800285,0.4320429961601272,7,4,7_4,0,1,1_0_4_7
888,0.19087522026359624,1.7394214562816037,5,6,5_6,1,1,1_1_6_5
771,0.6034898251441343,1.5065013799515001,5,5,5_5,1,1,1_1_5_5
229,-0.4304598640262459,-0.9949515489701743,4,5,4_5,0,0,0_0_5_4
617,-0.035144823441910694,1.3243098464303824,4,5,4_5,0,1,1_0_5_4
45,0.11684975798451343,1.0330572201582693,5,5,5_5,0,1,1_0_5_5
12,-2.713354587240139,0.04173479456391127,1,3,1_3,0,1,1_0_3_1
316,-1.8391559755061633,-1.7883965094444756,2,4,2_4,0,0,0_0_4_2
1008,0.8866320561622737,-0.9900419474792675,6,5,6_5,1,0,0_1_5_6
1112,0.1841633784083867,-0.18829355681618754,5,6,5_6,1,0,0_1_6_5
807,-0.3661139579450802,-0.427293325187282,4,6,4_6,1,0,0_1_6_4
1433,-0.13512893258742686,1.9650139060808005,4,6,4_6,2,1,1_2_6_4
140,0.24583318985905023,-2.1092067436790742,5,3,5_3,0,0,0_0_3_5
1150,-1.5578041417103463,-1.4362134104777318,2,4,2_4,1,0,0_1_4_2
1840,0.672281530538875,0.9660957732505151,5,5,5_5,2,1,1_2_5_5
523,0.3411077352263646,-1.0268601600545053,5,1,5_1,0,1,1_0_1_5
613,-0.49885131020496654,-1.1530748244096238,4,5,4_5,1,0,0_1_5_4
451,-0.21878821866951412,-0.05835374614658839,4,3,4_3,0,1,1_0_3_4
787,-0.24220467217910954,-1.9116092278903716,4,4,4_4,1,0,0_1_4_4
340,1.137519449899546,2.136863497203314,6,6,6_6,0,1,1_0_6_6
1260,0.9306023772660346,0.8120763332742036,6,7,6_7,1,0,0_1_7_6
1542,-1.7645608730957423,-0.12709987147504886,2,3,2_3,2,1,1_2_3_2
311,0.07063247733873337,-2.5071538681636056,5,3,5_3,0,0,0_0_3_5
127,-1.0514171572160265,0.09017986530538002,3,6,3_6,0,0,0_0_6_3
46,-1.3459917362377265,-1.237923377564726,3,5,3_5,0,0,0_0_5_3
683,-0.6057056057394392,1.1677815918290662,4,5,4_5,0,1,1_0_5_4
1195,-0.14490563196990766,-1.6544860154804502,4,4,4_4,1,0,0_1_4_4
199,-1.2475674914149306,2.4501530589531617,3,7,3_7,0,1,1_0_7_3
1371,-0.2723338850742448,0.5984068908005196,4,4,4_4,2,1,1_2_4_4
1585,0.5430472267432369,-0.6615168315226014,5,2,5_2,2,1,1_2_2_5
714,-0.8078516038108174,0.4512179423644136,3,7,3_7,1,0,0_1_7_3
821,-0.6087763607237672,1.2863153552657003,4,5,4_5,1,1,1_1_5_4
1400,-0.559418485710291,-1.946572524762093,4,4,4_4,1,0,0_1_4_4
814,-1.7006206124896834,2.0715250146520647,2,6,2_6,1,1,1_1_6_2
217,1.5910134493092882,-0.7646966941935981,7,5,7_5,0,0,0_0_5_7
969,0.288643327285776,1.8842297105940804,5,6,5_6,1,1,1_1_6_5
376,-0.196433707417305,1.8831758896325703,4,6,4_6,0,1,1_0_6_4
848,-0.07005650120246718,1.3862980981908033,4,5,4_5,1,1,1_1_5_4
1604,-1.58039895048323,0.17746825033345814,2,3,2_3,2,1,1_2_3_2
517,0.9043929233034451,-0.6531661499254231,6,2,6_2,0,1,1_0_2_6
395,-0.3715421431473142,0.30420406366900365,4,4,4_4,0,1,1_0_4_4
1306,-0.030761031188641156,-2.2628284498035036,4,3,4_3,1,0,0_1_3_4
811,0.9757894726485004,-1.060020446155004,6,5,6_5,1,0,0_1_5_6
173,0.15339348078735193,0.002824526985912623,5,6,5_6,0,0,0_0_6_5
150,-0.9220016481210683,-0.20818715438230817,3,6,3_6,0,0,0_0_6_3
768,-0.5908096004012913,-1.9913146990319825,4,4,4_4,1,0,0_1_4_4
1285,-1.4677729052668573,1.2056868553317257,2,5,2_5,2,1,1_2_5_2
459,1.529766552513087,-1.9830530121886012,7,4,7_4,1,0,0_1_4_7
1434,0.7442123880449804,-0.7851819925436488,6,5,6_5,1,0,0_1_5_6
175,-1.4010866741201864,-0.5718980596590181,2,6,2_6,0,0,0_0_6_2
302,-0.34859892631276734,-1.414721644524359,4,4,4_4,0,0,0_0_4_4
1231,-0.5218413303408703,-0.5960311169041307,4,6,4_6,1,0,0_1_6_4
76,-0.7596342788262157,-1.8294887233474757,3,4,3_4,0,0,0_0_4_3
43,-1.6184643063330095,-1.6071971852553313,2,4,2_4,0,0,0_0_4_2
1641,-1.525029977276487,2.0847476247002676,2,6,2_6,2,1,1_2_6_2
1669,1.4982729250209015,-0.3252567564302977,7,3,7_3,2,1,1_2_3_7
1859,-0.844635701528239,2.1334610460907832,3,6,3_6,2,1,1_2_6_3
749,1.2980548117270359,0.7332974370426885,6,4,6_4,0,1,1_0_4_6
1992,-0.8455536063128041,2.556157053327426,3,7,3_7,2,1,1_2_7_3
176,1.7841266004810423,0.6120267818743619,7,4,7_4,0,1,1_0_4_7
1114,-0.4292700602195959,-0.08627905079402454,4,6,4_6,1,0,0_1_6_4
123,0.4450553802946709,0.6935630731481257,5,4,5_4,0,1,1_0_4_5
596,1.918830699348324,-1.991242121628455,7,4,7_4,1,0,0_1_4_7
1081,0.9964041269532884,-0.09840245200179498,6,6,6_6,1,0,0_1_6_6
265,0.4290676214341151,-1.89769041939418,5,4,5_4,0,0,0_0_4_5
226,0.047173025124550225,-0.9907518109882582,5,5,5_5,0,0,0_0_5_5
1340,-1.154286014754776,-0.4207237923399776,3,6,3_6,1,0,0_1_6_3
826,1.6230613482249954,2.6269680845754784,7,7,7_7,0,1,1_0_7_7
217,-0.5871921340912303,0.13963986047268406,4,3,4_3,0,1,1_0_3_4
1948,-0.5724549335898237,0.07485650844922165,4,6,4_6,3,0,0_3_6_4
1191,2.6738418229056173,-2.035892066750237,8,4,8_4,1,0,0_1_4_8
711,0.1431996210530968,1.4042508713136648,5,5,5_5,1,1,1_1_5_5
994,0.5778738321034502,0.4064195666560174,5,4,5_4,1,1,1_1_4_5
1909,-0.8473779679690611,0.28401383686805215,3,4,3_4,2,1,1_2_4_3
1339,0.3651566527104858,-0.4702517719471647,5,6,5_6,2,0,0_2_6_5
634,-0.14928059655629597,-0.27754330555624285,4,3,4_3,1,1,1_1_3_4
1452,1.7900924148934703,-0.06210907584944492,7,6,7_6,1,0,0_1_6_7
750,0.009816918944696705,0.1122559289174011,4,3,4_3,1,1,1_1_3_4
415,-1.5246914035551886,2.109599711514659,2,6,2_6,0,1,1_0_6_2
1531,1.0818758772218542,-1.0844989357573134,6,5,6_5,2,0,0_2_5_6
1892,0.8953500429477302,0.8246448489932772,6,4,6_4,2,1,1_2_4_6
938,-0.37582213103696055,-1.9879002139204223,4,4,4_4,1,0,0_1_4_4
1657,-0.16909093131404235,1.6915391283864756,4,6,4_6,2,1,1_2_6_4
1378,-0.265181652853597,0.767618321298412,4,4,4_4,2,1,1_2_4_4
793,0.10037496463565779,-1.4256852758447525,5,4,5_4,1,0,0_1_4_5
859,1.9233085048846141,-2.6366423716380343,7,3,7_3,1,0,0_1_3_7
32,-0.01721776868272681,0.9621142589559317,4,5,4_5,0,1,1_0_5_4
788,-0.024439450852425708,-1.581230386960648,4,4,4_4,1,0,0_1_4_4
1907,1.4877990227175284,0.8336813217767941,7,4,7_4,2,1,1_2_4_7
484,-1.0183279279828676,0.6732122966295435,3,4,3_4,0,1,1_0_4_3
1526,-1.0512768588235524,1.0971334141503672,3,5,3_5,2,1,1_2_5_3
869,0.23365540449580957,0.397454145966576,5,4,5_4,1,1,1_1_4_5
1537,0.58216970237727,2.4182775237933014,5,7,5_7,2,1,1_2_7_5
362,-1.0576733511148702,0.33689648547408235,3,4,3_4,0,1,1_0_4_3
1620,-0.3368200166960571,0.470961777831595,4,4,4_4,2,1,1_2_4_4
892,1.744479480904907,2.1791285643894893,7,6,7_6,2,1,1_2_6_7
685,0.8098505058668073,0.11339666057969588,6,3,6_3,1,1,1_1_3_6
1411,0.5089352069655185,-1.2997355483624946,5,5,5_5,2,0,0_2_5_5
870,-0.3358875885003289,-1.6787902890047417,4,4,4_4,1,0,0_1_4_4
529,1.2266186316396426,0.9739975455605278,6,5,6_5,0,1,1_0_5_6
1269,-1.5988871760053651,0.4254429932112088,2,4,2_4,2,1,1_2_4_2
412,0.05892279776451268,-1.9643092974601903,5,4,5_4,0,0,0_0_4_5
87,-2.5113441371128364,0.6775618492486027,1,4,1_4,0,1,1_0_4_1
875,-0.7164737200736042,-1.7146692657062435,3,4,3_4,1,0,0_1_4_3
1358,0.7306130663717776,-0.5407941195605501,6,6,6_6,2,0,0_2_6_6
198,-0.652113137274113,-0.49716192910895407,4,6,4_6,0,0,0_0_6_4
324,-1.2259750436735652,-0.31581887029436995,3,6,3_6,0,0,0_0_6_3
671,0.193209343258056,0.8892544859793226,5,4,5_4,0,1,1_0_4_5
983,-0.8338672502425571,1.9970925298778535,3,6,3_6,1,1,1_1_6_3
1007,0.45544807937582715,-0.9484788261880894,5,2,5_2,1,1,1_1_2_5
1142,-1.3930976410490754,-2.398777027473323,2,3,2_3,1,0,0_1_3_2
305,-0.6956001255678522,1.4618661736925271,3,5,3_5,0,1,1_0_5_3
1290,-0.3044057131636442,0.10726200126519747,4,6,4_6,1,0,0_1_6_4
720,1.9830445837060378,1.287659176798321,7,5,7_5,0,1,1_0_5_7
80,1.8244110989804534,0.028963621478934498,7,3,7_3,0,1,1_0_3_7
1982,0.04512072170175867,0.4192377848859329,5,4,5_4,2,1,1_2_4_5
1923,2.68044845633218,0.8688642899455821,8,4,8_4,2,1,1_2_4_8
212,0.49103111230042334,1.855522004901892,5,6,5_6,0,1,1_0_6_5
663,0.3557360972091764,0.23487409994690056,5,3,5_3,1,1,1_1_3_5
264,-0.183027948640812,0.6897077299985765,4,4,4_4,0,1,1_0_4_4
1592,1.0999989817627127,0.14451089103778414,6,3,6_3,2,1,1_2_3_6
664,-1.2319333582942322,-0.6136622733772732,3,6,3_6,1,0,0_1_6_3
976,1.3847751960522214,-1.8995811323740104,6,4,6_4,1,0,0_1_4_6
586,1.0171718631695483,1.0160451301642803,6,5,6_5,0,1,1_0_5_6
1568,-0.9376112212964669,-0.8509771437604883,3,5,3_5,2,0,0_2_5_3
1458,-0.8524460195357403,-0.778588290948512,3,5,3_5,2,0,0_2_5_3
1113,0.001393524667076736,-1.607576790798865,4,4,4_4,1,0,0_1_4_4
1742,0.33800470411556804,0.5850742057160012,5,4,5_4,2,1,1_2_4_5
1929,-0.5732679152336095,2.2012774669126216,4,7,4_7,2,1,1_2_7_4
1216,0.2738729876407894,-0.8431522554958635,5,5,5_5,1,0,0_1_5_5
1309,-0.4461068277276136,2.7359110240682147,4,7,4_7,2,1,1_2_7_4
70,0.7549550138933,0.8476381112431517,6,4,6_4,0,1,1_0_4_6
602,1.3207981410374319,1.2036961304237923,6,5,6_5,0,1,1_0_5_6
861,1.3285204398848962,-1.2493143591809397,6,5,6_5,1,0,0_1_5_6
1834,0.23737128292779627,1.3390637641424359,5,5,5_5,2,1,1_2_5_5
943,-0.06294364006457233,0.6464797766883286,4,7,4_7,1,0,0_1_7_4
1853,-0.6432524295361797,1.2745162801537508,4,5,4_5,2,1,1_2_5_4
209,-0.16069777903732851,0.8124102946810305,4,4,4_4,0,1,1_0_4_4
424,0.6462085212980911,0.48500447079582365,5,4,5_4,0,1,1_0_4_5
1912,0.26308436021403375,0.5349533026319016,5,4,5_4,2,1,1_2_4_5
1479,1.0546386955249762,0.5220983660236275,6,4,6_4,2,1,1_2_4_6
1017,0.7386459800737245,-1.178945749408974,6,5,6_5,1,0,0_1_5_6
189,0.3711400496606866,1.4832462441452339,5,5,5_5,0,1,1_0_5_5
1626,0.05880188883527671,0.4553979755493367,5,4,5_4,2,1,1_2_4_5
281,-0.3103220484642241,-0.5858141560397996,4,6,4_6,0,0,0_0_6_4
1369,0.7194647867039285,-1.1424185185663283,6,5,6_5,1,0,0_1_5_6
1302,-1.0672553434870473,-1.3737691262345324,3,4,3_4,1,0,0_1_4_3
1035,0.45867471411490807,-3.406116899544375,5,2,5_2,1,0,0_1_2_5
73,0.27925805888906136,0.13502725371817992,5,3,5_3,0,1,1_0_3_5
1659,1.2462593732299576,2.882166598170395,6,8,6_8,2,1,1_2_8_6
435,1.1283313837466193,1.6988049143143882,6,6,6_6,0,1,1_0_6_6
1755,0.7307040498241791,0.3127738351062116,6,4,6_4,2,1,1_2_4_6
50,-0.7162630064037957,1.9620005318430944,3,6,3_6,0,1,1_0_6_3
1456,0.44997227088755826,1.1835994640362424,5,5,5_5,2,1,1_2_5_5
1304,0.8866178406782503,-0.37979556507217305,6,6,6_6,1,0,0_1_6_6
1296,-0.3142709919545283,-0.9679363054435717,4,5,4_5,1,0,0_1_5_4
1125,0.47001602370167883,-0.9603054824842743,5,5,5_5,1,0,0_1_5_5
1701,0.8603122980560003,0.13763312735479116,6,3,6_3,2,1,1_2_3_6
1627,-0.8281796883534562,2.5613423783462355,3,7,3_7,2,1,1_2_7_3
1267,-0.6892961055587695,-1.6753050033180914,3,4,3_4,1,0,0_1_4_3
1335,0.35108694922245876,-0.9301389156972814,5,5,5_5,1,0,0_1_5_5
1262,-1.004414999422772,-1.7429806901213944,3,4,3_4,1,0,0_1_4_3
1459,0.9337883129762311,-1.0719621003209554,6,5,6_5,1,0,0_1_5_6
267,0.946360642629383,0.19875399003392835,6,3,6_3,0,1,1_0_3_6
1909,0.06585888119417642,-1.7127086945376573,5,4,5_4,3,0,0_3_4_5
218,1.2268448314441602,-0.38506429749741544,6,6,6_6,0,0,0_0_6_6
1128,-0.517892305679744,-0.6456805638804226,4,5,4_5,1,0,0_1_5_4
1380,0.8198348048357246,-1.4196272646809756,6,4,6_4,2,0,0_2_4_6
627,0.0696355803049209,-0.6481481301271494,5,5,5_5,1,0,0_1_5_5
726,0.12804061425150345,-0.9766155851966197,5,5,5_5,1,0,0_1_5_5
102,0.9021479618790755,1.1602267063174243,6,5,6_5,0,1,1_0_5_6
1404,0.37259356149023076,-1.427381011540136,5,4,5_4,1,0,0_1_4_5
1247,0.15664249006183117,-0.3332543367170272,5,6,5_6,1,0,0_1_6_5
1097,0.488553180250236,0.8171292310120777,5,7,5_7,1,0,0_1_7_5
1969,0.037517082152731494,-0.5473938736626245,5,6,5_6,3,0,0_3_6_5
1355,-0.15307910246034706,-0.5424294113007959,4,6,4_6,2,0,0_2_6_4
1440,1.184780005451424,0.1771734327601966,6,7,6_7,1,0,0_1_7_6
1007,-2.0796839055061396,-0.2222350220574667,1,6,1_6,1,0,0_1_6_1
927,-1.0371786343286984,-2.093551366525067,3,4,3_4,1,0,0_1_4_3
1822,-0.4967713771035479,1.4800225387924264,4,5,4_5,2,1,1_2_5_4
1808,0.0033349814236092287,-0.1394537312464117,4,3,4_3,2,1,1_2_3_4
238,-0.27821028669820164,0.7197716606442335,4,4,4_4,0,1,1_0_4_4
1190,-0.3285846924390001,-1.80350962210472,4,4,4_4,1,0,0_1_4_4
930,0.8632792612614606,-0.65699714757038,6,5,6_5,1,0,0_1_5_6
963,-0.07866769784757313,1.4187395477744382,4,5,4_5,1,1,1_1_5_4
1573,0.3620152857613247,0.3784818821345667,5,4,5_4,2,1,1_2_4_5
1849,-0.47352769832783714,-0.42538121541693186,4,2,4_2,2,1,1_2_2_4
1344,1.01768450989486,-1.4096407814851346,6,4,6_4,1,0,0_1_4_6
185,-0.8678508360806693,0.5573881199880404,3,7,3_7,0,0,0_0_7_3
234,-0.8357044736200006,0.6264043314792325,3,4,3_4,0,1,1_0_4_3
1211,-1.4818518170604082,0.5165124337612716,2,4,2_4,2,1,1_2_4_2
89,-0.11045302283247797,0.5546646330701877,4,4,4_4,0,1,1_0_4_4
1720,-0.3986452862519609,0.614460455751308,4,4,4_4,2,1,1_2_4_4
816,-0.9211620241170325,-0.144333603103607,3,6,3_6,1,0,0_1_6_3
954,0.5912880525420813,-0.5154590042513786,5,6,5_6,1,0,0_1_6_5
1431,-0.24056928033472136,2.555187374087123,4,7,4_7,2,1,1_2_7_4
727,1.9998513856728013,-0.6386308338138902,7,5,7_5,1,0,0_1_5_7
1845,1.667796462242323,0.5680143370638753,7,4,7_4,2,1,1_2_4_7
952,0.47660407846497604,1.9588245333478886,5,6,5_6,1,1,1_1_6_5
1628,-1.0492414009794477,1.0344435301452592,3,8,3_8,1,0,0_1_8_3
785,1.0766375379763773,2.7401035051472364,6,7,6_7,1,1,1_1_7_6
132,1.958990786410538,1.8686701897408926,7,6,7_6,0,1,1_0_6_7
365,-0.6412745553529111,-2.3511924911654463,4,3,4_3,0,0,0_0_3_4
1786,0.3732234782652773,0.774591589070845,5,4,5_4,2,1,1_2_4_5
238,0.39528672416460237,-1.251792084123461,5,5,5_5,0,0,0_0_5_5
1877,0.13999942467174004,1.2041577115172308,5,5,5_5,2,1,1_2_5_5
872,0.7692267485568829,1.1465758247466669,6,5,6_5,1,1,1_1_5_6
1018,-0.471005881858527,-0.3355101221755048,4,6,4_6,1,0,0_1_6_4
937,0.028958954390874495,-0.5746363883228522,5,2,5_2,0,1,1_0_2_5
1628,0.796863892381377,0.8013958045288239,6,4,6_4,2,1,1_2_4_6
1438,-0.43890827631119966,1.1443973421598674,4,5,4_5,2,1,1_2_5_4
419,-0.36682652343135846,2.2475496699476993,4,7,4_7,0,1,1_0_7_4
458,-0.22085623789969266,2.817460063694642,4,7,4_7,0,1,1_0_7_4
1258,-0.4912993631765331,0.6073656708320121,4,4,4_4,2,1,1_2_4_4
986,1.0093115331260512,0.34085540602710807,6,4,6_4,1,1,1_1_4_6
355,-0.08694737824057344,-1.150168541769687,4,5,4_5,0,0,0_0_5_4
862,1.5896634462056656,1.4025426374596253,7,5,7_5,1,1,1_1_5_7
654,0.8345563527808946,-2.6270428393737673,6,3,6_3,1,0,0_1_3_6
380,-1.1304439598539715,1.272097020758701,3,5,3_5,0,1,1_0_5_3
728,-0.20178486910612514,1.8870580070430005,4,6,4_6,1,1,1_1_6_4
1672,0.32181958617153966,1.72606419085965,5,6,5_6,2,1,1_2_6_5
8,-1.3053058745534543,1.7487457707345913,3,6,3_6,0,1,1_0_6_3
323,0.2592015299824712,1.4572590589553438,5,5,5_5,0,1,1_0_5_5
3,-1.1047636949720363,1.4204452380655215,3,5,3_5,0,1,1_0_5_3
1185,-1.4134552292903084,-1.2927032177709643,2,5,2_5,1,0,0_1_5_2
194,1.740260484697151,1.249917579851222,7,5,7_5,0,1,1_0_5_7
1086,-0.35249569053736596,-1.8929641389406138,4,4,4_4,1,0,0_1_4_4
1588,1.1063233240019146,1.6526589102116325,6,6,6_6,2,1,1_2_6_6
204,0.48923504770818693,2.1888306785373706,5,6,5_6,0,1,1_0_6_5
1821,-1.2028152995309949,0.770207479369106,3,4,3_4,2,1,1_2_4_3
239,-0.14850007141868407,-2.825471064936207,4,3,4_3,0,0,0_0_3_4
284,0.7294590968317025,-0.7807734198334356,6,5,6_5,0,0,0_0_5_6
19,-0.45184005248367365,-1.880646517927797,4,4,4_4,0,0,0_0_4_4
1956,0.8091995513794166,-0.7179011344036021,6,5,6_5,3,0,0_3_5_6
151,-0.1713526391793575,-0.813928769904867,4,2,4_2,0,1,1_0_2_4
1752,-0.29305724007873174,1.370415570131238,4,5,4_5,2,1,1_2_5_4
149,0.04702072067414639,-0.388062054360506,5,6,5_6,0,0,0_0_6_5
1014,1.9390586238092857,2.055790401389666,7,6,7_6,2,1,1_2_6_7
1437,-1.4247234854218402,-0.5047930822087296,2,6,2_6,1,0,0_1_6_2
142,-0.66173487693197,-0.00045382702632845717,4,6,4_6,0,0,0_0_6_4
88,0.7499009721050236,-2.48119161829724,6,3,6_3,0,0,0_0_3_6
732,0.4768135294330973,-2.2134806585227524,5,3,5_3,1,0,0_1_3_5
248,1.5871085310321906,-1.1422787858407133,7,5,7_5,0,0,0_0_5_7
293,1.2214047586401602,0.0963419452871207,6,3,6_3,0,1,1_0_3_6
730,-1.6595851269919648,-0.19879524463476317,2,6,2_6,1,0,0_1_6_2
1722,-0.5958504853151794,-0.012554543353723302,4,3,4_3,2,1,1_2_3_4
308,-0.7347351365771222,-1.962156349736473,3,4,3_4,0,0,0_0_4_3
1817,0.5811102762719995,2.228738741472853,5,7,5_7,2,1,1_2_7_5
1264,-0.5650398093369938,0.9001704756836569,4,4,4_4,2,1,1_2_4_4
873,-0.14498188738655599,0.992581180417767,4,5,4_5,1,1,1_1_5_4
1064,0.45299845325416255,-0.2892441826930009,5,6,5_6,1,0,0_1_6_5
237,-0.3833176659758794,1.4538858794596456,4,5,4_5,0,1,1_0_5_4
43,-0.1523118836675464,1.272128869412488,4,5,4_5,0,1,1_0_5_4
884,-0.27548779153366826,-1.543380363711099,4,4,4_4,1,0,0_1_4_4
1689,-0.1199913068069723,2.228812012182094,4,7,4_7,2,1,1_2_7_4
1681,-0.5098822019718643,1.5312957168648915,4,5,4_5,2,1,1_2_5_4
1842,0.22412398949111859,0.4095118181019466,5,4,5_4,2,1,1_2_4_5
348,0.8832754683190821,-0.2500798351337994,6,3,6_3,0,1,1_0_3_6
1980,0.20352148623383232,0.030393409656744197,5,6,5_6,3,0,0_3_6_5
1410,-0.01824959619947608,0.19583931214494132,4,7,4_7,2,0,0_2_7_4
1748,1.7294507836207171,1.778255903674282,7,6,7_6,2,1,1_2_6_7
1680,-0.5185584563480103,0.5576166026111191,4,4,4_4,2,1,1_2_4_4
258,-1.6444838681860965,1.9284215804413862,2,6,2_6,0,1,1_0_6_2
110,2.4237412987668594,0.058586713549015346,8,3,8_3,0,1,1_0_3_8
1214,-0.18720303171055425,-2.168659253188942,4,3,4_3,1,0,0_1_3_4
1671,-0.66946581337777,0.8756002626496986,4,4,4_4,2,1,1_2_4_4
688,-0.05641836352596282,-1.2007301032292776,4,5,4_5,1,0,0_1_5_4
1726,-0.9086083408961,1.3116062562953261,3,5,3_5,2,1,1_2_5_3
118,1.9962701542196297,0.6749479011936212,7,4,7_4,0,1,1_0_4_7
941,-1.6185075858237616,-0.286385976094353,2,6,2_6,1,0,0_1_6_2
1843,0.072816345115587,2.206415870287258,5,7,5_7,2,1,1_2_7_5
1237,0.756868695417596,0.4188708235907914,6,7,6_7,1,0,0_1_7_6
1656,-0.925205769912631,0.06090910925115611,3,3,3_3,2,1,1_2_3_3
1131,1.9474747967918702,-0.2781682296020245,7,6,7_6,1,0,0_1_6_7
1718,-0.5053631527534317,1.2394938616493083,4,5,4_5,2,1,1_2_5_4
1577,2.068070915285721,0.6975170309945589,7,4,7_4,2,1,1_2_4_7
1198,-1.6394659356884103,-2.470242348495823,2,3,2_3,1,0,0_1_3_2
754,0.03129874384570064,-0.751078310677526,5,5,5_5,1,0,0_1_5_5
733,0.19401344093450637,0.3193887532274282,5,7,5_7,1,0,0_1_7_5
1220,-0.6504629271045249,-1.5256055398297264,4,4,4_4,1,0,0_1_4_4
911,-1.3050111951178445,-1.5920458874811363,3,4,3_4,1,0,0_1_4_3
47,-0.8019054609345444,-1.1318150476902644,3,5,3_5,0,0,0_0_5_3
698,-0.19790828422924675,0.4062650902959254,4,4,4_4,1,1,1_1_4_4
1883,-0.25058134493423473,0.8750887019417329,4,4,4_4,3,1,1_3_4_4
446,-0.009429540003214113,0.3533929322813246,4,4,4_4,0,1,1_0_4_4
510,-0.4891793244685088,1.4161801684774495,4,5,4_5,0,1,1_0_5_4
1285,0.33525104464979905,-1.5689653862188486,5,4,5_4,1,0,0_1_4_5
852,-0.8781428173332712,0.06839275105426035,3,6,3_6,1,0,0_1_6_3
1424,1.6596122342802078,-1.0179492668680574,7,5,7_5,1,0,0_1_5_7
823,0.24398357191230183,0.897495118243151,5,8,5_8,1,0,0_1_8_5
171,-0.6786538542652935,0.026092668093023574,3,3,3_3,0,1,1_0_3_3
1043,0.7910106483086612,-0.3214483417572359,6,6,6_6,1,0,0_1_6_6
1475,-0.2900867679049397,-0.6098221547946951,4,2,4_2,2,1,1_2_2_4
1804,-2.0571287369425537,1.1380306222054846,1,5,1_5,2,1,1_2_5_1
57,0.5568594506329635,0.3714694572870232,5,7,5_7,0,0,0_0_7_5
1502,0.07734913691011687,-2.0707190946207072,5,4,5_4,2,0,0_2_4_5
1601,-0.71822466259747,1.3462594920695121,3,5,3_5,2,1,1_2_5_3
480,0.04040774478725186,1.3913623213601605,5,5,5_5,0,1,1_0_5_5
1130,-0.5599997813792247,-0.5959447898351029,4,6,4_6,1,0,0_1_6_4
466,-0.3644408832540841,-0.5335662209770694,4,6,4_6,0,0,0_0_6_4
797,-0.07299419943001907,-0.5383490551498757,4,6,4_6,1,0,0_1_6_4
1798,0.36037424936037976,0.41494276126573404,5,4,5_4,2,1,1_2_4_5
537,-0.11988461779134829,2.1436098002700197,4,6,4_6,0,1,1_0_6_4
181,1.1255182013277287,-1.1103197937076685,6,5,6_5,0,0,0_0_5_6
129,0.9065039406727896,1.0543905443594925,6,5,6_5,0,1,1_0_5_6
311,0.0594095588207805,-0.1494466412305686,5,3,5_3,0,1,1_0_3_5
396,0.22996924460474696,0.9528929144122595,5,5,5_5,0,1,1_0_5_5
1156,-0.9865844045389237,-0.2656802426228425,3,6,3_6,1,0,0_1_6_3
1646,1.3200228804611878,2.4711592733235603,6,7,6_7,2,1,1_2_7_6
996,0.5680524191440843,-0.7722288885231972,5,2,5_2,1,1,1_1_2_5
1037,-0.41265500999974664,-2.489959633576451,4,3,4_3,1,0,0_1_3_4
1602,1.4793092055652939,1.4621287475116609,7,5,7_5,2,1,1_2_5_7
101,0.328536879721502,-1.1209486372016693,5,5,5_5,0,0,0_0_5_5
1538,-0.06905604110087146,-0.7253302604412548,4,2,4_2,2,1,1_2_2_4
822,1.3102220862996248,-0.3063082371349991,6,6,6_6,1,0,0_1_6_6
606,0.957697109846399,0.44993353088312793,6,4,6_4,0,1,1_0_4_6
1384,1.5311971803292896,-0.8148118190633572,7,5,7_5,1,0,0_1_5_7
436,-0.7280621533406701,0.30805289691279747,3,4,3_4,0,1,1_0_4_3
1093,0.1701620479420871,-1.3030694827528917,5,5,5_5,1,0,0_1_5_5
351,1.2356687726802729,0.9564087275543391,6,5,6_5,0,1,1_0_5_6
1757,0.5690812476039359,0.24633828514720457,5,3,5_3,2,1,1_2_3_5
1799,-0.3525676926141672,1.572384282865618,4,6,4_6,2,1,1_2_6_4
849,1.8010810930127876,-0.06267902270569836,7,6,7_6,1,0,0_1_6_7
387,-0.4555992540281421,0.6366813333796214,4,4,4_4,0,1,1_0_4_4
1050,0.483314484417949,-1.6495399971408453,5,4,5_4,1,0,0_1_4_5
20,0.3060493142559811,-1.656285010929031,5,4,5_4,0,0,0_0_4_5
35,0.16946763114435995,0.6038096695269073,5,4,5_4,0,1,1_0_4_5
1222,2.0803211316383177,-0.9693444437924044,8,5,8_5,1,0,0_1_5_8
769,0.3305752399484006,-0.39862842887455874,5,6,5_6,1,0,0_1_6_5
1562,1.3725076289512792,-0.7302011661247341,6,2,6_2,2,1,1_2_2_6
447,1.5624435589040906,1.8365690029317672,7,6,7_6,0,1,1_0_6_7
1405,0.10167726913503806,-0.33588597402106524,5,6,5_6,2,0,0_2_6_5
193,0.45641481148304996,-1.352950842362128,5,5,5_5,0,0,0_0_5_5
75,0.04545625840448399,0.062075787785561554,5,6,5_6,0,0,0_0_6_5
1908,-1.2405281282123626,1.6837397536358178,3,6,3_6,2,1,1_2_6_3
1525,-0.8167098796669092,-0.2879797810998094,3,6,3_6,2,0,0_2_6_3
807,1.1183124181801083,2.1865701797511488,6,6,6_6,1,1,1_1_6_6
1386,-1.1585299903754684,0.09488953122261312,3,3,3_3,2,1,1_2_3_3
961,1.3998344505425329,0.39272726364313004,7,4,7_4,1,1,1_1_4_7
1281,-0.6730831855796247,0.6747850053061695,4,7,4_7,1,0,0_1_7_4
1572,-0.3421968344060349,0.44989443223562653,4,4,4_4,2,1,1_2_4_4
638,-0.3927497027271201,0.3866900447584518,4,4,4_4,1,1,1_1_4_4
871,-0.09193157419098946,0.2940487668324958,4,7,4_7,1,0,0_1_7_4
560,-0.7129541320690762,0.6340008945226248,3,4,3_4,1,1,1_1_4_3
1501,0.6616370346577393,1.8790738118131123,5,6,5_6,2,1,1_2_6_5
1255,-0.28561770875606457,-2.027750299859152,4,4,4_4,1,0,0_1_4_4
1801,-0.31219166961408495,0.9754150206482398,4,5,4_5,2,1,1_2_5_4
617,0.37055608937521406,-0.6295696236300088,5,5,5_5,1,0,0_1_5_5
645,0.5367662106443957,1.7520990806911314,5,6,5_6,0,1,1_0_6_5
340,1.126589293992501,-1.334893862230195,6,5,6_5,0,0,0_0_5_6
894,-0.0753205044216276,-3.144617684062184,4,2,4_2,1,0,0_1_2_4
296,-0.3372334735036578,1.7457794743624686,4,6,4_6,0,1,1_0_6_4
1023,0.5016774196620075,-1.5902450296863335,5,4,5_4,1,0,0_1_4_5
589,-1.6684023643204162,2.0006409423733347,2,6,2_6,0,1,1_0_6_2
802,1.237796359141305,-1.8347627704359823,6,4,6_4,1,0,0_1_4_6
962,-0.4189306636304768,1.075077892176051,4,5,4_5,1,1,1_1_5_4
275,0.38811107869620637,-0.4099135658948312,5,6,5_6,0,0,0_0_6_5
394,0.3535683927840651,2.588412097484749,5,7,5_7,0,1,1_0_7_5
880,0.17551708075958974,-0.4920489584580787,5,2,5_2,0,1,1_0_2_5
1053,-1.2968552999791303,-0.5335476481630715,3,6,3_6,1,0,0_1_6_3
1841,-0.7289741480846905,2.1996454830879406,3,7,3_7,2,1,1_2_7_3
890,-1.5810106697635893,1.6244451117724275,2,6,2_6,1,1,1_1_6_2
1952,-0.7844059851936652,0.46767577615978884,3,4,3_4,2,1,1_2_4_3
1522,-1.711048499215764,0.9323630078400713,2,5,2_5,2,1,1_2_5_2
107,0.32220222538928245,-0.4889771953323333,5,6,5_6,0,0,0_0_6_5
392,-0.9557851515403808,-0.014276554896968552,3,3,3_3,0,1,1_0_3_3
95,0.2688488736967077,0.795233883166133,5,4,5_4,0,1,1_0_4_5
330,0.2534867572750305,-1.9195491696517337,5,4,5_4,0,0,0_0_4_5
1677,1.0189285917925706,1.69677345489485,6,6,6_6,2,1,1_2_6_6
25,0.37242595487274666,-2.829604023445351,5,3,5_3,0,0,0_0_3_5
1446,0.1290752699940727,0.6622042525811085,5,7,5_7,1,0,0_1_7_5
846,0.01043391922096387,-1.9484394199859283,4,4,4_4,1,0,0_1_4_4
1460,0.38734068565927715,1.4945397663266917,5,5,5_5,2,1,1_2_5_5
1967,-0.01598078019532333,0.47270076526610294,4,4,4_4,3,1,1_3_4_4
306,0.8214716124232444,-0.5269698246025379,6,6,6_6,0,0,0_0_6_6
1464,1.5614940417696261,1.529032627491839,7,5,7_5,2,1,1_2_5_7
1462,0.3442462605812905,-1.4492408606085752,5,4,5_4,1,0,0_1_4_5
1540,-0.4100638225825736,1.983833747174225,4,6,4_6,2,1,1_2_6_4
68,1.1496711537872166,1.6092164928327408,6,6,6_6,0,1,1_0_6_6
1188,0.2698882655093392,-0.26910453846109794,5,6,5_6,1,0,0_1_6_5
1712,0.9264868109514034,3.467246400590262,6,8,6_8,2,1,1_2_8_6
219,0.5251858398108775,0.9179833750866174,5,5,5_5,0,1,1_0_5_5
1664,0.4209126633885621,1.5680439618562256,5,6,5_6,2,1,1_2_6_5
1354,0.6121817210438332,-0.9020290838767222,5,5,5_5,1,0,0_1_5_5
1014,0.4098441074395767,-1.3264255172878419,5,5,5_5,1,0,0_1_5_5
434,0.6544130047686157,1.305768057377556,5,5,5_5,0,1,1_0_5_5
35,-0.8557583251258939,0.0068567707070839035,3,6,3_6,0,0,0_0_6_3
1249,-0.36273398656032235,0.2796137145729112,4,7,4_7,1,0,0_1_7_4
1772,0.4277651607977095,2.9416769432809233,5,8,5_8,2,1,1_2_8_5
332,-0.387483409386248,0.9553531353075221,4,5,4_5,0,1,1_0_5_4
715,1.2282703665606491,-0.2014302781753362,6,6,6_6,1,0,0_1_6_6
374,0.9962471170888838,1.0163624560886821,6,5,6_5,0,1,1_0_5_6
1696,0.03213758566227823,-0.08089879292515922,5,3,5_3,2,1,1_2_3_5
147,-0.9412367728393498,2.09289281055875,3,6,3_6,0,1,1_0_6_3
1240,1.084055944243048,0.04929433232771463,6,6,6_6,1,0,0_1_6_6
1910,-1.0157473498177871,-0.51558747359909,3,2,3_2,2,1,1_2_2_3
922,-0.8362452807646749,-0.1500128876487502,3,6,3_6,1,0,0_1_6_3
1442,-0.47785836248061037,1.3022112298679351,4,5,4_5,2,1,1_2_5_4
1710,1.0787147697618384,1.7297550115357907,6,6,6_6,2,1,1_2_6_6
1218,-1.6588179543752464,-0.8808712291261488,2,5,2_5,1,0,0_1_5_2
1121,-0.09845817023145656,-0.7992873534769118,4,5,4_5,1,0,0_1_5_4
1346,0.7718392634641915,-1.245712081573145,6,5,6_5,1,0,0_1_5_6
53,2.1046886937947096,-0.09897276303640634,8,3,8_3,0,1,1_0_3_8
1411,0.39734840464012827,1.2054338979857029,5,5,5_5,2,1,1_2_5_5
500,1.4785717668157812,0.10368249095191395,7,3,7_3,0,1,1_0_3_7
1243,0.07536649987956325,-1.0177293774736025,5,5,5_5,1,0,0_1_5_5
1416,-0.007847180775501481,-2.062160664185129,4,4,4_4,1,0,0_1_4_4
1513,-0.44663936487485273,-1.574161380941919,4,4,4_4,2,0,0_2_4_4
1614,-0.19395982627737804,-0.8462075204294512,4,2,4_2,2,1,1_2_2_4
330,-0.08297715657860681,0.2938247250969773,4,4,4_4,0,1,1_0_4_4
1728,-1.3171562713166103,0.46793450309984286,3,4,3_4,2,1,1_2_4_3
796,1.1002671953407837,0.626578749618408,6,4,6_4,1,1,1_1_4_6
274,1.9105174938652754,-1.9537264726805303,7,4,7_4,0,0,0_0_4_7
49,-1.5148118983279721,0.744209968600609,2,4,2_4,0,1,1_0_4_2
511,0.12106525547516382,0.7486928002678223,5,4,5_4,0,1,1_0_4_5
706,0.2083683297307662,-0.3569252029038863,5,6,5_6,1,0,0_1_6_5
312,0.31707474686381226,-0.05440034853045139,5,3,5_3,0,1,1_0_3_5
1090,-1.5202261582631347,-1.4685537497976855,2,4,2_4,1,0,0_1_4_2
685,-0.3543174567580073,-0.8538494862544219,4,5,4_5,1,0,0_1_5_4
1830,1.2708449921578773,-0.014662967716643438,6,3,6_3,2,1,1_2_3_6
1352,-1.5900530658222067,-1.2724015589695892,2,5,2_5,1,0,0_1_5_2
1194,1.1013263836278027,-0.19161562267621934,6,6,6_6,1,0,0_1_6_6
1978,0.46986947796398965,1.3029867200518792,5,5,5_5,3,1,1_3_5_5
343,-1.0562539952348875,-0.5780009949568637,3,6,3_6,0,0,0_0_6_3
810,0.4685647097371303,-1.1550202676810606,5,5,5_5,1,0,0_1_5_5
164,0.4725759081749862,-0.14981575716168982,5,3,5_3,0,1,1_0_3_5
1838,1.2460645731214453,2.813129925528097,6,7,6_7,2,1,1_2_7_6
452,-0.7325923412976785,1.2138352257203793,3,5,3_5,0,1,1_0_5_3
1418,1.548550657181263,1.0456249133841715,7,5,7_5,2,1,1_2_5_7
801,0.40409552828614376,-1.1762292450746563,5,5,5_5,1,0,0_1_5_5
206,-1.5069925356052736,-1.3400090763484034,2,5,2_5,0,0,0_0_5_2
760,1.841399392389775,-0.6241823237043941,7,5,7_5,1,0,0_1_5_7
1665,0.14060701176572057,0.06721572605743198,5,3,5_3,2,1,1_2_3_5
63,-0.6950012452805346,-0.826802183568122,3,5,3_5,0,0,0_0_5_3
46,0.9212156935309168,1.0436319925694215,6,5,6_5,0,1,1_0_5_6
115,-1.0072806683355597,0.18978462208140967,3,7,3_7,0,0,0_0_7_3
236,0.7685980425940323,0.2953339805947459,6,7,6_7,0,0,0_0_7_6
1154,-0.2488614338973791,-0.27773432979435964,4,6,4_6,1,0,0_1_6_4
1497,0.10170498511616816,-1.599183313578838,5,4,5_4,2,0,0_2_4_5
647,-0.42035944363958605,1.6757786896026272,4,6,4_6,1,1,1_1_6_4
57,0.6753714345559613,1.5682130997882933,5,6,5_6,0,1,1_0_6_5
1990,-0.46838084604808033,-0.19550384921298014,4,6,4_6,3,0,0_3_6_4
406,-2.4761014971334525,1.5325875434742988,1,5,1_5,0,1,1_0_5_1
1816,0.18866428417442313,2.2739397244795763,5,7,5_7,2,1,1_2_7_5
825,-0.1278945446906374,-0.22993665272463182,4,6,4_6,1,0,0_1_6_4
1818,-1.329979996733168,1.5300590962423544,3,5,3_5,2,1,1_2_5_3
423,-0.7471240881175522,0.6262425585336064,3,4,3_4,0,1,1_0_4_3
241,-0.03203325020965826,-1.0087510912833082,4,5,4_5,0,0,0_0_5_4
1264,0.4218267351438,-1.2736834637662362,5,5,5_5,1,0,0_1_5_5
119,-0.3663730231100614,1.420824125056355,4,5,4_5,0,1,1_0_5_4
232,-0.18860299614091092,-2.0254756280086132,4,4,4_4,0,0,0_0_4_4
1700,-0.16949503828753584,0.05947133223158263,4,3,4_3,2,1,1_2_3_4
512,1.0002835241138035,0.05412122121054108,6,3,6_3,0,1,1_0_3_6
1622,1.0614406482412408,2.7308965060403105,6,7,6_7,2,1,1_2_7_6
824,-1.4130198762091561,-1.1611251626905084,2,5,2_5,1,0,0_1_5_2
1953,-0.21375453292002908,-0.9545076819289888,4,5,4_5,3,0,0_3_5_4
1655,0.6115982123586261,1.391464662827624,5,5,5_5,2,1,1_2_5_5
1301,-1.23235601734084,-0.6838838513766476,3,5,3_5,1,0,0_1_5_3
673,1.6601505951555668,0.6460262867602993,7,4,7_4,0,1,1_0_4_7
1415,-0.9502665939047562,-0.2728910656074317,3,3,3_3,2,1,1_2_3_3
925,0.8148884428717498,-0.057354939970066465,6,6,6_6,1,0,0_1_6_6
1541,1.1933253806933783,1.8207517923757126,6,6,6_6,2,1,1_2_6_6
276,-1.0104304025536355,0.6480119611949128,3,4,3_4,0,1,1_0_4_3
1094,0.5129398320704687,-1.4209150178938013,5,4,5_4,1,0,0_1_4_5
350,0.5877346514956548,1.2108962565614516,5,5,5_5,0,1,1_0_5_5
765,-1.2240901924559227,1.072740189534691,3,5,3_5,1,1,1_1_5_3
764,0.3560015811967994,-0.18976437673211977,5,6,5_6,1,0,0_1_6_5
970,-0.19130118451217412,1.3109266481986657,4,8,4_8,1,0,0_1_8_4
1945,-0.7702030607874071,0.947560946086225,3,5,3_5,2,1,1_2_5_3
159,-1.545654194830993,0.08592593896738154,2,3,2_3,0,1,1_0_3_2
554,-0.44214890792837425,2.7068555292235708,4,7,4_7,1,1,1_1_7_4
96,-0.2096025710579982,0.6477429895887695,4,4,4_4,0,1,1_0_4_4
1548,0.10743570095079712,1.65078180888151,5,6,5_6,2,1,1_2_6_5
1555,1.058829445885899,-0.7168357499602045,6,2,6_2,2,1,1_2_2_6
895,-0.5926091240980195,-0.5688890510260713,4,6,4_6,1,0,0_1_6_4
644,-1.3027198952596866,1.6591240641555491,3,6,3_6,0,1,1_0_6_3
482,-0.5460518395550882,0.7861801708438187,4,4,4_4,0,1,1_0_4_4
