,Unnamed: 0,isv_dst,effect_dst,isv_bin,effect_bin,both_bins,bias_label,ground_truth,strat_col,filename,preds,preds_raw_1,TP,TN,FP,FN
0,309,0.570336345431275,-0.109053411700528,5,3,5_3,1,1,1_1_3_5,00000_0.57_S_-0.109_D_0.567_B.tiff,1,0.9999377727508545,1,0,0,0
1,645,-0.997364939237496,-1.1556876055492,3,5,3_5,1,0,0_1_5_3,00001_-0.997_S_-1.156_D_2.455_B.tiff,1,0.9999486207962036,0,0,1,0
2,480,0.374307456235328,-3.17422070120838,5,1,5_1,1,0,0_1_1_5,00002_0.374_S_-3.174_D_2.504_B.tiff,1,0.9999427795410156,0,0,1,0
3,527,0.0507043875163329,-1.53127201875778,4,4,4_4,1,0,0_1_4_4,00003_0.051_S_-1.531_D_-0.152_B.tiff,1,0.9998321533203125,0,0,1,0
4,895,0.463768821489439,0.758908251225166,5,5,5_5,1,1,1_1_5_5,00004_0.464_S_0.759_D_3.099_B.tiff,1,0.9999605417251587,1,0,0,0
5,199,0.379609208945021,2.51497298266472,5,8,5_8,1,1,1_1_8_5,00005_0.38_S_2.515_D_3.668_B.tiff,1,0.9999635219573975,1,0,0,0
6,132,1.37906048330319,-0.730449697422979,6,5,6_5,1,0,0_1_5_6,00006_1.379_S_-0.73_D_1.288_B.tiff,1,0.9999415874481201,0,0,1,0
7,1031,0.0098169189446967,0.680266187787318,4,5,4_5,1,1,1_1_5_4,00007_0.01_S_0.68_D_1.645_B.tiff,1,0.9999529123306274,1,0,0,0
8,796,-0.460717135055833,-0.217825158458249,3,3,3_3,1,1,1_1_3_3,00008_-0.461_S_-0.218_D_2.204_B.tiff,1,0.9999566078186035,1,0,0,0
9,347,-0.810061901274621,2.47914421091831,3,8,3_8,1,1,1_1_8_3,00009_-0.81_S_2.479_D_2.335_B.tiff,1,0.9999761581420898,1,0,0,0
10,775,1.64789505406451,0.470843033972082,7,4,7_4,1,1,1_1_4_7,00010_1.648_S_0.471_D_1.242_B.tiff,1,0.9999163150787354,1,0,0,0
11,912,1.59895547019219,1.18723336889944,7,5,7_5,1,1,1_1_5_7,00011_1.599_S_1.187_D_-0.475_B.tiff,1,0.9998679161071777,1,0,0,0
12,494,0.0100583028853002,2.39112387787639,4,7,4_7,1,1,1_1_7_4,00012_0.01_S_2.391_D_1.763_B.tiff,1,0.9999639987945557,1,0,0,0
13,200,-0.782928064795758,-0.246593058285708,3,3,3_3,1,1,1_1_3_3,00013_-0.783_S_-0.247_D_2.98_B.tiff,1,0.9999544620513916,1,0,0,0
14,551,-0.0582296598383077,1.14321889347767,4,5,4_5,1,1,1_1_5_4,00014_-0.058_S_1.143_D_1.739_B.tiff,1,0.9999579191207886,1,0,0,0
15,181,0.884150659491005,-1.11031979370767,5,5,5_5,1,0,0_1_5_5,00015_0.884_S_-1.11_D_2.697_B.tiff,1,0.9999397993087769,0,0,1,0
16,1043,-0.334735698064363,-0.982916503137466,4,2,4_2,1,1,1_1_2_4,00016_-0.335_S_-0.983_D_0.915_B.tiff,1,0.9999165534973145,1,0,0,0
17,82,-0.0426829006306195,-0.202014289813957,4,6,4_6,1,0,0_1_6_4,00017_-0.043_S_-0.202_D_2.439_B.tiff,1,0.9999680519104004,0,0,1,0
18,1066,0.923691450438946,1.74981988190992,6,6,6_6,1,1,1_1_6_6,00018_0.924_S_1.75_D_2.412_B.tiff,1,0.9999692440032959,1,0,0,0
19,776,-0.174821291932878,1.66353962317159,4,6,4_6,1,1,1_1_6_4,00019_-0.175_S_1.664_D_2.226_B.tiff,1,0.9999698400497437,1,0,0,0
20,63,-0.542087947854144,-0.18719452785014,3,3,3_3,1,1,1_1_3_3,00020_-0.542_S_-0.187_D_2.585_B.tiff,1,0.9999557733535767,1,0,0,0
21,910,-0.671546497063564,0.951024004844266,3,5,3_5,1,1,1_1_5_3,00021_-0.672_S_0.951_D_2.489_B.tiff,1,0.9999665021896362,1,0,0,0
22,909,-0.731763065752634,-0.11888905135258,3,6,3_6,1,0,0_1_6_3,00022_-0.732_S_-0.119_D_1.865_B.tiff,1,0.9999526739120483,0,0,1,0
23,82,1.14016823596136,1.35258906728527,6,6,6_6,1,1,1_1_6_6,00023_1.14_S_1.353_D_3.373_B.tiff,1,0.999967098236084,1,0,0,0
24,417,-1.13073185832252,-1.19473381102391,2,5,2_5,1,0,0_1_5_2,00024_-1.131_S_-1.195_D_1.888_B.tiff,1,0.999921441078186,0,0,1,0
25,130,-0.291474078151343,0.154502967120676,4,4,4_4,1,1,1_1_4_4,00025_-0.291_S_0.155_D_1.468_B.tiff,1,0.9999444484710693,1,0,0,0
26,507,1.70525919454589,-0.893807136511814,7,2,7_2,1,1,1_1_2_7,00026_1.705_S_-0.894_D_1.754_B.tiff,1,0.9998399019241333,1,0,0,0
27,799,-0.077734226688767,-0.977372816687008,4,2,4_2,1,1,1_1_2_4,00027_-0.078_S_-0.977_D_1.012_B.tiff,1,0.9999164342880249,1,0,0,0
28,644,-0.66173487693197,2.03847997202348,3,7,3_7,1,1,1_1_7_3,00028_-0.662_S_2.038_D_1.241_B.tiff,1,0.9999514818191528,1,0,0,0
29,419,0.131453218183113,0.35270754861272,4,4,4_4,1,1,1_1_4_4,00029_0.131_S_0.353_D_3.382_B.tiff,1,0.9999572038650513,1,0,0,0
30,941,-0.247006847062954,1.71408463239443,4,6,4_6,1,1,1_1_6_4,00030_-0.247_S_1.714_D_0.236_B.tiff,1,0.9999295473098755,1,0,0,0
31,11,-1.37150349504782,0.575626031431463,2,7,2_7,1,0,0_1_7_2,00031_-1.372_S_0.576_D_-0.478_B.tiff,1,0.9998424053192139,0,0,1,0
32,945,0.236299963567539,0.463975589526907,4,4,4_4,1,1,1_1_4_4,00032_0.236_S_0.464_D_1.724_B.tiff,1,0.999955415725708,1,0,0,0
33,554,1.46199007758501,1.55233989247011,6,6,6_6,1,1,1_1_6_6,00033_1.462_S_1.552_D_1.479_B.tiff,1,0.999962568283081,1,0,0,0
34,79,-1.48411520953639,2.52352940045616,2,8,2_8,1,1,1_1_8_2,00034_-1.484_S_2.524_D_3.48_B.tiff,1,0.9999433755874634,1,0,0,0
35,455,2.04773884202066,1.05195516951614,7,5,7_5,1,1,1_1_5_7,00035_2.048_S_1.052_D_2.17_B.tiff,1,0.999880313873291,1,0,0,0
36,834,-0.498851310204967,0.515642954406913,3,4,3_4,1,1,1_1_4_3,00036_-0.499_S_0.516_D_1.758_B.tiff,1,0.9999526739120483,1,0,0,0
37,122,0.407742183732255,0.881390176122306,5,5,5_5,1,1,1_1_5_5,00037_0.408_S_0.881_D_1.548_B.tiff,1,0.9999631643295288,1,0,0,0
38,1024,-0.439825840643152,-1.04172752419872,3,2,3_2,1,1,1_1_2_3,00038_-0.44_S_-1.042_D_3.224_B.tiff,1,0.9999419450759888,1,0,0,0
39,884,0.487971923566719,1.46020759293821,5,6,5_6,1,1,1_1_6_5,00039_0.488_S_1.46_D_1.286_B.tiff,1,0.9999639987945557,1,0,0,0
40,475,-0.620372003615136,0.0286148281179567,3,3,3_3,1,1,1_1_3_3,00040_-0.62_S_0.029_D_2.662_B.tiff,1,0.9999572038650513,1,0,0,0
41,38,0.679692885194423,-1.79779575788954,5,4,5_4,1,0,0_1_4_5,00041_0.68_S_-1.798_D_2.334_B.tiff,1,0.9999513626098633,0,0,1,0
42,313,-0.71786962164184,0.77275741699944,3,5,3_5,1,1,1_1_5_3,00042_-0.718_S_0.773_D_-0.397_B.tiff,1,0.9999068975448608,1,0,0,0
43,307,0.248364414470472,1.06755055831065,5,5,5_5,1,1,1_1_5_5,00043_0.248_S_1.068_D_2.113_B.tiff,1,0.9999645948410034,1,0,0,0
44,60,-0.511534947568658,1.20313861038961,3,5,3_5,1,1,1_1_5_3,00044_-0.512_S_1.203_D_2.108_B.tiff,1,0.9999669790267944,1,0,0,0
45,616,-1.55198136814197,0.875463453193362,2,5,2_5,1,1,1_1_5_2,00045_-1.552_S_0.875_D_1.006_B.tiff,1,0.9999349117279053,1,0,0,0
46,631,-0.446099061123124,-0.651167237063385,3,5,3_5,1,0,0_1_5_3,00046_-0.446_S_-0.651_D_2.727_B.tiff,1,0.9999518394470215,0,0,1,0
47,451,0.476308247152136,-1.89231316478855,5,3,5_3,1,0,0_1_3_5,00047_0.476_S_-1.892_D_3.625_B.tiff,1,0.9999388456344604,0,0,1,0
48,1047,1.38477519605222,0.207826930994539,6,4,6_4,1,1,1_1_4_6,00048_1.385_S_0.208_D_4.883_B.tiff,1,0.999876856803894,1,0,0,0
49,126,-0.699705813601948,-1.12856704182214,3,1,3_1,1,1,1_1_1_3,00049_-0.7_S_-1.129_D_2.236_B.tiff,1,0.9999443292617798,1,0,0,0
50,610,0.300891411732128,-1.82454530395316,5,4,5_4,1,0,0_1_4_5,00050_0.301_S_-1.825_D_1.499_B.tiff,1,0.9999393224716187,0,0,1,0
51,515,0.0572271708069753,2.29056203780318,4,7,4_7,1,1,1_1_7_4,00051_0.057_S_2.291_D_1.815_B.tiff,1,0.9999661445617676,1,0,0,0
52,299,-1.20489311009662,1.05430361171369,2,5,2_5,1,1,1_1_5_2,00052_-1.205_S_1.054_D_3.106_B.tiff,1,0.9999411106109619,1,0,0,0
53,613,1.14340455238662,0.9851240283497,6,5,6_5,1,1,1_1_5_6,00053_1.143_S_0.985_D_3.776_B.tiff,1,0.9999566078186035,1,0,0,0
54,176,-1.0925364398418,2.33553185530002,2,7,2_7,1,1,1_1_7_2,00054_-1.093_S_2.336_D_3.456_B.tiff,1,0.9999529123306274,1,0,0,0
55,558,-0.911632861300028,0.385815592762756,3,7,3_7,1,0,0_1_7_3,00055_-0.912_S_0.386_D_2.593_B.tiff,1,0.9999675750732422,0,0,1,0
56,491,-0.917806558431524,-0.819672796671549,3,5,3_5,1,0,0_1_5_3,00056_-0.918_S_-0.82_D_2.096_B.tiff,1,0.999954342842102,0,0,1,0
57,547,1.39903234410381,-1.86810056424379,6,3,6_3,1,0,0_1_3_6,00057_1.399_S_-1.868_D_1.739_B.tiff,1,0.9999170303344727,0,0,1,0
58,226,0.250338469675573,0.0107050585740631,5,3,5_3,1,1,1_1_3_5,00058_0.25_S_0.011_D_0.93_B.tiff,1,0.9999316930770874,1,0,0,0
59,805,-0.0629436400645723,0.039332910899628,4,7,4_7,1,0,0_1_7_4,00059_-0.063_S_0.039_D_1.544_B.tiff,1,0.9999481439590454,0,0,1,0
60,667,-1.07090589614256,-1.88295409110159,2,3,2_3,1,0,0_1_3_2,00060_-1.071_S_-1.883_D_2.202_B.tiff,1,0.9999243021011353,0,0,1,0
61,257,0.775679242903806,1.15762662339847,5,5,5_5,1,1,1_1_5_5,00061_0.776_S_1.158_D_1.225_B.tiff,1,0.9999600648880005,1,0,0,0
62,949,-0.910215075383465,0.434510046675663,3,4,3_4,1,1,1_1_4_3,00062_-0.91_S_0.435_D_1.794_B.tiff,1,0.9999628067016602,1,0,0,0
63,61,-1.22461832836777,-0.339207078272974,2,6,2_6,1,0,0_1_6_2,00063_-1.225_S_-0.339_D_2.49_B.tiff,1,0.9999364614486694,0,0,1,0
64,77,0.821471612423244,0.631424105900041,5,4,5_4,1,1,1_1_4_5,00064_0.821_S_0.631_D_2.657_B.tiff,1,0.9999676942825317,1,0,0,0
65,280,-1.36558150760564,1.08321735347453,2,5,2_5,1,1,1_1_5_2,00065_-1.366_S_1.083_D_1.39_B.tiff,1,0.9999508857727051,1,0,0,0
66,756,-1.48741417532871,-0.767004428530197,2,5,2_5,1,0,0_1_5_2,00066_-1.487_S_-0.767_D_0.67_B.tiff,1,0.9998424053192139,0,0,1,0
67,846,-1.02214697473872,-1.94843941998593,3,3,3_3,1,0,0_1_3_3,00067_-1.022_S_-1.948_D_1.319_B.tiff,1,0.9998937845230103,0,0,1,0
68,283,0.0933881771125516,-1.63982778068497,4,4,4_4,1,0,0_1_4_4,00068_0.093_S_-1.64_D_1.028_B.tiff,1,0.9998986721038818,0,0,1,0
69,661,-0.150671162545117,0.367447016821796,4,4,4_4,1,1,1_1_4_4,00069_-0.151_S_0.367_D_0.262_B.tiff,1,0.9999203681945801,1,0,0,0
70,145,-0.114988860416147,-0.917166859140483,4,5,4_5,1,0,0_1_5_4,00070_-0.115_S_-0.917_D_0.237_B.tiff,1,0.9998959302902222,0,0,1,0
71,536,0.350861905108538,-1.45353671072926,5,4,5_4,1,0,0_1_4_5,00071_0.351_S_-1.454_D_2.334_B.tiff,1,0.999950647354126,0,0,1,0
72,464,0.691310505701782,2.10568495866285,5,7,5_7,1,1,1_1_7_5,00072_0.691_S_2.106_D_2.522_B.tiff,1,0.9999756813049316,1,0,0,0
73,688,-1.31138522328779,0.2606925123697,2,4,2_4,1,1,1_1_4_2,00073_-1.311_S_0.261_D_0.263_B.tiff,1,0.9999080896377563,1,0,0,0
74,487,-1.11437298482516,-0.0119596684843548,2,3,2_3,1,1,1_1_3_2,00074_-1.114_S_-0.012_D_0.85_B.tiff,1,0.9999086856842041,1,0,0,0
75,940,0.770978204115182,1.40632075909728,5,6,5_6,1,1,1_1_6_5,00075_0.771_S_1.406_D_2.125_B.tiff,1,0.9999749660491943,1,0,0,0
76,209,0.128040614251503,-0.015012415875923,4,3,4_3,1,1,1_1_3_4,00076_0.128_S_-0.015_D_1.525_B.tiff,1,0.9999443292617798,1,0,0,0
77,975,-0.178179357240313,-2.24385205876084,4,3,4_3,1,0,0_1_3_4,00077_-0.178_S_-2.244_D_0.793_B.tiff,1,0.9998866319656372,0,0,1,0
78,74,-1.14603043886116,-1.3297126244251,2,4,2_4,1,0,0_1_4_2,00078_-1.146_S_-1.33_D_1.257_B.tiff,1,0.9998760223388672,0,0,1,0
79,761,-1.11517037328575,1.53237427910505,2,6,2_6,1,1,1_1_6_2,00079_-1.115_S_1.532_D_1.68_B.tiff,1,0.9999611377716064,1,0,0,0
80,103,0.409951334316681,3.24475662648605,5,9,5_9,1,1,1_1_9_5,00080_0.41_S_3.245_D_2.426_B.tiff,1,0.9999673366546631,1,0,0,0
81,476,0.123845254502323,-0.335512618710444,4,6,4_6,1,0,0_1_6_4,00081_0.124_S_-0.336_D_1.907_B.tiff,1,0.9999502897262573,0,0,1,0
82,667,-0.776808209661197,1.21885470706822,3,5,3_5,1,1,1_1_5_3,00082_-0.777_S_1.219_D_2.056_B.tiff,1,0.9999655485153198,1,0,0,0
83,498,1.17904315081753,0.062408091378854,6,7,6_7,1,0,0_1_7_6,00083_1.179_S_0.062_D_1.796_B.tiff,1,0.9999558925628662,0,0,1,0
84,1063,-1.02110184625038,-0.549744823262707,3,2,3_2,1,1,1_1_2_3,00084_-1.021_S_-0.55_D_0.218_B.tiff,1,0.999875545501709,1,0,0,0
85,701,-0.563163244917762,0.63358665590244,3,4,3_4,1,1,1_1_4_3,00085_-0.563_S_0.634_D_0.57_B.tiff,1,0.9999294281005859,1,0,0,0
86,270,0.62826643146369,0.992641713708729,5,5,5_5,1,1,1_1_5_5,00086_0.628_S_0.993_D_1.853_B.tiff,1,0.9999624490737915,1,0,0,0
87,107,0.0261790791622013,1.49301329141236,4,6,4_6,1,1,1_1_6_4,00087_0.026_S_1.493_D_3.379_B.tiff,1,0.999967098236084,1,0,0,0
88,771,0.0999903298453426,0.479941334744929,4,4,4_4,1,1,1_1_4_4,00088_0.1_S_0.48_D_1.115_B.tiff,1,0.9999350309371948,1,0,0,0
89,738,-1.27340921288565,0.686368760807422,2,5,2_5,1,1,1_1_5_2,00089_-1.273_S_0.686_D_1.896_B.tiff,1,0.9999549388885498,1,0,0,0
90,428,0.0891656739985467,0.498402728574327,4,4,4_4,1,1,1_1_4_4,00090_0.089_S_0.498_D_1.41_B.tiff,1,0.999945878982544,1,0,0,0
91,657,0.663422423513532,0.0770287821369014,5,3,5_3,1,1,1_1_3_5,00091_0.663_S_0.077_D_2.286_B.tiff,1,0.9999638795852661,1,0,0,0
92,390,-0.834573161723046,0.611187938597518,3,4,3_4,1,1,1_1_4_3,00092_-0.835_S_0.611_D_2.199_B.tiff,1,0.9999672174453735,1,0,0,0
93,855,0.16946763114436,1.22018003820169,4,5,4_5,1,1,1_1_5_4,00093_0.169_S_1.22_D_2.191_B.tiff,1,0.9999628067016602,1,0,0,0
94,275,0.365156652710486,-0.409913565894831,5,6,5_6,1,0,0_1_6_5,00094_0.365_S_-0.41_D_0.913_B.tiff,1,0.9999377727508545,0,0,1,0
95,0,-0.332075318993742,1.00123015335748,4,5,4_5,1,1,1_1_5_4,00095_-0.332_S_1.001_D_1.826_B.tiff,1,0.9999674558639526,1,0,0,0
96,670,1.18478000545142,0.0236508628626336,6,3,6_3,1,1,1_1_3_6,00096_1.185_S_0.024_D_1.622_B.tiff,1,0.9999542236328125,1,0,0,0
97,874,0.521584628699483,-2.75288366193113,5,2,5_2,1,0,0_1_2_5,00097_0.522_S_-2.753_D_1.541_B.tiff,1,0.9999359846115112,0,0,1,0
98,643,0.477408822014644,-0.522427775647643,5,2,5_2,1,1,1_1_2_5,00098_0.477_S_-0.522_D_1.881_B.tiff,1,0.9999510049819946,1,0,0,0
99,278,-1.07530850885754,1.25039801627759,2,6,2_6,1,1,1_1_6_2,00099_-1.075_S_1.25_D_2.304_B.tiff,1,0.9999657869338989,1,0,0,0
100,611,1.30177315875829,-1.03245260363151,6,5,6_5,1,0,0_1_5_6,00100_1.302_S_-1.032_D_2.765_B.tiff,1,0.9999415874481201,0,0,1,0
101,46,-0.187203031710554,1.8593826880216,4,7,4_7,1,1,1_1_7_4,00101_-0.187_S_1.859_D_1.249_B.tiff,1,0.9999542236328125,1,0,0,0
102,534,-0.094704750363679,-0.362306747922729,4,3,4_3,1,1,1_1_3_4,00102_-0.095_S_-0.362_D_1.186_B.tiff,1,0.9999351501464844,1,0,0,0
103,703,-0.328302675906865,1.49417549813294,4,6,4_6,1,1,1_1_6_4,00103_-0.328_S_1.494_D_2.792_B.tiff,1,0.9999758005142212,1,0,0,0
104,265,-1.42424568024938,1.51110876490973,2,6,2_6,1,1,1_1_6_2,00104_-1.424_S_1.511_D_3.166_B.tiff,1,0.9999464750289917,1,0,0,0
105,638,1.52510373588414,-1.74047138436348,6,4,6_4,1,0,0_1_4_6,00105_1.525_S_-1.74_D_2.718_B.tiff,1,0.9998633861541748,0,0,1,0
106,886,0.950531522693317,-0.061784111105099,6,6,6_6,1,0,0_1_6_6,00106_0.951_S_-0.062_D_2.456_B.tiff,1,0.9999589920043945,0,0,1,0
107,830,0.882913317710957,0.535492229912901,5,4,5_4,1,1,1_1_4_5,00107_0.883_S_0.535_D_2.856_B.tiff,1,0.9999648332595825,1,0,0,0
108,635,-0.098561475595393,0.813963704263005,4,5,4_5,1,1,1_1_5_4,00108_-0.099_S_0.814_D_0.058_B.tiff,1,0.9999188184738159,1,0,0,0
109,705,-1.31427097035963,0.491777600719419,2,4,2_4,1,1,1_1_4_2,00109_-1.314_S_0.492_D_3.118_B.tiff,1,0.9999312162399292,1,0,0,0
110,576,0.0374045806874717,-0.296440580195063,4,3,4_3,1,1,1_1_3_4,00110_0.037_S_-0.296_D_1.995_B.tiff,1,0.9999579191207886,1,0,0,0
111,968,0.2888816602676,1.45512082456348,5,6,5_6,1,1,1_1_6_5,00111_0.289_S_1.455_D_3.162_B.tiff,1,0.9999698400497437,1,0,0,0
112,556,-1.0354685439355,1.46045333814512,3,6,3_6,1,1,1_1_6_3,00112_-1.035_S_1.46_D_1.919_B.tiff,1,0.9999661445617676,1,0,0,0
113,456,0.318594123718882,1.9584629538812,5,7,5_7,1,1,1_1_7_5,00113_0.319_S_1.958_D_2.006_B.tiff,1,0.9999728202819824,1,0,0,0
114,908,0.347061296932557,-1.68303277567754,5,4,5_4,1,0,0_1_4_5,00114_0.347_S_-1.683_D_1.85_B.tiff,1,0.9999425411224365,0,0,1,0
115,620,0.0682477594452795,2.13504567909648,4,7,4_7,1,1,1_1_7_4,00115_0.068_S_2.135_D_1.876_B.tiff,1,0.9999665021896362,1,0,0,0
116,373,-1.32828887320239,0.321261681783976,2,4,2_4,1,1,1_1_4_2,00116_-1.328_S_0.321_D_0.683_B.tiff,1,0.9999245405197144,1,0,0,0
117,617,0.385569398462691,1.54320014718144,5,6,5_6,1,1,1_1_6_5,00117_0.386_S_1.543_D_2.248_B.tiff,1,0.9999722242355347,1,0,0,0
118,929,0.0445022942926494,-0.779297512744617,4,5,4_5,1,0,0_1_5_4,00118_0.045_S_-0.779_D_1.86_B.tiff,1,0.9999464750289917,0,0,1,0
119,252,-0.849323104215757,0.934497217527141,3,8,3_8,1,0,0_1_8_3,00119_-0.849_S_0.934_D_2.318_B.tiff,1,0.9999687671661377,0,0,1,0
120,322,-0.396054711465156,2.52443745272676,4,8,4_8,1,1,1_1_8_4,00120_-0.396_S_2.524_D_2.112_B.tiff,1,0.9999706745147705,1,0,0,0
121,35,0.490683912208334,0.192465324668104,5,4,5_4,1,1,1_1_4_5,00121_0.491_S_0.192_D_1.414_B.tiff,1,0.9999536275863647,1,0,0,0
122,572,-0.083130617836109,0.852745363280233,4,5,4_5,1,1,1_1_5_4,00122_-0.083_S_0.853_D_5.306_B.tiff,1,0.9999630451202393,1,0,0,0
123,206,-0.219923024008059,-0.145176907189325,4,3,4_3,1,1,1_1_3_4,00123_-0.22_S_-0.145_D_0.779_B.tiff,1,0.9999232292175293,1,0,0,0
124,897,0.388111078696206,-2.17774226366437,5,3,5_3,1,0,0_1_3_5,00124_0.388_S_-2.178_D_4.233_B.tiff,1,0.9999364614486694,0,0,1,0
125,380,0.0790982845414848,-1.21255236662679,4,5,4_5,1,0,0_1_5_4,00125_0.079_S_-1.213_D_2.221_B.tiff,1,0.9999454021453857,0,0,1,0
126,905,1.07996279916567,-0.304199292822531,6,6,6_6,1,0,0_1_6_6,00126_1.08_S_-0.304_D_2.614_B.tiff,1,0.999962568283081,0,0,1,0
127,106,-0.596754202669336,-1.54453329885535,3,4,3_4,1,0,0_1_4_3,00127_-0.597_S_-1.545_D_2.524_B.tiff,1,0.9999363422393799,0,0,1,0
128,782,-1.1975101689764,0.334374762741824,2,4,2_4,1,1,1_1_4_2,00128_-1.198_S_0.334_D_1.399_B.tiff,1,0.9999359846115112,1,0,0,0
129,408,0.353568392784065,-0.747606020081187,5,5,5_5,1,0,0_1_5_5,00129_0.354_S_-0.748_D_1.757_B.tiff,1,0.9999473094940186,0,0,1,0
130,39,-0.597538170487385,0.88829805041584,3,5,3_5,1,1,1_1_5_3,00130_-0.598_S_0.888_D_3.244_B.tiff,1,0.9999638795852661,1,0,0,0
131,804,0.196500245614777,-0.930346336768856,4,5,4_5,1,0,0_1_5_4,00131_0.197_S_-0.93_D_3.729_B.tiff,1,0.9999455213546753,0,0,1,0
132,522,0.299282437331416,0.941349848077858,5,5,5_5,1,1,1_1_5_5,00132_0.299_S_0.941_D_2.623_B.tiff,1,0.9999685287475586,1,0,0,0
133,1,-0.659379331334463,1.29874553750847,3,6,3_6,1,1,1_1_6_3,00133_-0.659_S_1.299_D_1.209_B.tiff,1,0.9999474287033081,1,0,0,0
134,49,-0.196558028747986,3.00041654634242,4,9,4_9,1,1,1_1_9_4,00134_-0.197_S_3.0_D_1.269_B.tiff,1,0.9999555349349976,1,0,0,0
135,214,-0.194682903739231,1.25929902033723,4,6,4_6,1,1,1_1_6_4,00135_-0.195_S_1.259_D_2.357_B.tiff,1,0.999970555305481,1,0,0,0
136,179,-0.0042930500439627,-0.231556460082431,4,6,4_6,1,0,0_1_6_4,00136_-0.004_S_-0.232_D_1.492_B.tiff,1,0.9999450445175171,0,0,1,0
137,166,1.25488456083559,-0.761019474327403,6,2,6_2,1,1,1_1_2_6,00137_1.255_S_-0.761_D_4.67_B.tiff,1,0.9998944997787476,1,0,0,0
138,438,-0.400976951001699,-0.529371705117365,3,2,3_2,1,1,1_1_2_3,00138_-0.401_S_-0.529_D_0.783_B.tiff,1,0.9999051094055176,1,0,0,0
139,716,-0.115212105179322,-0.690481800187084,4,2,4_2,1,1,1_1_2_4,00139_-0.115_S_-0.69_D_3.449_B.tiff,1,0.9999551773071289,1,0,0,0
140,759,1.2833975442674,0.930405972038053,6,5,6_5,1,1,1_1_5_6,00140_1.283_S_0.93_D_3.339_B.tiff,1,0.9999632835388184,1,0,0,0
141,281,-0.64741587377346,-0.5858141560398,3,6,3_6,1,0,0_1_6_3,00141_-0.647_S_-0.586_D_0.811_B.tiff,1,0.9999052286148071,0,0,1,0
142,993,-0.636569109619581,0.839168595300161,3,5,3_5,1,1,1_1_5_3,00142_-0.637_S_0.839_D_2.157_B.tiff,1,0.9999624490737915,1,0,0,0
143,510,-1.19368134720123,0.915945642165516,2,5,2_5,1,1,1_1_5_2,00143_-1.194_S_0.916_D_1.318_B.tiff,1,0.9999358654022217,1,0,0,0
144,550,0.179628352028989,1.23558990901114,4,5,4_5,1,1,1_1_5_4,00144_0.18_S_1.236_D_1.269_B.tiff,1,0.9999443292617798,1,0,0,0
145,330,0.837586018342213,0.741888004734276,5,5,5_5,1,1,1_1_5_5,00145_0.838_S_0.742_D_1.332_B.tiff,1,0.9999613761901855,1,0,0,0
146,323,-0.665658385739781,0.686403738718375,3,5,3_5,1,1,1_1_5_3,00146_-0.666_S_0.686_D_1.046_B.tiff,1,0.9999426603317261,1,0,0,0
147,572,-0.977588336244192,-1.17404134609481,3,5,3_5,1,0,0_1_5_3,00147_-0.978_S_-1.174_D_2.789_B.tiff,1,0.9999487400054932,0,0,1,0
148,568,0.254676530113731,-0.570762913396095,5,6,5_6,1,0,0_1_6_5,00148_0.255_S_-0.571_D_0.595_B.tiff,1,0.9999136924743652,0,0,1,0
149,659,-0.0125372474836614,0.648722311812633,4,4,4_4,1,1,1_1_4_4,00149_-0.013_S_0.649_D_1.887_B.tiff,1,0.999961256980896,1,0,0,0
150,409,0.0524486563395113,-0.899061239006601,4,2,4_2,1,1,1_1_2_4,00150_0.052_S_-0.899_D_4.697_B.tiff,1,0.9999403953552246,1,0,0,0
151,119,1.08911996475027,1.19274591260507,6,5,6_5,1,1,1_1_5_6,00151_1.089_S_1.193_D_2.22_B.tiff,1,0.9999657869338989,1,0,0,0
152,786,0.711666493933071,0.629781511077365,5,4,5_4,1,1,1_1_4_5,00152_0.712_S_0.63_D_2.035_B.tiff,1,0.9999676942825317,1,0,0,0
153,632,0.856506948034419,0.96968669641085,5,5,5_5,1,1,1_1_5_5,00153_0.857_S_0.97_D_1.84_B.tiff,1,0.9999719858169556,1,0,0,0
154,136,-0.85840804496955,0.934195093999793,3,5,3_5,1,1,1_1_5_3,00154_-0.858_S_0.934_D_1.453_B.tiff,1,0.9999607801437378,1,0,0,0
155,984,0.67524014600539,2.02302598613124,5,7,5_7,1,1,1_1_7_5,00155_0.675_S_2.023_D_1.758_B.tiff,1,0.9999703168869019,1,0,0,0
156,318,0.378213229050061,0.145604481845929,5,4,5_4,1,1,1_1_4_5,00156_0.378_S_0.146_D_2.695_B.tiff,1,0.9999598264694214,1,0,0,0
157,10,-0.936920414495813,1.4898420501852,3,6,3_6,1,1,1_1_6_3,00157_-0.937_S_1.49_D_3.78_B.tiff,1,0.9999352693557739,1,0,0,0
158,391,1.11403283196293,-1.28830627538634,6,4,6_4,1,0,0_1_4_6,00158_1.114_S_-1.288_D_2.922_B.tiff,1,0.9999527931213379,0,0,1,0
159,201,-0.680542005621424,1.86172307699365,3,7,3_7,1,1,1_1_7_3,00159_-0.681_S_1.862_D_0.594_B.tiff,1,0.9999387264251709,1,0,0,0
160,642,0.177442408668693,-2.30657206726007,4,3,4_3,1,0,0_1_3_4,00160_0.177_S_-2.307_D_2.448_B.tiff,1,0.9999426603317261,0,0,1,0
161,356,0.401179043923654,0.701226413321552,5,5,5_5,1,1,1_1_5_5,00161_0.401_S_0.701_D_1.762_B.tiff,1,0.9999606609344482,1,0,0,0
162,898,-0.189216127966165,1.18263833750816,4,5,4_5,1,1,1_1_5_4,00162_-0.189_S_1.183_D_0.822_B.tiff,1,0.9999428987503052,1,0,0,0
163,562,0.71408673261982,0.750958872223224,5,8,5_8,1,0,0_1_8_5,00163_0.714_S_0.751_D_0.61_B.tiff,1,0.9999324083328247,0,0,1,0
164,782,0.784355561957671,0.411249724601992,5,7,5_7,1,0,0_1_7_5,00164_0.784_S_0.411_D_1.205_B.tiff,1,0.9999524354934692,0,0,1,0
165,41,-1.1771558181179,-0.149032709024457,2,6,2_6,1,0,0_1_6_2,00165_-1.177_S_-0.149_D_2.872_B.tiff,1,0.999937891960144,0,0,1,0
166,477,-0.020794354531305,-1.75309274003465,4,4,4_4,1,0,0_1_4_4,00166_-0.021_S_-1.753_D_2.511_B.tiff,1,0.9999527931213379,0,0,1,0
167,61,1.3285204398849,0.536692423461585,6,4,6_4,1,1,1_1_4_6,00167_1.329_S_0.537_D_2.109_B.tiff,1,0.9999644756317139,1,0,0,0
168,151,0.0104339192209638,0.673314739997748,4,5,4_5,1,1,1_1_5_4,00168_0.01_S_0.673_D_2.688_B.tiff,1,0.9999700784683228,1,0,0,0
169,652,-0.410189010519597,0.145864552316199,3,4,3_4,1,1,1_1_4_3,00169_-0.41_S_0.146_D_2.617_B.tiff,1,0.9999632835388184,1,0,0,0
170,243,0.223558659055208,1.08105437041127,4,5,4_5,1,1,1_1_5_4,00170_0.224_S_1.081_D_1.385_B.tiff,1,0.9999526739120483,1,0,0,0
171,269,-1.11376735701735,0.862379023724411,2,5,2_5,1,1,1_1_5_2,00171_-1.114_S_0.862_D_3.011_B.tiff,1,0.9999496936798096,1,0,0,0
172,286,0.857600153672399,0.994444969797336,5,5,5_5,1,1,1_1_5_5,00172_0.858_S_0.994_D_2.848_B.tiff,1,0.9999669790267944,1,0,0,0
173,121,-1.60470421242286,0.408971647143726,2,4,2_4,1,1,1_1_4_2,00173_-1.605_S_0.409_D_2.933_B.tiff,1,0.9999516010284424,1,0,0,0
174,168,1.42040733097356,0.976556081445155,6,5,6_5,1,1,1_1_5_6,00174_1.42_S_0.977_D_1.557_B.tiff,1,0.999964714050293,1,0,0,0
175,341,0.0809520625216625,1.55339140285082,4,6,4_6,1,1,1_1_6_4,00175_0.081_S_1.553_D_1.706_B.tiff,1,0.9999607801437378,1,0,0,0
176,310,0.26047286051017,-0.940865683931421,5,5,5_5,1,0,0_1_5_5,00176_0.26_S_-0.941_D_1.539_B.tiff,1,0.9999445676803589,0,0,1,0
177,544,-1.82535611838174,0.62639633989186,1,4,1_4,1,1,1_1_4_1,00177_-1.825_S_0.626_D_2.042_B.tiff,1,0.9999315738677979,1,0,0,0
178,74,-0.634098838488683,2.25701497728682,3,7,3_7,1,1,1_1_7_3,00178_-0.634_S_2.257_D_1.965_B.tiff,1,0.9999651908874512,1,0,0,0
179,150,0.119553696608949,0.305596472297106,4,4,4_4,1,1,1_1_4_4,00179_0.12_S_0.306_D_2.9_B.tiff,1,0.9999600648880005,1,0,0,0
180,482,0.415495663575296,1.15996175700726,5,5,5_5,1,1,1_1_5_5,00180_0.415_S_1.16_D_0.232_B.tiff,1,0.9999432563781738,1,0,0,0
181,800,-0.922712113534964,1.69692280311921,3,6,3_6,1,1,1_1_6_3,00181_-0.923_S_1.697_D_1.119_B.tiff,1,0.9999575614929199,1,0,0,0
182,954,0.512939832070469,2.20182223193742,5,7,5_7,1,1,1_1_7_5,00182_0.513_S_2.202_D_2.173_B.tiff,1,0.9999704360961914,1,0,0,0
183,944,-0.40969135005061,0.968122085244439,3,5,3_5,1,1,1_1_5_3,00183_-0.41_S_0.968_D_0.615_B.tiff,1,0.9999368190765381,1,0,0,0
184,696,-0.16960057571017,-1.43085728830309,4,4,4_4,1,0,0_1_4_4,00184_-0.17_S_-1.431_D_1.824_B.tiff,1,0.9999356269836426,0,0,1,0
185,285,-1.58039895048323,1.33442706039101,2,6,2_6,1,1,1_1_6_2,00185_-1.58_S_1.334_D_1.347_B.tiff,1,0.9999562501907349,1,0,0,0
186,503,1.02934412477547,2.38583916304612,6,7,6_7,1,1,1_1_7_6,00186_1.029_S_2.386_D_1.968_B.tiff,1,0.9999655485153198,1,0,0,0
187,580,0.793942302903962,1.27099158773672,5,6,5_6,1,1,1_1_6_5,00187_0.794_S_1.271_D_1.065_B.tiff,1,0.9999570846557617,1,0,0,0
188,468,1.23293118149326,-0.129496646342003,6,3,6_3,1,1,1_1_3_6,00188_1.233_S_-0.129_D_4.063_B.tiff,1,0.9999357461929321,1,0,0,0
189,300,1.11874496095185,2.51182951156378,6,8,6_8,1,1,1_1_8_6,00189_1.119_S_2.512_D_1.472_B.tiff,1,0.9999642372131348,1,0,0,0
190,453,0.999055891003783,-0.0858162553014383,6,3,6_3,1,1,1_1_3_6,00190_0.999_S_-0.086_D_2.336_B.tiff,1,0.99996018409729,1,0,0,0
191,595,0.45880178430311,2.07094577573242,5,7,5_7,1,1,1_1_7_5,00191_0.459_S_2.071_D_2.884_B.tiff,1,0.9999717473983765,1,0,0,0
192,768,-0.0094295400032141,2.55401766860873,4,8,4_8,1,1,1_1_8_4,00192_-0.009_S_2.554_D_3.038_B.tiff,1,0.9999692440032959,1,0,0,0
193,232,-0.564862141379458,-2.02547562800861,3,3,3_3,1,0,0_1_3_3,00193_-0.565_S_-2.025_D_-0.827_B.tiff,1,0.9998220801353455,0,0,1,0
194,577,0.683139593415552,0.365041107626147,5,4,5_4,1,1,1_1_4_5,00194_0.683_S_0.365_D_3.188_B.tiff,1,0.9999607801437378,1,0,0,0
195,614,-1.69253166180469,1.75680008023801,1,6,1_6,1,1,1_1_6_1,00195_-1.693_S_1.757_D_1.568_B.tiff,1,0.9999628067016602,1,0,0,0
196,271,-0.52184133034087,-1.10387420939643,3,5,3_5,1,0,0_1_5_3,00196_-0.522_S_-1.104_D_2.151_B.tiff,1,0.9999338388442993,0,0,1,0
197,12,0.6081445222079,1.1054142489979,5,5,5_5,1,1,1_1_5_5,00197_0.608_S_1.105_D_1.799_B.tiff,1,0.9999603033065796,1,0,0,0
198,746,-1.61850758582376,2.32181759654494,2,7,2_7,1,1,1_1_7_2,00198_-1.619_S_2.322_D_1.755_B.tiff,1,0.9999759197235107,1,0,0,0
199,698,1.07523851113514,1.71199958241084,6,6,6_6,1,1,1_1_6_6,00199_1.075_S_1.712_D_1.517_B.tiff,1,0.9999691247940063,1,0,0,0
200,235,0.798318801319407,-0.39278904586681,5,3,5_3,1,1,1_1_3_5,00200_0.798_S_-0.393_D_2.037_B.tiff,1,0.9999628067016602,1,0,0,0
201,774,-0.537343475541096,0.32985830451624,3,4,3_4,1,1,1_1_4_3,00201_-0.537_S_0.33_D_0.578_B.tiff,1,0.9999179840087891,1,0,0,0
202,1074,0.448941957459217,0.253643481903908,5,4,5_4,1,1,1_1_4_5,00202_0.449_S_0.254_D_2.308_B.tiff,1,0.9999592304229736,1,0,0,0
203,13,1.41617412621973,0.0695319552917953,6,3,6_3,1,1,1_1_3_6,00203_1.416_S_0.07_D_3.679_B.tiff,1,0.9999388456344604,1,0,0,0
204,878,0.207984539350113,1.77290929025018,4,6,4_6,1,1,1_1_6_4,00204_0.208_S_1.773_D_1.089_B.tiff,1,0.9999496936798096,1,0,0,0
205,247,1.73780125009378,-1.15481203854891,7,5,7_5,1,0,0_1_5_7,00205_1.738_S_-1.155_D_1.281_B.tiff,1,0.9997891783714294,0,0,1,0
206,245,0.734203333950203,-0.833993046626767,5,5,5_5,1,0,0_1_5_5,00206_0.734_S_-0.834_D_2.273_B.tiff,1,0.9999536275863647,0,0,1,0
207,747,-0.85244601953574,1.70580160085156,3,6,3_6,1,1,1_1_6_3,00207_-0.852_S_1.706_D_3.118_B.tiff,1,0.9999679327011108,1,0,0,0
208,223,0.73456361576416,1.50568107139328,5,6,5_6,1,1,1_1_6_5,00208_0.735_S_1.506_D_2.45_B.tiff,1,0.9999740123748779,1,0,0,0
209,730,-0.51855845634801,-0.20690448089671,3,3,3_3,1,1,1_1_3_3,00209_-0.519_S_-0.207_D_0.177_B.tiff,1,0.9999027252197266,1,0,0,0
210,1070,1.6532470106716,2.17299570713286,7,7,7_7,1,1,1_1_7_7,00210_1.653_S_2.173_D_0.434_B.tiff,1,0.9999200105667114,1,0,0,0
211,141,-0.0170939298867278,0.233803573418508,4,7,4_7,1,0,0_1_7_4,00211_-0.017_S_0.234_D_2.159_B.tiff,1,0.9999630451202393,0,0,1,0
212,328,-0.451840052483674,-0.282756042520115,3,6,3_6,1,0,0_1_6_3,00212_-0.452_S_-0.283_D_2.473_B.tiff,1,0.9999562501907349,0,0,1,0
213,28,-0.175991111549576,-0.22412815254194,4,6,4_6,1,0,0_1_6_4,00213_-0.176_S_-0.224_D_2.775_B.tiff,1,0.9999622106552124,0,0,1,0
214,601,0.109587867577805,1.58067178089718,4,6,4_6,1,1,1_1_6_4,00214_0.11_S_1.581_D_1.562_B.tiff,1,0.9999556541442871,1,0,0,0
215,209,-0.720443548918549,-2.51699072620072,3,2,3_2,1,0,0_1_2_3,00215_-0.72_S_-2.517_D_1.603_B.tiff,1,0.9999220371246338,0,0,1,0
216,43,-2.01998052487986,1.07614023037701,1,5,1_5,1,1,1_1_5_1,00216_-2.02_S_1.076_D_2.534_B.tiff,1,0.9999101161956787,1,0,0,0
217,890,2.73871069210747,0.867908459626104,8,5,8_5,1,1,1_1_5_8,00217_2.739_S_0.868_D_2.006_B.tiff,1,0.9931612014770508,1,0,0,0
218,460,0.25348675727503,-0.478973649832537,5,6,5_6,1,0,0_1_6_5,00218_0.253_S_-0.479_D_2.78_B.tiff,1,0.9999573230743408,0,0,1,0
219,950,0.551449907730925,0.57405489159984,5,4,5_4,1,1,1_1_4_5,00219_0.551_S_0.574_D_0.775_B.tiff,1,0.9999483823776245,1,0,0,0
220,164,0.34914932279779,0.791478151748729,5,5,5_5,1,1,1_1_5_5,00220_0.349_S_0.791_D_2.245_B.tiff,1,0.9999657869338989,1,0,0,0
221,645,-0.108649477027074,1.49397008415365,4,6,4_6,1,1,1_1_6_4,00221_-0.109_S_1.494_D_1.15_B.tiff,1,0.9999450445175171,1,0,0,0
222,28,1.22589280039259,0.951499054598928,6,5,6_5,1,1,1_1_5_6,00222_1.226_S_0.951_D_2.96_B.tiff,1,0.9999663829803467,1,0,0,0
223,593,1.22470490182891,1.73124298849481,6,6,6_6,1,1,1_1_6_6,00223_1.225_S_1.731_D_0.612_B.tiff,1,0.9999597072601318,1,0,0,0
224,218,-0.0027582111406679,0.13948439263272,4,4,4_4,1,1,1_1_4_4,00224_-0.003_S_0.139_D_1.591_B.tiff,1,0.9999474287033081,1,0,0,0
225,10,1.02377464752169,-0.764619081262545,6,5,6_5,1,0,0_1_5_6,00225_1.024_S_-0.765_D_0.515_B.tiff,1,0.999916672706604,0,0,1,0
226,647,-0.597758231271917,0.524554283553905,3,4,3_4,1,1,1_1_4_3,00226_-0.598_S_0.525_D_1.479_B.tiff,1,0.9999393224716187,1,0,0,0
227,553,1.1419412533746,0.560795176913711,6,4,6_4,1,1,1_1_4_6,00227_1.142_S_0.561_D_0.369_B.tiff,1,0.9999406337738037,1,0,0,0
228,585,-0.310322048464224,-0.26087063408955,4,3,4_3,1,1,1_1_3_4,00228_-0.31_S_-0.261_D_1.873_B.tiff,1,0.9999539852142334,1,0,0,0
229,267,0.995428586348027,2.09384567590048,6,7,6_7,1,1,1_1_7_6,00229_0.995_S_2.094_D_-0.453_B.tiff,1,0.9998794794082642,1,0,0,0
230,483,-2.48045258885024,1.04968647937437,0,5,0_5,1,1,1_1_5_0,00230_-2.48_S_1.05_D_3.33_B.tiff,1,0.9994823932647705,1,0,0,0
231,876,0.689691886450612,1.86790148842455,5,7,5_7,1,1,1_1_7_5,00231_0.69_S_1.868_D_4.475_B.tiff,1,0.9999710321426392,1,0,0,0
232,1039,-0.109379133136375,0.753927669454729,4,5,4_5,1,1,1_1_5_4,00232_-0.109_S_0.754_D_1.037_B.tiff,1,0.999946117401123,1,0,0,0
233,807,0.809199551379417,-0.427293325187282,5,6,5_6,1,0,0_1_6_5,00233_0.809_S_-0.427_D_1.573_B.tiff,1,0.9999549388885498,0,0,1,0
234,193,1.10601782870026,0.85929160087666,6,5,6_5,1,1,1_1_5_6,00234_1.106_S_0.859_D_0.18_B.tiff,1,0.9999253749847412,1,0,0,0
235,906,-0.958590656932133,1.10210589606928,3,5,3_5,1,1,1_1_5_3,00235_-0.959_S_1.102_D_2.889_B.tiff,1,0.9999697208404541,1,0,0,0
236,344,1.43544560391407,0.406994203058384,6,4,6_4,1,1,1_1_4_6,00236_1.435_S_0.407_D_2.343_B.tiff,1,0.9999644756317139,1,0,0,0
237,1053,-1.12543952336448,-0.109009106515269,2,3,2_3,1,1,1_1_3_2,00237_-1.125_S_-0.109_D_1.983_B.tiff,1,0.9999496936798096,1,0,0,0
238,1049,1.74447948090491,-0.379928747607337,7,3,7_3,1,1,1_1_3_7,00238_1.744_S_-0.38_D_4.754_B.tiff,1,0.9989389777183533,1,0,0,0
239,789,1.56640466483866,1.3715547637511,7,6,7_6,1,1,1_1_6_7,00239_1.566_S_1.372_D_2.544_B.tiff,1,0.9999551773071289,1,0,0,0
240,489,0.39220359598533,1.74696205248194,5,6,5_6,1,1,1_1_6_5,00240_0.392_S_1.747_D_0.348_B.tiff,1,0.9999529123306274,1,0,0,0
241,568,-0.565536390405864,2.00967149304286,3,7,3_7,1,1,1_1_7_3,00241_-0.566_S_2.01_D_1.003_B.tiff,1,0.9999356269836426,1,0,0,0
242,520,-0.0857157979579495,0.392378724745563,4,4,4_4,1,1,1_1_4_4,00242_-0.086_S_0.392_D_0.961_B.tiff,1,0.999941349029541,1,0,0,0
243,1001,-0.925205769912631,1.39159301575034,3,6,3_6,1,1,1_1_6_3,00243_-0.925_S_1.392_D_3.152_B.tiff,1,0.9999637603759766,1,0,0,0
244,360,-0.470277105887694,-1.30567483753954,3,4,3_4,1,0,0_1_4_3,00244_-0.47_S_-1.306_D_2.336_B.tiff,1,0.9999406337738037,0,0,1,0
245,231,0.451993384652728,0.217025383665054,5,4,5_4,1,1,1_1_4_5,00245_0.452_S_0.217_D_2.801_B.tiff,1,0.9999600648880005,1,0,0,0
246,102,0.563755217679179,0.0767219560552479,5,7,5_7,1,0,0_1_7_5,00246_0.564_S_0.077_D_5.111_B.tiff,1,0.9999538660049438,0,0,1,0
247,468,-0.253118083032476,-1.01352930923311,4,5,4_5,1,0,0_1_5_4,00247_-0.253_S_-1.014_D_2.431_B.tiff,1,0.999954104423523,0,0,1,0
248,227,0.455448079375827,0.341941208163342,5,4,5_4,0,1,1_0_4_5,00248_0.455_S_0.342_D.tiff,0,3.479975930531509e-05,0,0,0,1
249,532,-1.50013168539554,-1.8414800308767,2,3,2_3,0,0,0_0_3_2,00249_-1.5_S_-1.841_D.tiff,0,4.087687921128236e-05,0,1,0,0
250,987,-0.806768058015246,0.161105794721204,3,7,3_7,0,0,0_0_7_3,00250_-0.807_S_0.161_D.tiff,0,3.6112374800723046e-05,0,1,0,0
251,118,1.25706551245644,-0.560441084220798,6,6,6_6,0,0,0_0_6_6,00251_1.257_S_-0.56_D.tiff,0,3.4602762752911076e-05,0,1,0,0
252,371,0.520771420844734,-1.03327301850578,5,5,5_5,0,0,0_0_5_5,00252_0.521_S_-1.033_D.tiff,0,3.212566298316233e-05,0,1,0,0
253,778,-0.161375118676144,-0.455709212816014,4,6,4_6,0,0,0_0_6_4,00253_-0.161_S_-0.456_D.tiff,0,4.362682011560537e-05,0,1,0,0
254,274,0.356001581196799,0.536416238390917,5,4,5_4,0,1,1_0_4_5,00254_0.356_S_0.536_D.tiff,0,3.771157207665965e-05,0,0,0,1
255,294,-0.229691940139116,1.66889844644694,4,6,4_6,0,1,1_0_6_4,00255_-0.23_S_1.669_D.tiff,0,5.022503682994284e-05,0,0,0,1
256,966,0.522967601237886,1.73656421615928,5,6,5_6,0,1,1_0_6_5,00256_0.523_S_1.737_D.tiff,0,4.462401193450205e-05,0,0,0,1
257,743,-0.145789473474495,-0.689906882339521,4,5,4_5,0,0,0_0_5_4,00257_-0.146_S_-0.69_D.tiff,0,4.006869494332932e-05,0,1,0,0
258,843,-1.61290356648447,-0.191979208903508,2,6,2_6,0,0,0_0_6_2,00258_-1.613_S_-0.192_D.tiff,0,5.4491498303832486e-05,0,1,0,0
259,306,-0.496771377103548,-0.526969824602538,3,6,3_6,0,0,0_0_6_3,00259_-0.497_S_-0.527_D.tiff,0,3.66170825145673e-05,0,1,0,0
260,333,-1.43089291432515,-1.26372200507029,2,4,2_4,0,0,0_0_4_2,00260_-1.431_S_-1.264_D.tiff,0,6.224951357580721e-05,0,1,0,0
261,102,1.28811901470891,1.16405279571222,6,5,6_5,0,1,1_0_5_6,00261_1.288_S_1.164_D.tiff,0,6.562533235410228e-05,0,0,0,1
262,686,-1.23357692118136,2.13176721636192,2,7,2_7,0,1,1_0_7_2,00262_-1.234_S_2.132_D.tiff,0,0.00010497772746020928,0,0,0,1
263,349,1.46477855989533,0.0579087585820425,6,3,6_3,0,1,1_0_3_6,00263_1.465_S_0.058_D.tiff,0,0.00010890667181229219,0,0,0,1
264,77,-1.63946593568841,-1.24878002125463,2,4,2_4,0,0,0_0_4_2,00264_-1.639_S_-1.249_D.tiff,0,3.861493314616382e-05,0,1,0,0
265,809,0.703474720650195,-1.81104812837999,5,4,5_4,0,0,0_0_4_5,00265_0.703_S_-1.811_D.tiff,0,3.274986011092551e-05,0,1,0,0
266,830,-0.0963367071311839,-1.12652986403941,4,5,4_5,0,0,0_0_5_4,00266_-0.096_S_-1.127_D.tiff,0,3.3461954444646835e-05,0,1,0,0
267,258,-0.728974148084691,0.771918939518977,3,8,3_8,0,0,0_0_8_3,00267_-0.729_S_0.772_D.tiff,0,4.2011099139926955e-05,0,1,0,0
268,1017,-0.199820285728421,-1.17894574940897,4,5,4_5,0,0,0_0_5_4,00268_-0.2_S_-1.179_D.tiff,0,3.637477493612096e-05,0,1,0,0
269,925,0.368998111336262,-0.0573549399700664,5,6,5_6,0,0,0_0_6_5,00269_0.369_S_-0.057_D.tiff,0,3.4815391700249165e-05,0,1,0,0
270,554,0.47852080576,-1.71330652642392,5,4,5_4,0,0,0_0_4_5,00270_0.479_S_-1.713_D.tiff,0,3.3592274121474475e-05,0,1,0,0
271,637,1.60275858373009,-1.43224502742119,7,4,7_4,0,0,0_0_4_7,00271_1.603_S_-1.432_D.tiff,0,3.4869619412347674e-05,0,1,0,0
272,1019,1.54807486823277,-0.239119804802124,7,6,7_6,0,0,0_0_6_7,00272_1.548_S_-0.239_D.tiff,0,8.085221634246409e-05,0,1,0,0
273,821,0.834879499685957,-0.288427070073516,5,6,5_6,0,0,0_0_6_5,00273_0.835_S_-0.288_D.tiff,0,3.632943480624817e-05,0,1,0,0
274,389,1.27260520693146,-3.56051537290495,6,1,6_1,0,0,0_0_1_6,00274_1.273_S_-3.561_D.tiff,0,3.5862020013155416e-05,0,1,0,0
275,237,-1.1115002631171,-1.67639126471971,2,4,2_4,0,0,0_0_4_2,00275_-1.112_S_-1.676_D.tiff,0,2.8580723665072583e-05,0,1,0,0
276,470,1.58710853103219,-1.58031394093416,7,4,7_4,0,0,0_0_4_7,00276_1.587_S_-1.58_D.tiff,0,3.5154360375599936e-05,0,1,0,0
277,972,0.537834341306657,-0.554202536350195,5,6,5_6,0,0,0_0_6_5,00277_0.538_S_-0.554_D.tiff,0,3.1042385671753436e-05,0,1,0,0
278,949,-1.2381549951541,-0.552754470293596,2,6,2_6,0,0,0_0_6_2,00278_-1.238_S_-0.553_D.tiff,0,5.284502913127653e-05,0,1,0,0
279,933,-0.272333885074245,0.916496268481964,4,8,4_8,0,0,0_0_8_4,00279_-0.272_S_0.916_D.tiff,0,5.183383836993016e-05,0,1,0,0
280,20,0.316659280406408,-1.65628501092903,5,4,5_4,0,0,0_0_4_5,00280_0.317_S_-1.656_D.tiff,0,3.2087817089632154e-05,0,1,0,0
281,384,0.623657388617885,-0.862079540018264,5,5,5_5,0,0,0_0_5_5,00281_0.624_S_-0.862_D.tiff,0,3.3787840948207304e-05,0,1,0,0
282,799,-0.383317665975879,-2.01582855677209,4,3,4_3,0,0,0_0_3_4,00282_-0.383_S_-2.016_D.tiff,0,3.510578244458884e-05,0,1,0,0
283,966,1.26856562047358,0.251183117707451,6,7,6_7,0,0,0_0_7_6,00283_1.269_S_0.251_D.tiff,0,4.849076867685653e-05,0,1,0,0
284,165,-1.00243669366441,0.367947446065092,3,4,3_4,0,1,1_0_4_3,00284_-1.002_S_0.368_D.tiff,0,3.7220161175355315e-05,0,0,0,1
285,163,0.598110472331383,-1.10166808035948,5,5,5_5,0,0,0_0_5_5,00285_0.598_S_-1.102_D.tiff,0,3.4516902815084904e-05,0,1,0,0
286,839,0.156804676760263,-0.784329655601225,4,5,4_5,0,0,0_0_5_4,00286_0.157_S_-0.784_D.tiff,0,2.854417107300833e-05,0,1,0,0
287,403,0.505165281977686,2.02917923269785,5,7,5_7,0,1,1_0_7_5,00287_0.505_S_2.029_D.tiff,0,5.045627767685801e-05,0,0,0,1
288,707,0.186475082887818,0.511503483204818,4,7,4_7,0,0,0_0_7_4,00288_0.186_S_0.512_D.tiff,0,3.250969893997535e-05,0,1,0,0
289,1023,0.590481313298279,-1.59024502968633,5,4,5_4,0,0,0_0_4_5,00289_0.59_S_-1.59_D.tiff,0,3.511030081426725e-05,0,1,0,0
290,518,0.442191827857628,0.0256548748313116,5,7,5_7,0,0,0_0_7_5,00290_0.442_S_0.026_D.tiff,0,3.384010778972879e-05,0,1,0,0
291,436,0.892596548945558,-2.4944211915357,6,2,6_2,0,0,0_0_2_6,00291_0.893_S_-2.494_D.tiff,0,2.4894930902519263e-05,0,1,0,0
292,938,-0.52847485622309,-1.98790021392042,3,3,3_3,0,0,0_0_3_3,00292_-0.528_S_-1.988_D.tiff,0,3.659383219201118e-05,0,1,0,0
293,310,1.17740209599801,0.933138442530104,6,5,6_5,0,1,1_0_5_6,00293_1.177_S_0.933_D.tiff,0,3.4529712138464674e-05,0,0,0,1
294,531,-0.9086083408961,-2.14032858116636,3,3,3_3,0,0,0_0_3_3,00294_-0.909_S_-2.14_D.tiff,0,2.6999228794011287e-05,0,1,0,0
295,135,0.156642490061831,2.44170715552261,4,8,4_8,0,1,1_0_8_4,00295_0.157_S_2.442_D.tiff,0,3.9187263610074297e-05,0,0,0,1
296,538,0.52231310374133,-0.0815104429199083,5,6,5_6,0,0,0_0_6_5,00296_0.522_S_-0.082_D.tiff,0,3.367329190950841e-05,0,1,0,0
297,707,0.666097506006485,2.70959080159366,5,8,5_8,0,1,1_0_8_5,00297_0.666_S_2.71_D.tiff,0,6.014656901243143e-05,0,0,0,1
298,25,0.250833611223074,-2.82960402344535,5,2,5_2,0,0,0_0_2_5,00298_0.251_S_-2.83_D.tiff,0,3.0020042686373927e-05,0,1,0,0
299,268,-0.453611856588356,0.0226532132010455,3,7,3_7,0,0,0_0_7_3,00299_-0.454_S_0.023_D.tiff,0,4.5486140152206644e-05,0,1,0,0
300,368,-0.591841727954135,1.85463925246876,3,7,3_7,0,1,1_0_7_3,00300_-0.592_S_1.855_D.tiff,0,5.395193875301629e-05,0,0,0,1
301,833,-0.103821053059155,-0.148099305717563,4,3,4_3,0,1,1_0_3_4,00301_-0.104_S_-0.148_D.tiff,0,4.4025611714459956e-05,0,0,0,1
302,614,0.229969244604747,-1.58035615078531,4,4,4_4,0,0,0_0_4_4,00302_0.23_S_-1.58_D.tiff,0,3.0041983336559497e-05,0,1,0,0
303,382,-0.337233473503658,-1.7290129838619,4,4,4_4,0,0,0_0_4_4,00303_-0.337_S_-1.729_D.tiff,0,3.3107149647548795e-05,0,1,0,0
304,228,1.12060293483892,0.0009569727798344,6,3,6_3,0,1,1_0_3_6,00304_1.121_S_0.001_D.tiff,0,2.6718453227658756e-05,0,0,0,1
305,575,0.562272597350252,0.680182815768653,5,8,5_8,0,0,0_0_8_5,00305_0.562_S_0.68_D.tiff,0,3.586417005863041e-05,0,1,0,0
306,462,1.8236001324589,-2.38042075482041,7,3,7_3,0,0,0_0_3_7,00306_1.824_S_-2.38_D.tiff,0,4.9451969971414655e-05,0,1,0,0
307,1018,0.842034065512001,0.284583273827857,5,4,5_4,0,1,1_0_4_5,00307_0.842_S_0.285_D.tiff,0,3.862867379211821e-05,0,0,0,1
308,269,0.742763061855576,-2.11699058658943,5,3,5_3,0,0,0_0_3_5,00308_0.743_S_-2.117_D.tiff,0,2.8821528758271597e-05,0,1,0,0
309,14,-0.759942074456626,-2.49311668496423,3,2,3_2,0,0,0_0_2_3,00309_-0.76_S_-2.493_D.tiff,0,2.9669829018530436e-05,0,1,0,0
310,517,0.734528066085784,1.37744719744882,5,9,5_9,0,0,0_0_9_5,00310_0.735_S_1.377_D.tiff,0,4.711380825028755e-05,0,1,0,0
311,493,-0.590878490961342,0.645203346858905,3,4,3_4,0,1,1_0_4_3,00311_-0.591_S_0.645_D.tiff,0,4.9441925511928275e-05,0,0,0,1
312,898,0.917534186989312,-1.7862472635333,6,4,6_4,0,0,0_0_4_6,00312_0.918_S_-1.786_D.tiff,0,2.680836769286543e-05,0,1,0,0
313,848,-0.669971116922911,-0.755583364307974,3,5,3_5,0,0,0_0_5_3,00313_-0.67_S_-0.756_D.tiff,0,3.582048884709366e-05,0,1,0,0
314,916,-1.26563868280129,-0.555412769553945,2,6,2_6,0,0,0_0_6_2,00314_-1.266_S_-0.555_D.tiff,0,6.0416230553528294e-05,0,1,0,0
315,399,0.0638270641265994,0.215869926184106,4,4,4_4,0,1,1_0_4_4,00315_0.064_S_0.216_D.tiff,0,3.26000117638614e-05,0,0,0,1
316,43,-1.08897900544139,-1.60719718525533,2,4,2_4,0,0,0_0_4_2,00316_-1.089_S_-1.607_D.tiff,0,2.8247246518731117e-05,0,1,0,0
317,698,-1.48026589407586,-1.84296145131841,2,3,2_3,0,0,0_0_3_2,00317_-1.48_S_-1.843_D.tiff,0,4.548006836557761e-05,0,1,0,0
318,57,-0.489544724975824,0.371469457287023,3,7,3_7,0,0,0_0_7_3,00318_-0.49_S_0.371_D.tiff,0,4.585918577504344e-05,0,1,0,0
319,469,-0.0794455513266716,1.37942788833458,4,6,4_6,0,1,1_0_6_4,00319_-0.079_S_1.379_D.tiff,0,4.8383000830654055e-05,0,0,0,1
320,453,-1.11302329735805,-2.49749322650877,2,2,2_2,0,0,0_0_2_2,00320_-1.113_S_-2.497_D.tiff,0,2.709016735025216e-05,0,1,0,0
321,626,0.370301038738343,-0.505913374615729,5,6,5_6,0,0,0_0_6_5,00321_0.37_S_-0.506_D.tiff,0,3.28755886584986e-05,0,1,0,0
322,152,0.242058134088872,-0.174286858916566,4,6,4_6,0,0,0_0_6_4,00322_0.242_S_-0.174_D.tiff,0,3.5298402508487925e-05,0,1,0,0
323,175,0.633473524070802,-0.216102760208195,5,3,5_3,0,1,1_0_3_5,00323_0.633_S_-0.216_D.tiff,0,3.6926336179021746e-05,0,0,0,1
324,183,0.297364089727496,-0.97161349485025,5,5,5_5,0,0,0_0_5_5,00324_0.297_S_-0.972_D.tiff,0,3.230227594031021e-05,0,1,0,0
325,469,0.35448537888254,-1.2749499284347,5,4,5_4,0,0,0_0_4_5,00325_0.354_S_-1.275_D.tiff,0,3.150152042508125e-05,0,1,0,0
326,875,-0.233339223027914,-1.71466926570624,4,4,4_4,0,0,0_0_4_4,00326_-0.233_S_-1.715_D.tiff,0,2.8517153623397462e-05,0,1,0,0
327,753,0.0588641996238251,-0.182797425594897,4,6,4_6,0,0,0_0_6_4,00327_0.059_S_-0.183_D.tiff,0,3.136578743578866e-05,0,1,0,0
328,338,1.65452959144335,2.08135756933134,7,7,7_7,0,1,1_0_7_7,00328_1.655_S_2.081_D.tiff,0,0.00011440600792411715,0,0,0,1
329,218,-0.0813790947790871,-0.385064297497415,4,6,4_6,0,0,0_0_6_4,00329_-0.081_S_-0.385_D.tiff,0,4.1683386371005327e-05,0,1,0,0
330,796,0.389926328961774,-2.25878370872286,5,3,5_3,0,0,0_0_3_5,00330_0.39_S_-2.259_D.tiff,0,3.198742342647165e-05,0,1,0,0
331,512,-0.570700696673071,-0.121809627226926,3,3,3_3,0,1,1_0_3_3,00331_-0.571_S_-0.122_D.tiff,0,3.9674439904047176e-05,0,0,0,1
332,675,-0.579843654032439,-0.436729514554101,3,3,3_3,0,1,1_0_3_3,00332_-0.58_S_-0.437_D.tiff,0,3.621860014391132e-05,0,0,0,1
333,550,1.06942716556946,-1.74499752073459,6,4,6_4,0,0,0_0_4_6,00333_1.069_S_-1.745_D.tiff,0,1.8842685676645488e-05,0,1,0,0
334,238,-0.795789059428852,-1.25179208412346,3,4,3_4,0,0,0_0_4_3,00334_-0.796_S_-1.252_D.tiff,0,2.8936041417182423e-05,0,1,0,0
335,869,-0.378255518493819,-1.45822670143651,4,4,4_4,0,0,0_0_4_4,00335_-0.378_S_-1.458_D.tiff,0,3.45289554388728e-05,0,1,0,0
336,847,1.11037754784772,-1.57193333918149,6,4,6_4,0,0,0_0_4_6,00336_1.11_S_-1.572_D.tiff,0,1.7479622329119593e-05,0,1,0,0
337,142,-1.50954656524076,-0.0004538270263284,2,7,2_7,0,0,0_0_7_2,00337_-1.51_S_-0.0_D.tiff,0,6.603269139304757e-05,0,1,0,0
338,961,1.1850389920524,0.57814203404456,6,7,6_7,0,0,0_0_7_6,00338_1.185_S_0.578_D.tiff,0,3.231265873182565e-05,0,1,0,0
339,467,0.924051066512959,-1.23452316910013,6,4,6_4,0,0,0_0_4_6,00339_0.924_S_-1.235_D.tiff,0,2.6037534553324804e-05,0,1,0,0
340,563,-0.823334243606263,1.43063924408311,3,6,3_6,0,1,1_0_6_3,00340_-0.823_S_1.431_D.tiff,0,4.245480158715509e-05,0,0,0,1
341,23,-0.46838084604808,-1.11005869527805,3,5,3_5,0,0,0_0_5_3,00341_-0.468_S_-1.11_D.tiff,0,3.2358697353629395e-05,0,1,0,0
342,162,-0.696945350645824,-0.0387287876039346,3,6,3_6,0,0,0_0_6_3,00342_-0.697_S_-0.039_D.tiff,0,4.191433981759474e-05,0,1,0,0
343,885,0.935248552921136,1.7440011078132,6,6,6_6,0,1,1_0_6_6,00343_0.935_S_1.744_D.tiff,0,4.2503128497628495e-05,0,0,0,1
344,728,-0.587701962545781,-0.802436255840576,3,2,3_2,0,1,1_0_2_3,00344_-0.588_S_-0.802_D.tiff,0,3.643157106125727e-05,0,0,0,1
345,398,0.662735857396409,-1.02479782710602,5,5,5_5,0,0,0_0_5_5,00345_0.663_S_-1.025_D.tiff,0,3.37797864631284e-05,0,1,0,0
346,358,0.328316076935234,-0.229013359025738,5,6,5_6,0,0,0_0_6_5,00346_0.328_S_-0.229_D.tiff,0,3.538215605658479e-05,0,1,0,0
347,227,0.81488844287175,-1.10133885706585,5,5,5_5,0,0,0_0_5_5,00347_0.815_S_-1.101_D.tiff,0,2.6516801881371066e-05,0,1,0,0
348,184,-0.163968858325969,0.848556351828708,4,5,4_5,0,1,1_0_5_4,00348_-0.164_S_0.849_D.tiff,0,6.14805830991827e-05,0,0,0,1
349,352,-0.721294207416718,1.29226808249534,3,6,3_6,0,1,1_0_6_3,00349_-0.721_S_1.292_D.tiff,0,4.506680852500722e-05,0,0,0,1
350,1074,0.426844132920494,-3.12219827850502,5,1,5_1,0,0,0_0_1_5,00350_0.427_S_-3.122_D.tiff,0,3.288367952336557e-05,0,1,0,0
351,576,-0.277604904988616,-0.775693680326057,4,5,4_5,0,0,0_0_5_4,00351_-0.278_S_-0.776_D.tiff,0,3.417854168219492e-05,0,1,0,0
352,826,1.17258640454956,0.961499774895075,6,5,6_5,0,1,1_0_5_6,00352_1.173_S_0.961_D.tiff,0,3.341221236041747e-05,0,0,0,1
353,587,1.08106367826194,-0.164769091468693,6,6,6_6,0,0,0_0_6_6,00353_1.081_S_-0.165_D.tiff,0,2.634882002894301e-05,0,1,0,0
354,1051,-0.389186982845881,1.49202545268965,4,9,4_9,0,0,0_0_9_4,00354_-0.389_S_1.492_D.tiff,0,5.853039328940213e-05,0,1,0,0
355,361,1.38017314585171,-0.271514449303382,6,6,6_6,0,0,0_0_6_6,00355_1.38_S_-0.272_D.tiff,0,6.56441698083654e-05,0,1,0,0
356,346,0.0305745163700904,1.04170708034635,4,5,4_5,0,1,1_0_5_4,00356_0.031_S_1.042_D.tiff,0,3.818422555923462e-05,0,0,0,1
357,439,1.16805812678334,-0.814912766202363,6,5,6_5,0,0,0_0_5_6,00357_1.168_S_-0.815_D.tiff,0,2.221533577539958e-05,0,1,0,0
358,148,-0.124126580132667,-1.04656430657923,4,5,4_5,0,0,0_0_5_4,00358_-0.124_S_-1.047_D.tiff,0,3.5476794437272474e-05,0,1,0,0
359,864,0.778767490867997,-0.658730007207306,5,5,5_5,0,0,0_0_5_5,00359_0.779_S_-0.659_D.tiff,0,2.93037410301622e-05,0,1,0,0
360,921,0.0368617860610628,-0.0585157895524653,4,6,4_6,0,0,0_0_6_4,00360_0.037_S_-0.059_D.tiff,0,3.435333201196045e-05,0,1,0,0
361,528,-0.867850836080669,-1.48787842817366,3,4,3_4,0,0,0_0_4_3,00361_-0.868_S_-1.488_D.tiff,0,2.712641071411781e-05,0,1,0,0
362,486,-1.44493644520194,-0.766125241595663,2,5,2_5,0,0,0_0_5_2,00362_-1.445_S_-0.766_D.tiff,0,6.459349970100448e-05,0,1,0,0
363,651,-1.11521274486674,-0.0418905525144652,2,6,2_6,0,0,0_0_6_2,00363_-1.115_S_-0.042_D.tiff,0,3.9597787690581754e-05,0,1,0,0
364,812,-0.554443789827006,-1.10828954782246,3,5,3_5,0,0,0_0_5_3,00364_-0.554_S_-1.108_D.tiff,0,3.1167801353149116e-05,0,1,0,0
365,125,-1.02830873201471,-0.88419332003265,3,5,3_5,0,0,0_0_5_3,00365_-1.028_S_-0.884_D.tiff,0,2.8690335966530256e-05,0,1,0,0
366,243,0.0065339487894892,-0.2907353415757,4,6,4_6,0,0,0_0_6_4,00366_0.007_S_-0.291_D.tiff,0,3.5760149330599234e-05,0,1,0,0
367,980,-0.0940037162392466,0.0872321024446058,4,4,4_4,0,1,1_0_4_4,00367_-0.094_S_0.087_D.tiff,0,4.519005960901268e-05,0,0,0,1
368,284,1.097371181201,2.18809421721232,6,7,6_7,0,1,1_0_7_6,00368_1.097_S_2.188_D.tiff,0,3.5862871300196275e-05,0,0,0,1
369,501,0.122298580525141,-0.506279100639563,4,2,4_2,0,1,1_0_2_4,00369_0.122_S_-0.506_D.tiff,0,2.876990220102016e-05,0,0,0,1
370,681,-0.784405985193665,0.665097201286526,3,5,3_5,0,1,1_0_5_3,00370_-0.784_S_0.665_D.tiff,0,3.867615305352956e-05,0,0,0,1
371,958,2.02516125701435,-1.01802568750429,7,5,7_5,0,0,0_0_5_7,00371_2.025_S_-1.018_D.tiff,0,0.0004234027583152056,0,1,0,0
372,63,1.66785591518575,-0.826802183568122,7,5,7_5,0,0,0_0_5_7,00372_1.668_S_-0.827_D.tiff,0,4.0123952203430235e-05,0,1,0,0
373,139,0.298522151946828,0.338837428330753,5,7,5_7,0,0,0_0_7_5,00373_0.299_S_0.339_D.tiff,0,3.623849988798611e-05,0,1,0,0
374,628,1.26555003513283,0.340849721259808,6,7,6_7,0,0,0_0_7_6,00374_1.266_S_0.341_D.tiff,0,4.821047332370654e-05,0,1,0,0
375,893,-0.909070723745645,-1.18403888406381,3,5,3_5,0,0,0_0_5_3,00375_-0.909_S_-1.184_D.tiff,0,2.611985291878227e-05,0,1,0,0
376,523,0.716511732169501,-1.05441593708281,5,5,5_5,0,0,0_0_5_5,00376_0.717_S_-1.054_D.tiff,0,3.014075628016144e-05,0,1,0,0
377,1009,-1.31715627131661,0.0823917328661969,2,7,2_7,0,0,0_0_7_2,00377_-1.317_S_0.082_D.tiff,0,0.00010028896940639243,0,1,0,0
378,939,-0.781114217114285,-0.411684432381961,3,6,3_6,0,0,0_0_6_3,00378_-0.781_S_-0.412_D.tiff,0,3.001031291205436e-05,0,1,0,0
379,446,-0.336820016696057,1.38650199362583,4,6,4_6,0,1,1_0_6_4,00379_-0.337_S_1.387_D.tiff,0,5.975523527013138e-05,0,0,0,1
380,543,-0.267792208404404,-1.13902996020213,4,5,4_5,0,0,0_0_5_4,00380_-0.268_S_-1.139_D.tiff,0,3.2410272979177535e-05,0,1,0,0
381,258,0.31451658345035,1.04799924156206,5,5,5_5,0,1,1_0_5_5,00381_0.315_S_1.048_D.tiff,0,4.4446616811910644e-05,0,0,0,1
382,775,1.44164422673527,-0.520475926017149,6,6,6_6,0,0,0_0_6_6,00382_1.442_S_-0.52_D.tiff,0,7.761896267766133e-05,0,1,0,0
383,438,0.138484004256475,-1.44565012132616,4,4,4_4,0,0,0_0_4_4,00383_0.138_S_-1.446_D.tiff,0,2.4599248718004674e-05,0,1,0,0
384,971,-0.881306560846515,-0.573526315687416,3,6,3_6,0,0,0_0_6_3,00384_-0.881_S_-0.574_D.tiff,0,3.067561920033768e-05,0,1,0,0
385,1041,-0.809255837862842,-1.33943502584922,3,4,3_4,0,0,0_0_4_3,00385_-0.809_S_-1.339_D.tiff,0,2.921748637163546e-05,0,1,0,0
386,699,0.409844107439577,-1.48580737684089,5,4,5_4,0,0,0_0_4_5,00386_0.41_S_-1.486_D.tiff,0,3.1060062610777095e-05,0,1,0,0
387,396,0.972066218248799,-1.31594586505483,6,4,6_4,0,0,0_0_4_6,00387_0.972_S_-1.316_D.tiff,0,2.4109071091515943e-05,0,1,0,0
388,6,-1.15027169682186,1.06014360259744,2,5,2_5,0,1,1_0_5_2,00388_-1.15_S_1.06_D.tiff,0,5.16045001859311e-05,0,0,0,1
389,1048,-0.848018887600536,-1.52402185033831,3,4,3_4,0,0,0_0_4_3,00389_-0.848_S_-1.524_D.tiff,0,2.7129102818435058e-05,0,1,0,0
390,519,-0.896577162408441,-1.02200225288915,3,5,3_5,0,0,0_0_5_3,00390_-0.897_S_-1.022_D.tiff,0,2.7144526029587723e-05,0,1,0,0
391,762,-0.355751803013421,0.0515519446927146,4,7,4_7,0,0,0_0_7_4,00391_-0.356_S_0.052_D.tiff,0,4.7031076974235475e-05,0,1,0,0
392,988,0.681358921488995,0.906711519020445,5,5,5_5,0,1,1_0_5_5,00392_0.681_S_0.907_D.tiff,0,4.4688316847896203e-05,0,0,0,1
393,694,-0.652113137274113,0.621892748442503,3,4,3_4,0,1,1_0_4_3,00393_-0.652_S_0.622_D.tiff,0,5.018605952500366e-05,0,0,0,1
394,224,-1.21352453694569,0.938601371577824,2,5,2_5,0,1,1_0_5_2,00394_-1.214_S_0.939_D.tiff,0,6.77842108416371e-05,0,0,0,1
395,932,-0.918286574907638,-2.23842947748925,3,3,3_3,0,0,0_0_3_3,00395_-0.918_S_-2.238_D.tiff,0,2.6463194444659166e-05,0,1,0,0
396,910,0.225761111880564,-1.43786585451711,4,4,4_4,0,0,0_0_4_4,00396_0.226_S_-1.438_D.tiff,0,2.9886930860811844e-05,0,1,0,0
397,497,-1.7464010285468,-1.2641411990995,1,4,1_4,0,0,0_0_4_1,00397_-1.746_S_-1.264_D.tiff,0,7.436004671035334e-05,0,1,0,0
398,821,-1.53694665704487,0.28170791402561,2,4,2_4,0,1,1_0_4_2,00398_-1.537_S_0.282_D.tiff,0,7.18906958354637e-05,0,0,0,1
399,228,-0.346813434338736,-1.04367359861428,4,5,4_5,0,0,0_0_5_4,00399_-0.347_S_-1.044_D.tiff,0,3.642340743681416e-05,0,1,0,0
400,335,-0.337927573128323,-1.45420698157997,4,4,4_4,0,0,0_0_4_4,00400_-0.338_S_-1.454_D.tiff,0,3.3979227737290785e-05,0,1,0,0
401,734,-0.340793579166421,-0.761687823380376,4,5,4_5,0,0,0_0_5_4,00401_-0.341_S_-0.762_D.tiff,0,3.7576592148980126e-05,0,1,0,0
402,92,-1.5109184015083,-1.00355439067649,2,5,2_5,0,0,0_0_5_2,00402_-1.511_S_-1.004_D.tiff,0,4.3821626604767516e-05,0,1,0,0
403,444,-0.723808877376647,2.49830168306488,3,8,3_8,0,1,1_0_8_3,00403_-0.724_S_2.498_D.tiff,0,5.572160807787441e-05,0,0,0,1
404,29,0.329294525658856,1.11330898600331,5,5,5_5,0,1,1_0_5_5,00404_0.329_S_1.113_D.tiff,0,4.357509169494733e-05,0,0,0,1
405,906,0.383090096369383,-1.94570767677937,5,3,5_3,0,0,0_0_3_5,00405_0.383_S_-1.946_D.tiff,0,3.255654519307427e-05,0,1,0,0
406,1031,0.317074746863812,-2.63973036061037,5,2,5_2,0,0,0_0_2_5,00406_0.317_S_-2.64_D.tiff,0,3.1839485018281266e-05,0,1,0,0
407,58,-2.80220183986963,-1.3524573659016,0,4,0_4,0,0,0_0_4_0,00407_-2.802_S_-1.352_D.tiff,0,0.0838683694601059,0,1,0,0
408,365,0.535885698814906,1.3879570860152,5,6,5_6,0,1,1_0_6_5,00408_0.536_S_1.388_D.tiff,0,4.2452291381778196e-05,0,0,0,1
409,104,1.03246929856687,-0.634082042093824,6,5,6_5,0,0,0_0_5_6,00409_1.032_S_-0.634_D.tiff,0,2.5047002054634504e-05,0,1,0,0
410,800,0.505423216116707,-0.0186560735892898,5,6,5_6,0,0,0_0_6_5,00410_0.505_S_-0.019_D.tiff,0,3.511093746055849e-05,0,1,0,0
411,583,1.37750366685114,-1.52225042315666,6,4,6_4,0,0,0_0_4_6,00411_1.378_S_-1.522_D.tiff,0,4.835652362089604e-05,0,1,0,0
412,926,-0.694538389758791,-0.899909586886693,3,5,3_5,0,0,0_0_5_3,00412_-0.695_S_-0.9_D.tiff,0,3.515251228236593e-05,0,1,0,0
413,108,-0.522749851910517,0.823593934094242,3,5,3_5,0,1,1_0_5_3,00413_-0.523_S_0.824_D.tiff,0,5.339352719602175e-05,0,0,0,1
414,24,-0.149620036850198,1.15675108662423,4,5,4_5,0,1,1_0_5_4,00414_-0.15_S_1.157_D.tiff,0,5.9014520957134664e-05,0,0,0,1
415,957,1.50294754911338,0.174695968236105,6,4,6_4,0,1,1_0_4_6,00415_1.503_S_0.175_D.tiff,0,0.00010697096877265722,0,0,0,1
416,274,-1.65881795437525,-1.95372647268053,2,3,2_3,0,0,0_0_3_2,00416_-1.659_S_-1.954_D.tiff,0,3.437371560721658e-05,0,1,0,0
417,93,-0.734735136577122,-1.70251446379852,3,4,3_4,0,0,0_0_4_3,00417_-0.735_S_-1.703_D.tiff,0,3.0806666472926736e-05,0,1,0,0
418,125,-0.913492528492559,1.36283979918875,3,6,3_6,0,1,1_0_6_3,00418_-0.913_S_1.363_D.tiff,0,3.8568970921915025e-05,0,0,0,1
419,116,1.33193277744634,-0.884249329290105,6,5,6_5,0,0,0_0_5_6,00419_1.332_S_-0.884_D.tiff,0,4.728818385046907e-05,0,1,0,0
420,946,-0.437649937016604,-2.12300668022897,3,3,3_3,0,0,0_0_3_3,00420_-0.438_S_-2.123_D.tiff,0,3.4648459404706955e-05,0,1,0,0
421,587,-1.51481189832797,1.42535834761277,2,6,2_6,0,1,1_0_6_2,00421_-1.515_S_1.425_D.tiff,0,0.00010330632358090952,0,0,0,1
422,504,-0.278471575121466,0.163531895635783,4,7,4_7,0,0,0_0_7_4,00422_-0.278_S_0.164_D.tiff,0,4.196961526758969e-05,0,1,0,0
423,496,-2.20216163387394,-0.871328599461421,1,5,1_5,0,0,0_0_5_1,00423_-2.202_S_-0.871_D.tiff,0,0.0002984898746944964,0,1,0,0
424,452,-0.93548327746938,0.952708492783004,3,5,3_5,0,1,1_0_5_3,00424_-0.935_S_0.953_D.tiff,0,3.822718281298876e-05,0,0,0,1
425,369,-0.459639667476792,-0.100351871236016,3,6,3_6,0,0,0_0_6_3,00425_-0.46_S_-0.1_D.tiff,0,4.283450834918767e-05,0,1,0,0
426,167,0.28786497263367,-1.43955369675751,5,4,5_4,0,0,0_0_4_5,00426_0.288_S_-1.44_D.tiff,0,3.3079693821491674e-05,0,1,0,0
427,445,0.638210330573098,0.220160635853607,5,4,5_4,0,1,1_0_4_5,00427_0.638_S_0.22_D.tiff,0,3.6937108234269544e-05,0,0,0,1
428,295,-0.464066628548828,1.11014858766365,3,5,3_5,0,1,1_0_5_3,00428_-0.464_S_1.11_D.tiff,0,5.475888247019611e-05,0,0,0,1
429,194,0.109759189663911,-1.92311855584883,4,3,4_3,0,0,0_0_3_4,00429_0.11_S_-1.923_D.tiff,0,2.3953072741278447e-05,0,1,0,0
430,1016,0.158564147395333,-1.32816814707501,4,4,4_4,0,0,0_0_4_4,00430_0.159_S_-1.328_D.tiff,0,2.6289284505764954e-05,0,1,0,0
431,1073,0.0773491369101168,2.15785702751644,4,7,4_7,0,1,1_0_7_4,00431_0.077_S_2.158_D.tiff,0,4.003810681751929e-05,0,0,0,1
432,299,-0.748592015570598,0.704767775121266,3,8,3_8,0,0,0_0_8_3,00432_-0.749_S_0.705_D.tiff,0,3.799370824708603e-05,0,1,0,0
433,526,0.111186559048771,0.389548426054281,4,7,4_7,0,0,0_0_7_4,00433_0.111_S_0.39_D.tiff,0,3.192086660419591e-05,0,1,0,0
434,385,1.88275506036371,-2.46350011013702,7,2,7_2,0,0,0_0_2_7,00434_1.883_S_-2.464_D.tiff,0,7.489377458114177e-05,0,1,0,0
435,216,-1.11312017631573,-0.879594991195383,2,5,2_5,0,0,0_0_5_2,00435_-1.113_S_-0.88_D.tiff,0,3.0229068215703592e-05,0,1,0,0
436,435,0.141017122557625,-0.289526572643077,4,3,4_3,0,1,1_0_3_4,00436_0.141_S_-0.29_D.tiff,0,2.8857723009423353e-05,0,0,0,1
437,625,0.16722366277453,-2.09524612775118,4,3,4_3,0,0,0_0_3_4,00437_0.167_S_-2.095_D.tiff,0,2.6192190489382483e-05,0,1,0,0
438,521,-0.425929435416613,-0.762419966147774,3,5,3_5,0,0,0_0_5_3,00438_-0.426_S_-0.762_D.tiff,0,3.7674763007089496e-05,0,1,0,0
439,646,1.14625759094285,-0.825855353199125,6,5,6_5,0,0,0_0_5_6,00439_1.146_S_-0.826_D.tiff,0,2.1096198906889185e-05,0,1,0,0
440,935,0.894061514426755,-1.05838962713931,6,5,6_5,0,0,0_0_5_6,00440_0.894_S_-1.058_D.tiff,0,2.733595647441689e-05,0,1,0,0
441,160,-0.222494365854891,-1.65266614415593,4,4,4_4,0,0,0_0_4_4,00441_-0.222_S_-1.653_D.tiff,0,3.053654290852137e-05,0,1,0,0
442,65,0.372081727549737,0.803804027195503,5,5,5_5,0,1,1_0_5_5,00442_0.372_S_0.804_D.tiff,0,3.920102244592272e-05,0,0,0,1
443,705,0.486151650865272,-0.498577930828534,5,6,5_6,0,0,0_0_6_5,00443_0.486_S_-0.499_D.tiff,0,3.302113327663392e-05,0,1,0,0
444,404,0.369833861085523,0.223388252345284,5,7,5_7,0,0,0_0_7_5,00444_0.37_S_0.223_D.tiff,0,3.4455832064850256e-05,0,1,0,0
445,267,-0.221607284697904,-0.817098658135803,4,5,4_5,0,0,0_0_5_4,00445_-0.222_S_-0.817_D.tiff,0,3.504687629174441e-05,0,1,0,0
446,736,0.660402610399638,1.29736526280001,5,6,5_6,0,1,1_0_6_5,00446_0.66_S_1.297_D.tiff,0,5.181254164199345e-05,0,0,0,1
447,301,-0.283600326531817,1.55568790180808,4,6,4_6,0,1,1_0_6_4,00447_-0.284_S_1.556_D.tiff,0,4.930585055262782e-05,0,0,0,1
448,1062,0.508935206965518,0.213436870501551,5,7,5_7,0,0,0_0_7_5,00448_0.509_S_0.213_D.tiff,0,3.395687599550001e-05,0,1,0,0
449,542,-0.512700777885911,-1.39295306988657,3,4,3_4,0,0,0_0_4_3,00449_-0.513_S_-1.393_D.tiff,0,3.4255812352057546e-05,0,1,0,0
450,985,0.981066230537127,1.15069812435709,6,8,6_8,0,0,0_0_8_6,00450_0.981_S_1.151_D.tiff,0,3.896706402883865e-05,0,1,0,0
451,990,-1.37955546127931,0.302110736407511,2,7,2_7,0,0,0_0_7_2,00451_-1.38_S_0.302_D.tiff,0,0.00012455083196982741,0,1,0,0
452,379,0.0363857845782214,-2.49155002152363,4,2,4_2,0,0,0_0_2_4,00452_0.036_S_-2.492_D.tiff,0,2.7086885893368162e-05,0,1,0,0
453,107,0.042918312253502,-0.488977195332333,4,6,4_6,0,0,0_0_6_4,00453_0.043_S_-0.489_D.tiff,0,3.325232319184579e-05,0,1,0,0
454,208,0.40990237374952,-2.36498709467094,5,3,5_3,0,0,0_0_3_5,00454_0.41_S_-2.365_D.tiff,0,3.159481639158912e-05,0,1,0,0
455,73,0.480556205853501,0.852269720112929,5,8,5_8,0,0,0_0_8_5,00455_0.481_S_0.852_D.tiff,0,3.826533065875992e-05,0,1,0,0
456,892,0.266004635181845,0.978886414976553,5,5,5_5,0,1,1_0_5_5,00456_0.266_S_0.979_D.tiff,0,4.410247129271738e-05,0,0,0,1
457,730,-1.28384844131434,-0.198795244634763,2,6,2_6,0,0,0_0_6_2,00457_-1.284_S_-0.199_D.tiff,0,7.168690353864804e-05,0,1,0,0
458,661,0.070631850628548,0.573714992187005,4,7,4_7,0,0,0_0_7_4,00458_0.071_S_0.574_D.tiff,0,3.498252772260457e-05,0,1,0,0
459,895,-0.801021003858064,-0.568889051026071,3,6,3_6,0,0,0_0_6_3,00459_-0.801_S_-0.569_D.tiff,0,3.096763975918293e-05,0,1,0,0
460,717,1.08187587722185,1.36787456507424,6,6,6_6,0,1,1_0_6_6,00460_1.082_S_1.368_D.tiff,0,3.242467573727481e-05,0,0,0,1
461,446,0.0449824016906332,-2.24593250745186,4,3,4_3,0,0,0_0_3_4,00461_0.045_S_-2.246_D.tiff,0,2.6483494366402738e-05,0,1,0,0
462,615,-0.0207199741255432,-1.1301661758302,4,5,4_5,0,0,0_0_5_4,00462_-0.021_S_-1.13_D.tiff,0,3.100007961620577e-05,0,1,0,0
463,119,-0.622262229997915,-2.7051204421875,3,2,3_2,0,0,0_0_2_3,00463_-0.622_S_-2.705_D.tiff,0,4.04356251237914e-05,0,1,0,0
464,298,0.538682391984056,-3.22675653978092,5,1,5_1,0,0,0_0_1_5,00464_0.539_S_-3.227_D.tiff,0,3.3010994229698554e-05,0,1,0,0
465,87,-0.0343582042939187,0.556418777025581,4,4,4_4,0,1,1_0_4_4,00465_-0.034_S_0.556_D.tiff,0,4.597154111252166e-05,0,0,0,1
466,1068,0.766172288479797,0.386419294270049,5,7,5_7,0,0,0_0_7_5,00466_0.766_S_0.386_D.tiff,0,3.655961336335167e-05,0,1,0,0
467,317,0.276325354240157,-1.677415088691,5,4,5_4,0,0,0_0_4_5,00467_0.276_S_-1.677_D.tiff,0,3.269394437666051e-05,0,1,0,0
468,927,1.66065082561052,0.811450130504014,7,5,7_5,0,1,1_0_5_7,00468_1.661_S_0.811_D.tiff,0,8.050201722653583e-05,0,0,0,1
469,308,-0.108498430644802,-1.96215634973647,4,3,4_3,0,0,0_0_3_4,00469_-0.108_S_-1.962_D.tiff,0,3.279226802987978e-05,0,1,0,0
470,200,-0.51752360899512,-1.8779033831785,3,3,3_3,0,0,0_0_3_3,00470_-0.518_S_-1.878_D.tiff,0,3.735193604370579e-05,0,1,0,0
471,170,0.118158589708079,0.247688527554411,4,4,4_4,0,1,1_0_4_4,00471_0.118_S_0.248_D.tiff,0,3.0212007914087735e-05,0,0,0,1
472,59,-0.046159361066252,-0.830583578896375,4,5,4_5,0,0,0_0_5_4,00472_-0.046_S_-0.831_D.tiff,0,3.455715341260657e-05,0,1,0,0
473,1039,0.0429937581084853,-1.31365552319528,4,4,4_4,0,0,0_0_4_4,00473_0.043_S_-1.314_D.tiff,0,2.7076735932496376e-05,0,1,0,0
474,792,0.418265343038995,-2.65573766969748,5,2,5_2,0,0,0_0_2_5,00474_0.418_S_-2.656_D.tiff,0,3.19249156746082e-05,0,1,0,0
475,975,0.647467422181479,1.95867780796939,5,7,5_7,0,1,1_0_7_5,00475_0.647_S_1.959_D.tiff,0,5.402545502875e-05,0,0,0,1
476,378,-1.32789858232425,-0.17055153030322,2,3,2_3,0,1,1_0_3_2,00476_-1.328_S_-0.171_D.tiff,0,8.624835027148947e-05,0,0,0,1
477,117,0.372425954872747,-1.9158716729607,5,3,5_3,0,0,0_0_3_5,00477_0.372_S_-1.916_D.tiff,0,3.176148311467841e-05,0,1,0,0
478,905,0.0700417941961388,1.12099772850016,4,5,4_5,0,1,1_0_5_4,00478_0.07_S_1.121_D.tiff,0,3.675930202007294e-05,0,0,0,1
479,64,-0.486439789821561,-1.01961335337451,3,5,3_5,0,0,0_0_5_3,00479_-0.486_S_-1.02_D.tiff,0,3.3258635085076094e-05,0,1,0,0
480,156,-0.824457924674931,-0.378574684135914,3,3,3_3,0,1,1_0_3_3,00480_-0.824_S_-0.379_D.tiff,0,3.235131953260861e-05,0,0,0,1
481,641,0.0415479866659824,-0.384532321515606,4,6,4_6,0,0,0_0_6_4,00481_0.042_S_-0.385_D.tiff,0,3.4294153010705486e-05,0,1,0,0
482,892,1.02271783353469,-2.26408876639372,6,3,6_3,0,0,0_0_3_6,00482_1.023_S_-2.264_D.tiff,0,1.876348142104689e-05,0,1,0,0
483,343,-0.144981887386556,-0.578000994956864,4,6,4_6,0,0,0_0_6_4,00483_-0.145_S_-0.578_D.tiff,0,4.086565240868367e-05,0,1,0,0
484,688,0.983375959229515,-1.20073010322928,6,5,6_5,0,0,0_0_5_6,00484_0.983_S_-1.201_D.tiff,0,2.528339064156171e-05,0,1,0,0
485,1008,-1.23482304904515,-0.990041947479268,2,5,2_5,0,0,0_0_5_2,00485_-1.235_S_-0.99_D.tiff,0,5.022469485993497e-05,0,1,0,0
486,215,0.568052419144084,0.754351404269105,5,8,5_8,0,0,0_0_8_5,00486_0.568_S_0.754_D.tiff,0,3.5999659303342924e-05,0,1,0,0
487,1030,0.525185839810878,-1.37265320756152,5,4,5_4,0,0,0_0_4_5,00487_0.525_S_-1.373_D.tiff,0,3.107049269601703e-05,0,1,0,0
488,537,-0.230275350978122,-1.90216276869274,4,3,4_3,0,0,0_0_3_4,00488_-0.23_S_-1.902_D.tiff,0,2.7211861379328184e-05,0,1,0,0
489,24,1.72945078362072,0.482571163033857,7,7,7_7,0,0,0_0_7_7,00489_1.729_S_0.483_D.tiff,0,7.139163790270686e-05,0,1,0,0
490,1002,-1.23193335829423,0.579318593202666,2,4,2_4,0,1,1_0_4_2,00490_-1.232_S_0.579_D.tiff,0,7.13633926352486e-05,0,0,0,1
491,1012,-0.203048614682418,0.71379504562545,4,5,4_5,0,1,1_0_5_4,00491_-0.203_S_0.714_D.tiff,0,5.300118209561333e-05,0,0,0,1
492,764,-2.10697393562351,-0.18976437673212,1,6,1_6,0,0,0_0_6_1,00492_-2.107_S_-0.19_D.tiff,0,0.0007890643901191652,0,1,0,0
493,506,-0.909027919269522,0.0547807939699047,3,7,3_7,0,0,0_0_7_3,00493_-0.909_S_0.055_D.tiff,0,3.2668169296812266e-05,0,1,0,0
494,65,-1.30271989525969,-0.6835214607204,2,5,2_5,0,0,0_0_5_2,00494_-1.303_S_-0.684_D.tiff,0,6.745863356627524e-05,0,1,0,0
495,249,1.77370195918003,-0.919812475857303,7,5,7_5,0,0,0_0_5_7,00495_1.774_S_-0.92_D.tiff,0,4.708555934485048e-05,0,1,0,0
496,455,1.03039265650259,-1.90476565782009,6,3,6_3,0,0,0_0_3_6,00496_1.03_S_-1.905_D.tiff,0,1.9738097762456164e-05,0,1,0,0
497,833,-0.472650680152689,-0.411403881793442,3,6,3_6,0,0,0_0_6_3,00497_-0.473_S_-0.411_D.tiff,0,3.68036053259857e-05,0,1,0,0
498,157,-0.474119276287215,-1.12696083044176,3,5,3_5,0,0,0_0_5_3,00498_-0.474_S_-1.127_D.tiff,0,3.2234358513960615e-05,0,1,0,0
