,Unnamed: 0,isv_dst,effect_dst,isv_bin,effect_bin,both_bins,bias_label,ground_truth,strat_col,filepath,filename,preds,preds_raw_1,TP,TN,FP,FN
0,309,0.570336345431275,-0.109053411700528,5,3,5_3,1,1,1_1_3_5,,00000_0.57_S_-0.109_D_0.567_B.nii.gz,0,0.413287490606308,0,0,0,1
1,645,-0.997364939237496,-1.1556876055492,3,5,3_5,1,0,0_1_5_3,,00001_-0.997_S_-1.156_D_2.455_B.nii.gz,0,0.06924653798341751,0,1,0,0
2,480,0.374307456235328,-3.17422070120838,5,1,5_1,1,0,0_1_1_5,,00002_0.374_S_-3.174_D_2.504_B.nii.gz,0,0.011135530658066273,0,1,0,0
3,527,0.0507043875163329,-1.53127201875778,4,4,4_4,1,0,0_1_4_4,,00003_0.051_S_-1.531_D_-0.152_B.nii.gz,0,0.015269500203430653,0,1,0,0
4,895,0.463768821489439,0.758908251225166,5,5,5_5,1,1,1_1_5_5,,00004_0.464_S_0.759_D_3.099_B.nii.gz,1,0.7937531471252441,1,0,0,0
5,199,0.379609208945021,2.51497298266472,5,8,5_8,1,1,1_1_8_5,,00005_0.38_S_2.515_D_3.668_B.nii.gz,1,0.9690231680870056,1,0,0,0
6,132,1.37906048330319,-0.730449697422979,6,5,6_5,1,0,0_1_5_6,,00006_1.379_S_-0.73_D_1.288_B.nii.gz,0,0.10015597194433212,0,1,0,0
7,1031,0.0098169189446967,0.680266187787318,4,5,4_5,1,1,1_1_5_4,,00007_0.01_S_0.68_D_1.645_B.nii.gz,1,0.7914226055145264,1,0,0,0
8,796,-0.460717135055833,-0.217825158458249,3,3,3_3,1,1,1_1_3_3,,00008_-0.461_S_-0.218_D_2.204_B.nii.gz,0,0.39257174730300903,0,0,0,1
9,347,-0.810061901274621,2.47914421091831,3,8,3_8,1,1,1_1_8_3,,00009_-0.81_S_2.479_D_2.335_B.nii.gz,1,0.9900514483451843,1,0,0,0
10,775,1.64789505406451,0.470843033972082,7,4,7_4,1,1,1_1_4_7,,00010_1.648_S_0.471_D_1.242_B.nii.gz,1,0.6639447808265686,1,0,0,0
11,912,1.59895547019219,1.18723336889944,7,5,7_5,1,1,1_1_5_7,,00011_1.599_S_1.187_D_-0.475_B.nii.gz,1,0.9169577360153198,1,0,0,0
12,494,0.0100583028853002,2.39112387787639,4,7,4_7,1,1,1_1_7_4,,00012_0.01_S_2.391_D_1.763_B.nii.gz,1,0.9789886474609375,1,0,0,0
13,200,-0.782928064795758,-0.246593058285708,3,3,3_3,1,1,1_1_3_3,,00013_-0.783_S_-0.247_D_2.98_B.nii.gz,0,0.3785242438316345,0,0,0,1
14,551,-0.0582296598383077,1.14321889347767,4,5,4_5,1,1,1_1_5_4,,00014_-0.058_S_1.143_D_1.739_B.nii.gz,1,0.9390115737915039,1,0,0,0
15,181,0.884150659491005,-1.11031979370767,5,5,5_5,1,0,0_1_5_5,,00015_0.884_S_-1.11_D_2.697_B.nii.gz,0,0.043985430151224136,0,1,0,0
16,1043,-0.334735698064363,-0.982916503137466,4,2,4_2,1,1,1_1_2_4,,00016_-0.335_S_-0.983_D_0.915_B.nii.gz,0,0.09970114380121231,0,0,0,1
17,82,-0.0426829006306195,-0.202014289813957,4,6,4_6,1,0,0_1_6_4,,00017_-0.043_S_-0.202_D_2.439_B.nii.gz,0,0.3910216689109802,0,1,0,0
18,1066,0.923691450438946,1.74981988190992,6,6,6_6,1,1,1_1_6_6,,00018_0.924_S_1.75_D_2.412_B.nii.gz,1,0.9634022116661072,1,0,0,0
19,776,-0.174821291932878,1.66353962317159,4,6,4_6,1,1,1_1_6_4,,00019_-0.175_S_1.664_D_2.226_B.nii.gz,1,0.9778338670730591,1,0,0,0
20,63,-0.542087947854144,-0.18719452785014,3,3,3_3,1,1,1_1_3_3,,00020_-0.542_S_-0.187_D_2.585_B.nii.gz,0,0.417330801486969,0,0,0,1
21,910,-0.671546497063564,0.951024004844266,3,5,3_5,1,1,1_1_5_3,,00021_-0.672_S_0.951_D_2.489_B.nii.gz,1,0.9340458512306213,1,0,0,0
22,909,-0.731763065752634,-0.11888905135258,3,6,3_6,1,0,0_1_6_3,,00022_-0.732_S_-0.119_D_1.865_B.nii.gz,0,0.4861840605735779,0,1,0,0
23,82,1.14016823596136,1.35258906728527,6,6,6_6,1,1,1_1_6_6,,00023_1.14_S_1.353_D_3.373_B.nii.gz,1,0.9411712884902954,1,0,0,0
24,417,-1.13073185832252,-1.19473381102391,2,5,2_5,1,0,0_1_5_2,,00024_-1.131_S_-1.195_D_1.888_B.nii.gz,0,0.04306435212492943,0,1,0,0
25,130,-0.291474078151343,0.154502967120676,4,4,4_4,1,1,1_1_4_4,,00025_-0.291_S_0.155_D_1.468_B.nii.gz,1,0.6181433200836182,1,0,0,0
26,507,1.70525919454589,-0.893807136511814,7,2,7_2,1,1,1_1_2_7,,00026_1.705_S_-0.894_D_1.754_B.nii.gz,0,0.06587635725736618,0,0,0,1
27,799,-0.077734226688767,-0.977372816687008,4,2,4_2,1,1,1_1_2_4,,00027_-0.078_S_-0.977_D_1.012_B.nii.gz,0,0.09492822736501694,0,0,0,1
28,644,-0.66173487693197,2.03847997202348,3,7,3_7,1,1,1_1_7_3,,00028_-0.662_S_2.038_D_1.241_B.nii.gz,1,0.9870520830154419,1,0,0,0
29,419,0.131453218183113,0.35270754861272,4,4,4_4,1,1,1_1_4_4,,00029_0.131_S_0.353_D_3.382_B.nii.gz,1,0.6599159240722656,1,0,0,0
30,941,-0.247006847062954,1.71408463239443,4,6,4_6,1,1,1_1_6_4,,00030_-0.247_S_1.714_D_0.236_B.nii.gz,1,0.9806635975837708,1,0,0,0
31,11,-1.37150349504782,0.575626031431463,2,7,2_7,1,0,0_1_7_2,,00031_-1.372_S_0.576_D_-0.478_B.nii.gz,1,0.908025860786438,0,0,1,0
32,945,0.236299963567539,0.463975589526907,4,4,4_4,1,1,1_1_4_4,,00032_0.236_S_0.464_D_1.724_B.nii.gz,1,0.6946535110473633,1,0,0,0
33,554,1.46199007758501,1.55233989247011,6,6,6_6,1,1,1_1_6_6,,00033_1.462_S_1.552_D_1.479_B.nii.gz,1,0.9459797739982605,1,0,0,0
34,79,-1.48411520953639,2.52352940045616,2,8,2_8,1,1,1_1_8_2,,00034_-1.484_S_2.524_D_3.48_B.nii.gz,1,0.9868152141571045,1,0,0,0
35,455,2.04773884202066,1.05195516951614,7,5,7_5,1,1,1_1_5_7,,00035_2.048_S_1.052_D_2.17_B.nii.gz,1,0.9300064444541931,1,0,0,0
36,834,-0.498851310204967,0.515642954406913,3,4,3_4,1,1,1_1_4_3,,00036_-0.499_S_0.516_D_1.758_B.nii.gz,1,0.6392961740493774,1,0,0,0
37,122,0.407742183732255,0.881390176122306,5,5,5_5,1,1,1_1_5_5,,00037_0.408_S_0.881_D_1.548_B.nii.gz,1,0.8446804881095886,1,0,0,0
38,1024,-0.439825840643152,-1.04172752419872,3,2,3_2,1,1,1_1_2_3,,00038_-0.44_S_-1.042_D_3.224_B.nii.gz,0,0.09841197729110718,0,0,0,1
39,884,0.487971923566719,1.46020759293821,5,6,5_6,1,1,1_1_6_5,,00039_0.488_S_1.46_D_1.286_B.nii.gz,1,0.9282906651496887,1,0,0,0
40,475,-0.620372003615136,0.0286148281179567,3,3,3_3,1,1,1_1_3_3,,00040_-0.62_S_0.029_D_2.662_B.nii.gz,1,0.5459151268005371,1,0,0,0
41,38,0.679692885194423,-1.79779575788954,5,4,5_4,1,0,0_1_4_5,,00041_0.68_S_-1.798_D_2.334_B.nii.gz,0,0.009201341308653355,0,1,0,0
42,313,-0.71786962164184,0.77275741699944,3,5,3_5,1,1,1_1_5_3,,00042_-0.718_S_0.773_D_-0.397_B.nii.gz,1,0.8795536160469055,1,0,0,0
43,307,0.248364414470472,1.06755055831065,5,5,5_5,1,1,1_1_5_5,,00043_0.248_S_1.068_D_2.113_B.nii.gz,1,0.8974552154541016,1,0,0,0
44,60,-0.511534947568658,1.20313861038961,3,5,3_5,1,1,1_1_5_3,,00044_-0.512_S_1.203_D_2.108_B.nii.gz,1,0.9582226872444153,1,0,0,0
45,616,-1.55198136814197,0.875463453193362,2,5,2_5,1,1,1_1_5_2,,00045_-1.552_S_0.875_D_1.006_B.nii.gz,1,0.9602984189987183,1,0,0,0
46,631,-0.446099061123124,-0.651167237063385,3,5,3_5,1,0,0_1_5_3,,00046_-0.446_S_-0.651_D_2.727_B.nii.gz,0,0.2602246403694153,0,1,0,0
47,451,0.476308247152136,-1.89231316478855,5,3,5_3,1,0,0_1_3_5,,00047_0.476_S_-1.892_D_3.625_B.nii.gz,0,0.007454139180481434,0,1,0,0
48,1047,1.38477519605222,0.207826930994539,6,4,6_4,1,1,1_1_4_6,,00048_1.385_S_0.208_D_4.883_B.nii.gz,1,0.5402885675430298,1,0,0,0
49,126,-0.699705813601948,-1.12856704182214,3,1,3_1,1,1,1_1_1_3,,00049_-0.7_S_-1.129_D_2.236_B.nii.gz,0,0.13130487501621246,0,0,0,1
50,610,0.300891411732128,-1.82454530395316,5,4,5_4,1,0,0_1_4_5,,00050_0.301_S_-1.825_D_1.499_B.nii.gz,0,0.009519369341433048,0,1,0,0
51,515,0.0572271708069753,2.29056203780318,4,7,4_7,1,1,1_1_7_4,,00051_0.057_S_2.291_D_1.815_B.nii.gz,1,0.9764326214790344,1,0,0,0
52,299,-1.20489311009662,1.05430361171369,2,5,2_5,1,1,1_1_5_2,,00052_-1.205_S_1.054_D_3.106_B.nii.gz,1,0.9665732383728027,1,0,0,0
53,613,1.14340455238662,0.9851240283497,6,5,6_5,1,1,1_1_5_6,,00053_1.143_S_0.985_D_3.776_B.nii.gz,1,0.8914134502410889,1,0,0,0
54,176,-1.0925364398418,2.33553185530002,2,7,2_7,1,1,1_1_7_2,,00054_-1.093_S_2.336_D_3.456_B.nii.gz,1,0.9886820316314697,1,0,0,0
55,558,-0.911632861300028,0.385815592762756,3,7,3_7,1,0,0_1_7_3,,00055_-0.912_S_0.386_D_2.593_B.nii.gz,1,0.6956419348716736,0,0,1,0
56,491,-0.917806558431524,-0.819672796671549,3,5,3_5,1,0,0_1_5_3,,00056_-0.918_S_-0.82_D_2.096_B.nii.gz,0,0.21165794134140015,0,1,0,0
57,547,1.39903234410381,-1.86810056424379,6,3,6_3,1,0,0_1_3_6,,00057_1.399_S_-1.868_D_1.739_B.nii.gz,0,0.012613233178853989,0,1,0,0
58,226,0.250338469675573,0.0107050585740631,5,3,5_3,1,1,1_1_3_5,,00058_0.25_S_0.011_D_0.93_B.nii.gz,0,0.4546370804309845,0,0,0,1
59,805,-0.0629436400645723,0.039332910899628,4,7,4_7,1,0,0_1_7_4,,00059_-0.063_S_0.039_D_1.544_B.nii.gz,1,0.6226916313171387,0,0,1,0
60,667,-1.07090589614256,-1.88295409110159,2,3,2_3,1,0,0_1_3_2,,00060_-1.071_S_-1.883_D_2.202_B.nii.gz,0,0.019286014139652252,0,1,0,0
61,257,0.775679242903806,1.15762662339847,5,5,5_5,1,1,1_1_5_5,,00061_0.776_S_1.158_D_1.225_B.nii.gz,1,0.9082903265953064,1,0,0,0
62,949,-0.910215075383465,0.434510046675663,3,4,3_4,1,1,1_1_4_3,,00062_-0.91_S_0.435_D_1.794_B.nii.gz,1,0.7245622873306274,1,0,0,0
63,61,-1.22461832836777,-0.339207078272974,2,6,2_6,1,0,0_1_6_2,,00063_-1.225_S_-0.339_D_2.49_B.nii.gz,0,0.22430819272994995,0,1,0,0
64,77,0.821471612423244,0.631424105900041,5,4,5_4,1,1,1_1_4_5,,00064_0.821_S_0.631_D_2.657_B.nii.gz,1,0.8191599249839783,1,0,0,0
65,280,-1.36558150760564,1.08321735347453,2,5,2_5,1,1,1_1_5_2,,00065_-1.366_S_1.083_D_1.39_B.nii.gz,1,0.974267303943634,1,0,0,0
66,756,-1.48741417532871,-0.767004428530197,2,5,2_5,1,0,0_1_5_2,,00066_-1.487_S_-0.767_D_0.67_B.nii.gz,0,0.07785028219223022,0,1,0,0
67,846,-1.02214697473872,-1.94843941998593,3,3,3_3,1,0,0_1_3_3,,00067_-1.022_S_-1.948_D_1.319_B.nii.gz,0,0.01877441816031933,0,1,0,0
68,283,0.0933881771125516,-1.63982778068497,4,4,4_4,1,0,0_1_4_4,,00068_0.093_S_-1.64_D_1.028_B.nii.gz,0,0.012845903635025024,0,1,0,0
69,661,-0.150671162545117,0.367447016821796,4,4,4_4,1,1,1_1_4_4,,00069_-0.151_S_0.367_D_0.262_B.nii.gz,1,0.7596921920776367,1,0,0,0
70,145,-0.114988860416147,-0.917166859140483,4,5,4_5,1,0,0_1_5_4,,00070_-0.115_S_-0.917_D_0.237_B.nii.gz,0,0.1259222775697708,0,1,0,0
71,536,0.350861905108538,-1.45353671072926,5,4,5_4,1,0,0_1_4_5,,00071_0.351_S_-1.454_D_2.334_B.nii.gz,0,0.013187255710363388,0,1,0,0
72,464,0.691310505701782,2.10568495866285,5,7,5_7,1,1,1_1_7_5,,00072_0.691_S_2.106_D_2.522_B.nii.gz,1,0.9706273674964905,1,0,0,0
73,688,-1.31138522328779,0.2606925123697,2,4,2_4,1,1,1_1_4_2,,00073_-1.311_S_0.261_D_0.263_B.nii.gz,1,0.7249025702476501,1,0,0,0
74,487,-1.11437298482516,-0.0119596684843548,2,3,2_3,1,1,1_1_3_2,,00074_-1.114_S_-0.012_D_0.85_B.nii.gz,0,0.487606406211853,0,0,0,1
75,940,0.770978204115182,1.40632075909728,5,6,5_6,1,1,1_1_6_5,,00075_0.771_S_1.406_D_2.125_B.nii.gz,1,0.9347297549247742,1,0,0,0
76,209,0.128040614251503,-0.015012415875923,4,3,4_3,1,1,1_1_3_4,,00076_0.128_S_-0.015_D_1.525_B.nii.gz,0,0.4747881293296814,0,0,0,1
77,975,-0.178179357240313,-2.24385205876084,4,3,4_3,1,0,0_1_3_4,,00077_-0.178_S_-2.244_D_0.793_B.nii.gz,0,0.011626696214079857,0,1,0,0
78,74,-1.14603043886116,-1.3297126244251,2,4,2_4,1,0,0_1_4_2,,00078_-1.146_S_-1.33_D_1.257_B.nii.gz,0,0.033730991184711456,0,1,0,0
79,761,-1.11517037328575,1.53237427910505,2,6,2_6,1,1,1_1_6_2,,00079_-1.115_S_1.532_D_1.68_B.nii.gz,1,0.9817725419998169,1,0,0,0
80,103,0.409951334316681,3.24475662648605,5,9,5_9,1,1,1_1_9_5,,00080_0.41_S_3.245_D_2.426_B.nii.gz,1,0.9681432843208313,1,0,0,0
81,476,0.123845254502323,-0.335512618710444,4,6,4_6,1,0,0_1_6_4,,00081_0.124_S_-0.336_D_1.907_B.nii.gz,0,0.2791386842727661,0,1,0,0
82,667,-0.776808209661197,1.21885470706822,3,5,3_5,1,1,1_1_5_3,,00082_-0.777_S_1.219_D_2.056_B.nii.gz,1,0.9701340794563293,1,0,0,0
83,498,1.17904315081753,0.062408091378854,6,7,6_7,1,0,0_1_7_6,,00083_1.179_S_0.062_D_1.796_B.nii.gz,1,0.5450996160507202,0,0,1,0
84,1063,-1.02110184625038,-0.549744823262707,3,2,3_2,1,1,1_1_2_3,,00084_-1.021_S_-0.55_D_0.218_B.nii.gz,0,0.2060532569885254,0,0,0,1
85,701,-0.563163244917762,0.63358665590244,3,4,3_4,1,1,1_1_4_3,,00085_-0.563_S_0.634_D_0.57_B.nii.gz,1,0.7309560179710388,1,0,0,0
86,270,0.62826643146369,0.992641713708729,5,5,5_5,1,1,1_1_5_5,,00086_0.628_S_0.993_D_1.853_B.nii.gz,1,0.8711801171302795,1,0,0,0
87,107,0.0261790791622013,1.49301329141236,4,6,4_6,1,1,1_1_6_4,,00087_0.026_S_1.493_D_3.379_B.nii.gz,1,0.9514533281326294,1,0,0,0
88,771,0.0999903298453426,0.479941334744929,4,4,4_4,1,1,1_1_4_4,,00088_0.1_S_0.48_D_1.115_B.nii.gz,1,0.691673755645752,1,0,0,0
89,738,-1.27340921288565,0.686368760807422,2,5,2_5,1,1,1_1_5_2,,00089_-1.273_S_0.686_D_1.896_B.nii.gz,1,0.9192003607749939,1,0,0,0
90,428,0.0891656739985467,0.498402728574327,4,4,4_4,1,1,1_1_4_4,,00090_0.089_S_0.498_D_1.41_B.nii.gz,1,0.7005597949028015,1,0,0,0
91,657,0.663422423513532,0.0770287821369014,5,3,5_3,1,1,1_1_3_5,,00091_0.663_S_0.077_D_2.286_B.nii.gz,1,0.5873971581459045,1,0,0,0
92,390,-0.834573161723046,0.611187938597518,3,4,3_4,1,1,1_1_4_3,,00092_-0.835_S_0.611_D_2.199_B.nii.gz,1,0.806847333908081,1,0,0,0
93,855,0.16946763114436,1.22018003820169,4,5,4_5,1,1,1_1_5_4,,00093_0.169_S_1.22_D_2.191_B.nii.gz,1,0.9107635021209717,1,0,0,0
94,275,0.365156652710486,-0.409913565894831,5,6,5_6,1,0,0_1_6_5,,00094_0.365_S_-0.41_D_0.913_B.nii.gz,0,0.2043270617723465,0,1,0,0
95,0,-0.332075318993742,1.00123015335748,4,5,4_5,1,1,1_1_5_4,,00095_-0.332_S_1.001_D_1.826_B.nii.gz,1,0.9361898303031921,1,0,0,0
96,670,1.18478000545142,0.0236508628626336,6,3,6_3,1,1,1_1_3_6,,00096_1.185_S_0.024_D_1.622_B.nii.gz,1,0.5252225399017334,1,0,0,0
97,874,0.521584628699483,-2.75288366193113,5,2,5_2,1,0,0_1_2_5,,00097_0.522_S_-2.753_D_1.541_B.nii.gz,0,0.007740923669189215,0,1,0,0
98,643,0.477408822014644,-0.522427775647643,5,2,5_2,1,1,1_1_2_5,,00098_0.477_S_-0.522_D_1.881_B.nii.gz,0,0.17406874895095825,0,0,0,1
99,278,-1.07530850885754,1.25039801627759,2,6,2_6,1,1,1_1_6_2,,00099_-1.075_S_1.25_D_2.304_B.nii.gz,1,0.9744439721107483,1,0,0,0
100,611,1.30177315875829,-1.03245260363151,6,5,6_5,1,0,0_1_5_6,,00100_1.302_S_-1.032_D_2.765_B.nii.gz,0,0.05611667037010193,0,1,0,0
101,46,-0.187203031710554,1.8593826880216,4,7,4_7,1,1,1_1_7_4,,00101_-0.187_S_1.859_D_1.249_B.nii.gz,1,0.9835373759269714,1,0,0,0
102,534,-0.094704750363679,-0.362306747922729,4,3,4_3,1,1,1_1_3_4,,00102_-0.095_S_-0.362_D_1.186_B.nii.gz,0,0.34038659930229187,0,0,0,1
103,703,-0.328302675906865,1.49417549813294,4,6,4_6,1,1,1_1_6_4,,00103_-0.328_S_1.494_D_2.792_B.nii.gz,1,0.9723499417304993,1,0,0,0
104,265,-1.42424568024938,1.51110876490973,2,6,2_6,1,1,1_1_6_2,,00104_-1.424_S_1.511_D_3.166_B.nii.gz,1,0.9839233756065369,1,0,0,0
105,638,1.52510373588414,-1.74047138436348,6,4,6_4,1,0,0_1_4_6,,00105_1.525_S_-1.74_D_2.718_B.nii.gz,0,0.01370156742632389,0,1,0,0
106,886,0.950531522693317,-0.061784111105099,6,6,6_6,1,0,0_1_6_6,,00106_0.951_S_-0.062_D_2.456_B.nii.gz,1,0.591933012008667,0,0,1,0
107,830,0.882913317710957,0.535492229912901,5,4,5_4,1,1,1_1_4_5,,00107_0.883_S_0.535_D_2.856_B.nii.gz,1,0.793992280960083,1,0,0,0
108,635,-0.098561475595393,0.813963704263005,4,5,4_5,1,1,1_1_5_4,,00108_-0.099_S_0.814_D_0.058_B.nii.gz,1,0.8920708894729614,1,0,0,0
109,705,-1.31427097035963,0.491777600719419,2,4,2_4,1,1,1_1_4_2,,00109_-1.314_S_0.492_D_3.118_B.nii.gz,1,0.8632742762565613,1,0,0,0
110,576,0.0374045806874717,-0.296440580195063,4,3,4_3,1,1,1_1_3_4,,00110_0.037_S_-0.296_D_1.995_B.nii.gz,0,0.31647318601608276,0,0,0,1
111,968,0.2888816602676,1.45512082456348,5,6,5_6,1,1,1_1_6_5,,00111_0.289_S_1.455_D_3.162_B.nii.gz,1,0.9334344267845154,1,0,0,0
112,556,-1.0354685439355,1.46045333814512,3,6,3_6,1,1,1_1_6_3,,00112_-1.035_S_1.46_D_1.919_B.nii.gz,1,0.9807654023170471,1,0,0,0
113,456,0.318594123718882,1.9584629538812,5,7,5_7,1,1,1_1_7_5,,00113_0.319_S_1.958_D_2.006_B.nii.gz,1,0.9685571789741516,1,0,0,0
114,908,0.347061296932557,-1.68303277567754,5,4,5_4,1,0,0_1_4_5,,00114_0.347_S_-1.683_D_1.85_B.nii.gz,0,0.010120121762156487,0,1,0,0
115,620,0.0682477594452795,2.13504567909648,4,7,4_7,1,1,1_1_7_4,,00115_0.068_S_2.135_D_1.876_B.nii.gz,1,0.9744399785995483,1,0,0,0
116,373,-1.32828887320239,0.321261681783976,2,4,2_4,1,1,1_1_4_2,,00116_-1.328_S_0.321_D_0.683_B.nii.gz,1,0.7669625282287598,1,0,0,0
117,617,0.385569398462691,1.54320014718144,5,6,5_6,1,1,1_1_6_5,,00117_0.386_S_1.543_D_2.248_B.nii.gz,1,0.9366180896759033,1,0,0,0
118,929,0.0445022942926494,-0.779297512744617,4,5,4_5,1,0,0_1_5_4,,00118_0.045_S_-0.779_D_1.86_B.nii.gz,0,0.1624605506658554,0,1,0,0
119,252,-0.849323104215757,0.934497217527141,3,8,3_8,1,0,0_1_8_3,,00119_-0.849_S_0.934_D_2.318_B.nii.gz,1,0.9411664605140686,0,0,1,0
120,322,-0.396054711465156,2.52443745272676,4,8,4_8,1,1,1_1_8_4,,00120_-0.396_S_2.524_D_2.112_B.nii.gz,1,0.9870349764823914,1,0,0,0
121,35,0.490683912208334,0.192465324668104,5,4,5_4,1,1,1_1_4_5,,00121_0.491_S_0.192_D_1.414_B.nii.gz,1,0.5897146463394165,1,0,0,0
122,572,-0.083130617836109,0.852745363280233,4,5,4_5,1,1,1_1_5_4,,00122_-0.083_S_0.853_D_5.306_B.nii.gz,1,0.8985257744789124,1,0,0,0
123,206,-0.219923024008059,-0.145176907189325,4,3,4_3,1,1,1_1_3_4,,00123_-0.22_S_-0.145_D_0.779_B.nii.gz,0,0.46972981095314026,0,0,0,1
124,897,0.388111078696206,-2.17774226366437,5,3,5_3,1,0,0_1_3_5,,00124_0.388_S_-2.178_D_4.233_B.nii.gz,0,0.007389815989881754,0,1,0,0
125,380,0.0790982845414848,-1.21255236662679,4,5,4_5,1,0,0_1_5_4,,00125_0.079_S_-1.213_D_2.221_B.nii.gz,0,0.03189701586961746,0,1,0,0
126,905,1.07996279916567,-0.304199292822531,6,6,6_6,1,0,0_1_6_6,,00126_1.08_S_-0.304_D_2.614_B.nii.gz,0,0.3923693895339966,0,1,0,0
127,106,-0.596754202669336,-1.54453329885535,3,4,3_4,1,0,0_1_4_3,,00127_-0.597_S_-1.545_D_2.524_B.nii.gz,0,0.04409296438097954,0,1,0,0
128,782,-1.1975101689764,0.334374762741824,2,4,2_4,1,1,1_1_4_2,,00128_-1.198_S_0.334_D_1.399_B.nii.gz,1,0.7173174023628235,1,0,0,0
129,408,0.353568392784065,-0.747606020081187,5,5,5_5,1,0,0_1_5_5,,00129_0.354_S_-0.748_D_1.757_B.nii.gz,0,0.11319521069526672,0,1,0,0
130,39,-0.597538170487385,0.88829805041584,3,5,3_5,1,1,1_1_5_3,,00130_-0.598_S_0.888_D_3.244_B.nii.gz,1,0.9057477116584778,1,0,0,0
131,804,0.196500245614777,-0.930346336768856,4,5,4_5,1,0,0_1_5_4,,00131_0.197_S_-0.93_D_3.729_B.nii.gz,0,0.08725658059120178,0,1,0,0
132,522,0.299282437331416,0.941349848077858,5,5,5_5,1,1,1_1_5_5,,00132_0.299_S_0.941_D_2.623_B.nii.gz,1,0.8709268569946289,1,0,0,0
133,1,-0.659379331334463,1.29874553750847,3,6,3_6,1,1,1_1_6_3,,00133_-0.659_S_1.299_D_1.209_B.nii.gz,1,0.9718866348266602,1,0,0,0
134,49,-0.196558028747986,3.00041654634242,4,9,4_9,1,1,1_1_9_4,,00134_-0.197_S_3.0_D_1.269_B.nii.gz,1,0.9857989549636841,1,0,0,0
135,214,-0.194682903739231,1.25929902033723,4,6,4_6,1,1,1_1_6_4,,00135_-0.195_S_1.259_D_2.357_B.nii.gz,1,0.9622806906700134,1,0,0,0
136,179,-0.0042930500439627,-0.231556460082431,4,6,4_6,1,0,0_1_6_4,,00136_-0.004_S_-0.232_D_1.492_B.nii.gz,0,0.35878607630729675,0,1,0,0
137,166,1.25488456083559,-0.761019474327403,6,2,6_2,1,1,1_1_2_6,,00137_1.255_S_-0.761_D_4.67_B.nii.gz,0,0.09862890094518661,0,0,0,1
138,438,-0.400976951001699,-0.529371705117365,3,2,3_2,1,1,1_1_2_3,,00138_-0.401_S_-0.529_D_0.783_B.nii.gz,0,0.30516839027404785,0,0,0,1
139,716,-0.115212105179322,-0.690481800187084,4,2,4_2,1,1,1_1_2_4,,00139_-0.115_S_-0.69_D_3.449_B.nii.gz,0,0.236421138048172,0,0,0,1
140,759,1.2833975442674,0.930405972038053,6,5,6_5,1,1,1_1_5_6,,00140_1.283_S_0.93_D_3.339_B.nii.gz,1,0.878502368927002,1,0,0,0
141,281,-0.64741587377346,-0.5858141560398,3,6,3_6,1,0,0_1_6_3,,00141_-0.647_S_-0.586_D_0.811_B.nii.gz,0,0.3129304349422455,0,1,0,0
142,993,-0.636569109619581,0.839168595300161,3,5,3_5,1,1,1_1_5_3,,00142_-0.637_S_0.839_D_2.157_B.nii.gz,1,0.8915176391601562,1,0,0,0
143,510,-1.19368134720123,0.915945642165516,2,5,2_5,1,1,1_1_5_2,,00143_-1.194_S_0.916_D_1.318_B.nii.gz,1,0.9533514380455017,1,0,0,0
144,550,0.179628352028989,1.23558990901114,4,5,4_5,1,1,1_1_5_4,,00144_0.18_S_1.236_D_1.269_B.nii.gz,1,0.9132910966873169,1,0,0,0
145,330,0.837586018342213,0.741888004734276,5,5,5_5,1,1,1_1_5_5,,00145_0.838_S_0.742_D_1.332_B.nii.gz,1,0.8480791449546814,1,0,0,0
146,323,-0.665658385739781,0.686403738718375,3,5,3_5,1,1,1_1_5_3,,00146_-0.666_S_0.686_D_1.046_B.nii.gz,1,0.8143824338912964,1,0,0,0
147,572,-0.977588336244192,-1.17404134609481,3,5,3_5,1,0,0_1_5_3,,00147_-0.978_S_-1.174_D_2.789_B.nii.gz,0,0.07080873101949692,0,1,0,0
148,568,0.254676530113731,-0.570762913396095,5,6,5_6,1,0,0_1_6_5,,00148_0.255_S_-0.571_D_0.595_B.nii.gz,0,0.2135375589132309,0,1,0,0
149,659,-0.0125372474836614,0.648722311812633,4,4,4_4,1,1,1_1_4_4,,00149_-0.013_S_0.649_D_1.887_B.nii.gz,1,0.7947251200675964,1,0,0,0
150,409,0.0524486563395113,-0.899061239006601,4,2,4_2,1,1,1_1_2_4,,00150_0.052_S_-0.899_D_4.697_B.nii.gz,0,0.10960907489061356,0,0,0,1
151,119,1.08911996475027,1.19274591260507,6,5,6_5,1,1,1_1_5_6,,00151_1.089_S_1.193_D_2.22_B.nii.gz,1,0.9231440424919128,1,0,0,0
152,786,0.711666493933071,0.629781511077365,5,4,5_4,1,1,1_1_4_5,,00152_0.712_S_0.63_D_2.035_B.nii.gz,1,0.7992585897445679,1,0,0,0
153,632,0.856506948034419,0.96968669641085,5,5,5_5,1,1,1_1_5_5,,00153_0.857_S_0.97_D_1.84_B.nii.gz,1,0.8908575773239136,1,0,0,0
154,136,-0.85840804496955,0.934195093999793,3,5,3_5,1,1,1_1_5_3,,00154_-0.858_S_0.934_D_1.453_B.nii.gz,1,0.941688597202301,1,0,0,0
155,984,0.67524014600539,2.02302598613124,5,7,5_7,1,1,1_1_7_5,,00155_0.675_S_2.023_D_1.758_B.nii.gz,1,0.9696229100227356,1,0,0,0
156,318,0.378213229050061,0.145604481845929,5,4,5_4,1,1,1_1_4_5,,00156_0.378_S_0.146_D_2.695_B.nii.gz,1,0.5346121788024902,1,0,0,0
157,10,-0.936920414495813,1.4898420501852,3,6,3_6,1,1,1_1_6_3,,00157_-0.937_S_1.49_D_3.78_B.nii.gz,1,0.9815358519554138,1,0,0,0
158,391,1.11403283196293,-1.28830627538634,6,4,6_4,1,0,0_1_4_6,,00158_1.114_S_-1.288_D_2.922_B.nii.gz,0,0.026243697851896286,0,1,0,0
159,201,-0.680542005621424,1.86172307699365,3,7,3_7,1,1,1_1_7_3,,00159_-0.681_S_1.862_D_0.594_B.nii.gz,1,0.9858019948005676,1,0,0,0
160,642,0.177442408668693,-2.30657206726007,4,3,4_3,1,0,0_1_3_4,,00160_0.177_S_-2.307_D_2.448_B.nii.gz,0,0.008538451045751572,0,1,0,0
161,356,0.401179043923654,0.701226413321552,5,5,5_5,1,1,1_1_5_5,,00161_0.401_S_0.701_D_1.762_B.nii.gz,1,0.7744703888893127,1,0,0,0
162,898,-0.189216127966165,1.18263833750816,4,5,4_5,1,1,1_1_5_4,,00162_-0.189_S_1.183_D_0.822_B.nii.gz,1,0.9575052857398987,1,0,0,0
163,562,0.71408673261982,0.750958872223224,5,8,5_8,1,0,0_1_8_5,,00163_0.714_S_0.751_D_0.61_B.nii.gz,1,0.8318881392478943,0,0,1,0
164,782,0.784355561957671,0.411249724601992,5,7,5_7,1,0,0_1_7_5,,00164_0.784_S_0.411_D_1.205_B.nii.gz,1,0.7755083441734314,0,0,1,0
165,41,-1.1771558181179,-0.149032709024457,2,6,2_6,1,0,0_1_6_2,,00165_-1.177_S_-0.149_D_2.872_B.nii.gz,0,0.3761436343193054,0,1,0,0
166,477,-0.020794354531305,-1.75309274003465,4,4,4_4,1,0,0_1_4_4,,00166_-0.021_S_-1.753_D_2.511_B.nii.gz,0,0.013424975797533989,0,1,0,0
167,61,1.3285204398849,0.536692423461585,6,4,6_4,1,1,1_1_4_6,,00167_1.329_S_0.537_D_2.109_B.nii.gz,1,0.7121139764785767,1,0,0,0
168,151,0.0104339192209638,0.673314739997748,4,5,4_5,1,1,1_1_5_4,,00168_0.01_S_0.673_D_2.688_B.nii.gz,1,0.7891196608543396,1,0,0,0
169,652,-0.410189010519597,0.145864552316199,3,4,3_4,1,1,1_1_4_3,,00169_-0.41_S_0.146_D_2.617_B.nii.gz,1,0.5604696273803711,1,0,0,0
170,243,0.223558659055208,1.08105437041127,4,5,4_5,1,1,1_1_5_4,,00170_0.224_S_1.081_D_1.385_B.nii.gz,1,0.898462176322937,1,0,0,0
171,269,-1.11376735701735,0.862379023724411,2,5,2_5,1,1,1_1_5_2,,00171_-1.114_S_0.862_D_3.011_B.nii.gz,1,0.9386985301971436,1,0,0,0
172,286,0.857600153672399,0.994444969797336,5,5,5_5,1,1,1_1_5_5,,00172_0.858_S_0.994_D_2.848_B.nii.gz,1,0.8933499455451965,1,0,0,0
173,121,-1.60470421242286,0.408971647143726,2,4,2_4,1,1,1_1_4_2,,00173_-1.605_S_0.409_D_2.933_B.nii.gz,1,0.8454872369766235,1,0,0,0
174,168,1.42040733097356,0.976556081445155,6,5,6_5,1,1,1_1_5_6,,00174_1.42_S_0.977_D_1.557_B.nii.gz,1,0.87758868932724,1,0,0,0
175,341,0.0809520625216625,1.55339140285082,4,6,4_6,1,1,1_1_6_4,,00175_0.081_S_1.553_D_1.706_B.nii.gz,1,0.9495033025741577,1,0,0,0
176,310,0.26047286051017,-0.940865683931421,5,5,5_5,1,0,0_1_5_5,,00176_0.26_S_-0.941_D_1.539_B.nii.gz,0,0.07296420633792877,0,1,0,0
177,544,-1.82535611838174,0.62639633989186,1,4,1_4,1,1,1_1_4_1,,00177_-1.825_S_0.626_D_2.042_B.nii.gz,1,0.9040436148643494,1,0,0,0
178,74,-0.634098838488683,2.25701497728682,3,7,3_7,1,1,1_1_7_3,,00178_-0.634_S_2.257_D_1.965_B.nii.gz,1,0.988182008266449,1,0,0,0
179,150,0.119553696608949,0.305596472297106,4,4,4_4,1,1,1_1_4_4,,00179_0.12_S_0.306_D_2.9_B.nii.gz,1,0.6491819024085999,1,0,0,0
180,482,0.415495663575296,1.15996175700726,5,5,5_5,1,1,1_1_5_5,,00180_0.415_S_1.16_D_0.232_B.nii.gz,1,0.9022238850593567,1,0,0,0
181,800,-0.922712113534964,1.69692280311921,3,6,3_6,1,1,1_1_6_3,,00181_-0.923_S_1.697_D_1.119_B.nii.gz,1,0.9851844310760498,1,0,0,0
182,954,0.512939832070469,2.20182223193742,5,7,5_7,1,1,1_1_7_5,,00182_0.513_S_2.202_D_2.173_B.nii.gz,1,0.9687707424163818,1,0,0,0
183,944,-0.40969135005061,0.968122085244439,3,5,3_5,1,1,1_1_5_3,,00183_-0.41_S_0.968_D_0.615_B.nii.gz,1,0.9206644296646118,1,0,0,0
184,696,-0.16960057571017,-1.43085728830309,4,4,4_4,1,0,0_1_4_4,,00184_-0.17_S_-1.431_D_1.824_B.nii.gz,0,0.025849293917417526,0,1,0,0
185,285,-1.58039895048323,1.33442706039101,2,6,2_6,1,1,1_1_6_2,,00185_-1.58_S_1.334_D_1.347_B.nii.gz,1,0.9797466993331909,1,0,0,0
186,503,1.02934412477547,2.38583916304612,6,7,6_7,1,1,1_1_7_6,,00186_1.029_S_2.386_D_1.968_B.nii.gz,1,0.9677167534828186,1,0,0,0
187,580,0.793942302903962,1.27099158773672,5,6,5_6,1,1,1_1_6_5,,00187_0.794_S_1.271_D_1.065_B.nii.gz,1,0.9225921034812927,1,0,0,0
188,468,1.23293118149326,-0.129496646342003,6,3,6_3,1,1,1_1_3_6,,00188_1.233_S_-0.129_D_4.063_B.nii.gz,0,0.4265535771846771,0,0,0,1
189,300,1.11874496095185,2.51182951156378,6,8,6_8,1,1,1_1_8_6,,00189_1.119_S_2.512_D_1.472_B.nii.gz,1,0.9641865491867065,1,0,0,0
190,453,0.999055891003783,-0.0858162553014383,6,3,6_3,1,1,1_1_3_6,,00190_0.999_S_-0.086_D_2.336_B.nii.gz,1,0.5630245208740234,1,0,0,0
191,595,0.45880178430311,2.07094577573242,5,7,5_7,1,1,1_1_7_5,,00191_0.459_S_2.071_D_2.884_B.nii.gz,1,0.9684149622917175,1,0,0,0
192,768,-0.0094295400032141,2.55401766860873,4,8,4_8,1,1,1_1_8_4,,00192_-0.009_S_2.554_D_3.038_B.nii.gz,1,0.9801187515258789,1,0,0,0
193,232,-0.564862141379458,-2.02547562800861,3,3,3_3,1,0,0_1_3_3,,00193_-0.565_S_-2.025_D_-0.827_B.nii.gz,0,0.019360726699233055,0,1,0,0
194,577,0.683139593415552,0.365041107626147,5,4,5_4,1,1,1_1_4_5,,00194_0.683_S_0.365_D_3.188_B.nii.gz,1,0.7400050163269043,1,0,0,0
195,614,-1.69253166180469,1.75680008023801,1,6,1_6,1,1,1_1_6_1,,00195_-1.693_S_1.757_D_1.568_B.nii.gz,1,0.9802430272102356,1,0,0,0
196,271,-0.52184133034087,-1.10387420939643,3,5,3_5,1,0,0_1_5_3,,00196_-0.522_S_-1.104_D_2.151_B.nii.gz,0,0.11286795139312744,0,1,0,0
197,12,0.6081445222079,1.1054142489979,5,5,5_5,1,1,1_1_5_5,,00197_0.608_S_1.105_D_1.799_B.nii.gz,1,0.8875804543495178,1,0,0,0
198,746,-1.61850758582376,2.32181759654494,2,7,2_7,1,1,1_1_7_2,,00198_-1.619_S_2.322_D_1.755_B.nii.gz,1,0.9848566651344299,1,0,0,0
199,698,1.07523851113514,1.71199958241084,6,6,6_6,1,1,1_1_6_6,,00199_1.075_S_1.712_D_1.517_B.nii.gz,1,0.9599432349205017,1,0,0,0
200,235,0.798318801319407,-0.39278904586681,5,3,5_3,1,1,1_1_3_5,,00200_0.798_S_-0.393_D_2.037_B.nii.gz,0,0.31778818368911743,0,0,0,1
201,774,-0.537343475541096,0.32985830451624,3,4,3_4,1,1,1_1_4_3,,00201_-0.537_S_0.33_D_0.578_B.nii.gz,1,0.5950372815132141,1,0,0,0
202,1074,0.448941957459217,0.253643481903908,5,4,5_4,1,1,1_1_4_5,,00202_0.449_S_0.254_D_2.308_B.nii.gz,1,0.62887042760849,1,0,0,0
203,13,1.41617412621973,0.0695319552917953,6,3,6_3,1,1,1_1_3_6,,00203_1.416_S_0.07_D_3.679_B.nii.gz,0,0.4595964550971985,0,0,0,1
204,878,0.207984539350113,1.77290929025018,4,6,4_6,1,1,1_1_6_4,,00204_0.208_S_1.773_D_1.089_B.nii.gz,1,0.9621042609214783,1,0,0,0
205,247,1.73780125009378,-1.15481203854891,7,5,7_5,1,0,0_1_5_7,,00205_1.738_S_-1.155_D_1.281_B.nii.gz,0,0.02868720330297947,0,1,0,0
206,245,0.734203333950203,-0.833993046626767,5,5,5_5,1,0,0_1_5_5,,00206_0.734_S_-0.834_D_2.273_B.nii.gz,0,0.09254782646894455,0,1,0,0
207,747,-0.85244601953574,1.70580160085156,3,6,3_6,1,1,1_1_6_3,,00207_-0.852_S_1.706_D_3.118_B.nii.gz,1,0.9853729605674744,1,0,0,0
208,223,0.73456361576416,1.50568107139328,5,6,5_6,1,1,1_1_6_5,,00208_0.735_S_1.506_D_2.45_B.nii.gz,1,0.9423919916152954,1,0,0,0
209,730,-0.51855845634801,-0.20690448089671,3,3,3_3,1,1,1_1_3_3,,00209_-0.519_S_-0.207_D_0.177_B.nii.gz,0,0.39998164772987366,0,0,0,1
210,1070,1.6532470106716,2.17299570713286,7,7,7_7,1,1,1_1_7_7,,00210_1.653_S_2.173_D_0.434_B.nii.gz,1,0.9501878619194031,1,0,0,0
211,141,-0.0170939298867278,0.233803573418508,4,7,4_7,1,0,0_1_7_4,,00211_-0.017_S_0.234_D_2.159_B.nii.gz,1,0.6913051009178162,0,0,1,0
212,328,-0.451840052483674,-0.282756042520115,3,6,3_6,1,0,0_1_6_3,,00212_-0.452_S_-0.283_D_2.473_B.nii.gz,0,0.35728490352630615,0,1,0,0
213,28,-0.175991111549576,-0.22412815254194,4,6,4_6,1,0,0_1_6_4,,00213_-0.176_S_-0.224_D_2.775_B.nii.gz,0,0.40035393834114075,0,1,0,0
214,601,0.109587867577805,1.58067178089718,4,6,4_6,1,1,1_1_6_4,,00214_0.11_S_1.581_D_1.562_B.nii.gz,1,0.949522078037262,1,0,0,0
215,209,-0.720443548918549,-2.51699072620072,3,2,3_2,1,0,0_1_2_3,,00215_-0.72_S_-2.517_D_1.603_B.nii.gz,0,0.016161475330591202,0,1,0,0
216,43,-2.01998052487986,1.07614023037701,1,5,1_5,1,1,1_1_5_1,,00216_-2.02_S_1.076_D_2.534_B.nii.gz,1,0.9325087070465088,1,0,0,0
217,890,2.73871069210747,0.867908459626104,8,5,8_5,1,1,1_1_5_8,,00217_2.739_S_0.868_D_2.006_B.nii.gz,1,0.8840381503105164,1,0,0,0
218,460,0.25348675727503,-0.478973649832537,5,6,5_6,1,0,0_1_6_5,,00218_0.253_S_-0.479_D_2.78_B.nii.gz,0,0.2325648069381714,0,1,0,0
219,950,0.551449907730925,0.57405489159984,5,4,5_4,1,1,1_1_4_5,,00219_0.551_S_0.574_D_0.775_B.nii.gz,1,0.7337554097175598,1,0,0,0
220,164,0.34914932279779,0.791478151748729,5,5,5_5,1,1,1_1_5_5,,00220_0.349_S_0.791_D_2.245_B.nii.gz,1,0.8176835179328918,1,0,0,0
221,645,-0.108649477027074,1.49397008415365,4,6,4_6,1,1,1_1_6_4,,00221_-0.109_S_1.494_D_1.15_B.nii.gz,1,0.9672186374664307,1,0,0,0
222,28,1.22589280039259,0.951499054598928,6,5,6_5,1,1,1_1_5_6,,00222_1.226_S_0.951_D_2.96_B.nii.gz,1,0.8836275935173035,1,0,0,0
223,593,1.22470490182891,1.73124298849481,6,6,6_6,1,1,1_1_6_6,,00223_1.225_S_1.731_D_0.612_B.nii.gz,1,0.9589200019836426,1,0,0,0
224,218,-0.0027582111406679,0.13948439263272,4,4,4_4,1,1,1_1_4_4,,00224_-0.003_S_0.139_D_1.591_B.nii.gz,1,0.6526198387145996,1,0,0,0
225,10,1.02377464752169,-0.764619081262545,6,5,6_5,1,0,0_1_5_6,,00225_1.024_S_-0.765_D_0.515_B.nii.gz,0,0.11814240366220474,0,1,0,0
226,647,-0.597758231271917,0.524554283553905,3,4,3_4,1,1,1_1_4_3,,00226_-0.598_S_0.525_D_1.479_B.nii.gz,1,0.6921515464782715,1,0,0,0
227,553,1.1419412533746,0.560795176913711,6,4,6_4,1,1,1_1_4_6,,00227_1.142_S_0.561_D_0.369_B.nii.gz,1,0.7376353144645691,1,0,0,0
228,585,-0.310322048464224,-0.26087063408955,4,3,4_3,1,1,1_1_3_4,,00228_-0.31_S_-0.261_D_1.873_B.nii.gz,0,0.38468194007873535,0,0,0,1
229,267,0.995428586348027,2.09384567590048,6,7,6_7,1,1,1_1_7_6,,00229_0.995_S_2.094_D_-0.453_B.nii.gz,1,0.9712424874305725,1,0,0,0
230,483,-2.48045258885024,1.04968647937437,0,5,0_5,1,1,1_1_5_0,,00230_-2.48_S_1.05_D_3.33_B.nii.gz,1,0.8549407124519348,1,0,0,0
231,876,0.689691886450612,1.86790148842455,5,7,5_7,1,1,1_1_7_5,,00231_0.69_S_1.868_D_4.475_B.nii.gz,1,0.9651944041252136,1,0,0,0
232,1039,-0.109379133136375,0.753927669454729,4,5,4_5,1,1,1_1_5_4,,00232_-0.109_S_0.754_D_1.037_B.nii.gz,1,0.8779282569885254,1,0,0,0
233,807,0.809199551379417,-0.427293325187282,5,6,5_6,1,0,0_1_6_5,,00233_0.809_S_-0.427_D_1.573_B.nii.gz,0,0.2969605028629303,0,1,0,0
234,193,1.10601782870026,0.85929160087666,6,5,6_5,1,1,1_1_5_6,,00234_1.106_S_0.859_D_0.18_B.nii.gz,1,0.8589522242546082,1,0,0,0
235,906,-0.958590656932133,1.10210589606928,3,5,3_5,1,1,1_1_5_3,,00235_-0.959_S_1.102_D_2.889_B.nii.gz,1,0.9652543663978577,1,0,0,0
236,344,1.43544560391407,0.406994203058384,6,4,6_4,1,1,1_1_4_6,,00236_1.435_S_0.407_D_2.343_B.nii.gz,1,0.6109935641288757,1,0,0,0
237,1053,-1.12543952336448,-0.109009106515269,2,3,2_3,1,1,1_1_3_2,,00237_-1.125_S_-0.109_D_1.983_B.nii.gz,0,0.40852391719818115,0,0,0,1
238,1049,1.74447948090491,-0.379928747607337,7,3,7_3,1,1,1_1_3_7,,00238_1.744_S_-0.38_D_4.754_B.nii.gz,0,0.2544243335723877,0,0,0,1
239,789,1.56640466483866,1.3715547637511,7,6,7_6,1,1,1_1_6_7,,00239_1.566_S_1.372_D_2.544_B.nii.gz,1,0.9353682398796082,1,0,0,0
240,489,0.39220359598533,1.74696205248194,5,6,5_6,1,1,1_1_6_5,,00240_0.392_S_1.747_D_0.348_B.nii.gz,1,0.9564958214759827,1,0,0,0
241,568,-0.565536390405864,2.00967149304286,3,7,3_7,1,1,1_1_7_3,,00241_-0.566_S_2.01_D_1.003_B.nii.gz,1,0.9855288863182068,1,0,0,0
242,520,-0.0857157979579495,0.392378724745563,4,4,4_4,1,1,1_1_4_4,,00242_-0.086_S_0.392_D_0.961_B.nii.gz,1,0.7681176066398621,1,0,0,0
243,1001,-0.925205769912631,1.39159301575034,3,6,3_6,1,1,1_1_6_3,,00243_-0.925_S_1.392_D_3.152_B.nii.gz,1,0.9786310195922852,1,0,0,0
244,360,-0.470277105887694,-1.30567483753954,3,4,3_4,1,0,0_1_4_3,,00244_-0.47_S_-1.306_D_2.336_B.nii.gz,0,0.060161031782627106,0,1,0,0
245,231,0.451993384652728,0.217025383665054,5,4,5_4,1,1,1_1_4_5,,00245_0.452_S_0.217_D_2.801_B.nii.gz,1,0.6023680567741394,1,0,0,0
246,102,0.563755217679179,0.0767219560552479,5,7,5_7,1,0,0_1_7_5,,00246_0.564_S_0.077_D_5.111_B.nii.gz,1,0.5221734642982483,0,0,1,0
247,468,-0.253118083032476,-1.01352930923311,4,5,4_5,1,0,0_1_5_4,,00247_-0.253_S_-1.014_D_2.431_B.nii.gz,0,0.09187441319227219,0,1,0,0
248,227,0.455448079375827,0.341941208163342,5,4,5_4,0,1,1_0_4_5,,00248_0.455_S_0.342_D.nii.gz,1,0.6765370965003967,1,0,0,0
249,532,-1.50013168539554,-1.8414800308767,2,3,2_3,0,0,0_0_3_2,,00249_-1.5_S_-1.841_D.nii.gz,0,0.02068396657705307,0,1,0,0
250,987,-0.806768058015246,0.161105794721204,3,7,3_7,0,0,0_0_7_3,,00250_-0.807_S_0.161_D.nii.gz,1,0.5971251130104065,0,0,1,0
251,118,1.25706551245644,-0.560441084220798,6,6,6_6,0,0,0_0_6_6,,00251_1.257_S_-0.56_D.nii.gz,0,0.18618829548358917,0,1,0,0
252,371,0.520771420844734,-1.03327301850578,5,5,5_5,0,0,0_0_5_5,,00252_0.521_S_-1.033_D.nii.gz,0,0.0368366464972496,0,1,0,0
253,778,-0.161375118676144,-0.455709212816014,4,6,4_6,0,0,0_0_6_4,,00253_-0.161_S_-0.456_D.nii.gz,0,0.32114115357398987,0,1,0,0
254,274,0.356001581196799,0.536416238390917,5,4,5_4,0,1,1_0_4_5,,00254_0.356_S_0.536_D.nii.gz,1,0.7147254347801208,1,0,0,0
255,294,-0.229691940139116,1.66889844644694,4,6,4_6,0,1,1_0_6_4,,00255_-0.23_S_1.669_D.nii.gz,1,0.9789862036705017,1,0,0,0
256,966,0.522967601237886,1.73656421615928,5,6,5_6,0,1,1_0_6_5,,00256_0.523_S_1.737_D.nii.gz,1,0.9533446431159973,1,0,0,0
257,743,-0.145789473474495,-0.689906882339521,4,5,4_5,0,0,0_0_5_4,,00257_-0.146_S_-0.69_D.nii.gz,0,0.24198099970817566,0,1,0,0
258,843,-1.61290356648447,-0.191979208903508,2,6,2_6,0,0,0_0_6_2,,00258_-1.613_S_-0.192_D.nii.gz,0,0.3199496269226074,0,1,0,0
259,306,-0.496771377103548,-0.526969824602538,3,6,3_6,0,0,0_0_6_3,,00259_-0.497_S_-0.527_D.nii.gz,0,0.29476502537727356,0,1,0,0
260,333,-1.43089291432515,-1.26372200507029,2,4,2_4,0,0,0_0_4_2,,00260_-1.431_S_-1.264_D.nii.gz,0,0.035535890609025955,0,1,0,0
261,102,1.28811901470891,1.16405279571222,6,5,6_5,0,1,1_0_5_6,,00261_1.288_S_1.164_D.nii.gz,1,0.9224017858505249,1,0,0,0
262,686,-1.23357692118136,2.13176721636192,2,7,2_7,0,1,1_0_7_2,,00262_-1.234_S_2.132_D.nii.gz,1,0.9877001047134399,1,0,0,0
263,349,1.46477855989533,0.0579087585820425,6,3,6_3,0,1,1_0_3_6,,00263_1.465_S_0.058_D.nii.gz,0,0.44704872369766235,0,0,0,1
264,77,-1.63946593568841,-1.24878002125463,2,4,2_4,0,0,0_0_4_2,,00264_-1.639_S_-1.249_D.nii.gz,0,0.028846371918916702,0,1,0,0
265,809,0.703474720650195,-1.81104812837999,5,4,5_4,0,0,0_0_4_5,,00265_0.703_S_-1.811_D.nii.gz,0,0.009363110177218914,0,1,0,0
266,830,-0.0963367071311839,-1.12652986403941,4,5,4_5,0,0,0_0_5_4,,00266_-0.096_S_-1.127_D.nii.gz,0,0.0566013939678669,0,1,0,0
267,258,-0.728974148084691,0.771918939518977,3,8,3_8,0,0,0_0_8_3,,00267_-0.729_S_0.772_D.nii.gz,1,0.8809361457824707,0,0,1,0
268,1017,-0.199820285728421,-1.17894574940897,4,5,4_5,0,0,0_0_5_4,,00268_-0.2_S_-1.179_D.nii.gz,0,0.05409397557377815,0,1,0,0
269,925,0.368998111336262,-0.0573549399700664,5,6,5_6,0,0,0_0_6_5,,00269_0.369_S_-0.057_D.nii.gz,0,0.37798190116882324,0,1,0,0
270,554,0.47852080576,-1.71330652642392,5,4,5_4,0,0,0_0_4_5,,00270_0.479_S_-1.713_D.nii.gz,0,0.00846766121685505,0,1,0,0
271,637,1.60275858373009,-1.43224502742119,7,4,7_4,0,0,0_0_4_7,,00271_1.603_S_-1.432_D.nii.gz,0,0.019309811294078827,0,1,0,0
272,1019,1.54807486823277,-0.239119804802124,7,6,7_6,0,0,0_0_6_7,,00272_1.548_S_-0.239_D.nii.gz,0,0.3189934492111206,0,1,0,0
273,821,0.834879499685957,-0.288427070073516,5,6,5_6,0,0,0_0_6_5,,00273_0.835_S_-0.288_D.nii.gz,0,0.41537952423095703,0,1,0,0
274,389,1.27260520693146,-3.56051537290495,6,1,6_1,0,0,0_0_1_6,,00274_1.273_S_-3.561_D.nii.gz,0,0.024105915799736977,0,1,0,0
275,237,-1.1115002631171,-1.67639126471971,2,4,2_4,0,0,0_0_4_2,,00275_-1.112_S_-1.676_D.nii.gz,0,0.023070206865668297,0,1,0,0
276,470,1.58710853103219,-1.58031394093416,7,4,7_4,0,0,0_0_4_7,,00276_1.587_S_-1.58_D.nii.gz,0,0.01655535027384758,0,1,0,0
277,972,0.537834341306657,-0.554202536350195,5,6,5_6,0,0,0_0_6_5,,00277_0.538_S_-0.554_D.nii.gz,0,0.17565703392028809,0,1,0,0
278,949,-1.2381549951541,-0.552754470293596,2,6,2_6,0,0,0_0_6_2,,00278_-1.238_S_-0.553_D.nii.gz,0,0.1436106562614441,0,1,0,0
279,933,-0.272333885074245,0.916496268481964,4,8,4_8,0,0,0_0_8_4,,00279_-0.272_S_0.916_D.nii.gz,1,0.9292837381362915,0,0,1,0
280,20,0.316659280406408,-1.65628501092903,5,4,5_4,0,0,0_0_4_5,,00280_0.317_S_-1.656_D.nii.gz,0,0.011102097108960152,0,1,0,0
281,384,0.623657388617885,-0.862079540018264,5,5,5_5,0,0,0_0_5_5,,00281_0.624_S_-0.862_D.nii.gz,0,0.07425888627767563,0,1,0,0
282,799,-0.383317665975879,-2.01582855677209,4,3,4_3,0,0,0_0_3_4,,00282_-0.383_S_-2.016_D.nii.gz,0,0.016774185001850128,0,1,0,0
283,966,1.26856562047358,0.251183117707451,6,7,6_7,0,0,0_0_7_6,,00283_1.269_S_0.251_D.nii.gz,1,0.5573122501373291,0,0,1,0
284,165,-1.00243669366441,0.367947446065092,3,4,3_4,0,1,1_0_4_3,,00284_-1.002_S_0.368_D.nii.gz,1,0.6926054358482361,1,0,0,0
285,163,0.598110472331383,-1.10166808035948,5,5,5_5,0,0,0_0_5_5,,00285_0.598_S_-1.102_D.nii.gz,0,0.03152000531554222,0,1,0,0
286,839,0.156804676760263,-0.784329655601225,4,5,4_5,0,0,0_0_5_4,,00286_0.157_S_-0.784_D.nii.gz,0,0.14764758944511414,0,1,0,0
287,403,0.505165281977686,2.02917923269785,5,7,5_7,0,1,1_0_7_5,,00287_0.505_S_2.029_D.nii.gz,1,0.9671207666397095,1,0,0,0
288,707,0.186475082887818,0.511503483204818,4,7,4_7,0,0,0_0_7_4,,00288_0.186_S_0.512_D.nii.gz,1,0.6955376267433167,0,0,1,0
289,1023,0.590481313298279,-1.59024502968633,5,4,5_4,0,0,0_0_4_5,,00289_0.59_S_-1.59_D.nii.gz,0,0.01090015284717083,0,1,0,0
290,518,0.442191827857628,0.0256548748313116,5,7,5_7,0,0,0_0_7_5,,00290_0.442_S_0.026_D.nii.gz,0,0.448816180229187,0,1,0,0
291,436,0.892596548945558,-2.4944211915357,6,2,6_2,0,0,0_0_2_6,,00291_0.893_S_-2.494_D.nii.gz,0,0.009533200412988663,0,1,0,0
292,938,-0.52847485622309,-1.98790021392042,3,3,3_3,0,0,0_0_3_3,,00292_-0.528_S_-1.988_D.nii.gz,0,0.019972926005721092,0,1,0,0
293,310,1.17740209599801,0.933138442530104,6,5,6_5,0,1,1_0_5_6,,00293_1.177_S_0.933_D.nii.gz,1,0.8784942626953125,1,0,0,0
294,531,-0.9086083408961,-2.14032858116636,3,3,3_3,0,0,0_0_3_3,,00294_-0.909_S_-2.14_D.nii.gz,0,0.016860170289874077,0,1,0,0
295,135,0.156642490061831,2.44170715552261,4,8,4_8,0,1,1_0_8_4,,00295_0.157_S_2.442_D.nii.gz,1,0.9730135798454285,1,0,0,0
296,538,0.52231310374133,-0.0815104429199083,5,6,5_6,0,0,0_0_6_5,,00296_0.522_S_-0.082_D.nii.gz,0,0.40172216296195984,0,1,0,0
297,707,0.666097506006485,2.70959080159366,5,8,5_8,0,1,1_0_8_5,,00297_0.666_S_2.71_D.nii.gz,1,0.9685811400413513,1,0,0,0
298,25,0.250833611223074,-2.82960402344535,5,2,5_2,0,0,0_0_2_5,,00298_0.251_S_-2.83_D.nii.gz,0,0.00971947144716978,0,1,0,0
299,268,-0.453611856588356,0.0226532132010455,3,7,3_7,0,0,0_0_7_3,,00299_-0.454_S_0.023_D.nii.gz,1,0.5419416427612305,0,0,1,0
300,368,-0.591841727954135,1.85463925246876,3,7,3_7,0,1,1_0_7_3,,00300_-0.592_S_1.855_D.nii.gz,1,0.983661949634552,1,0,0,0
301,833,-0.103821053059155,-0.148099305717563,4,3,4_3,0,1,1_0_3_4,,00301_-0.104_S_-0.148_D.nii.gz,0,0.45471319556236267,0,0,0,1
302,614,0.229969244604747,-1.58035615078531,4,4,4_4,0,0,0_0_4_4,,00302_0.23_S_-1.58_D.nii.gz,0,0.01335727795958519,0,1,0,0
303,382,-0.337233473503658,-1.7290129838619,4,4,4_4,0,0,0_0_4_4,,00303_-0.337_S_-1.729_D.nii.gz,0,0.020376557484269142,0,1,0,0
304,228,1.12060293483892,0.0009569727798344,6,3,6_3,0,1,1_0_3_6,,00304_1.121_S_0.001_D.nii.gz,1,0.554743766784668,1,0,0,0
305,575,0.562272597350252,0.680182815768653,5,8,5_8,0,0,0_0_8_5,,00305_0.562_S_0.68_D.nii.gz,1,0.7747011184692383,0,0,1,0
306,462,1.8236001324589,-2.38042075482041,7,3,7_3,0,0,0_0_3_7,,00306_1.824_S_-2.38_D.nii.gz,0,0.017123475670814514,0,1,0,0
307,1018,0.842034065512001,0.284583273827857,5,4,5_4,0,1,1_0_4_5,,00307_0.842_S_0.285_D.nii.gz,1,0.7334479689598083,1,0,0,0
308,269,0.742763061855576,-2.11699058658943,5,3,5_3,0,0,0_0_3_5,,00308_0.743_S_-2.117_D.nii.gz,0,0.008490484207868576,0,1,0,0
309,14,-0.759942074456626,-2.49311668496423,3,2,3_2,0,0,0_0_2_3,,00309_-0.76_S_-2.493_D.nii.gz,0,0.015841249376535416,0,1,0,0
310,517,0.734528066085784,1.37744719744882,5,9,5_9,0,0,0_0_9_5,,00310_0.735_S_1.377_D.nii.gz,1,0.9302753210067749,0,0,1,0
311,493,-0.590878490961342,0.645203346858905,3,4,3_4,0,1,1_0_4_3,,00311_-0.591_S_0.645_D.nii.gz,1,0.755109429359436,1,0,0,0
312,898,0.917534186989312,-1.7862472635333,6,4,6_4,0,0,0_0_4_6,,00312_0.918_S_-1.786_D.nii.gz,0,0.011453740298748016,0,1,0,0
313,848,-0.669971116922911,-0.755583364307974,3,5,3_5,0,0,0_0_5_3,,00313_-0.67_S_-0.756_D.nii.gz,0,0.28999799489974976,0,1,0,0
314,916,-1.26563868280129,-0.555412769553945,2,6,2_6,0,0,0_0_6_2,,00314_-1.266_S_-0.555_D.nii.gz,0,0.13812264800071716,0,1,0,0
315,399,0.0638270641265994,0.215869926184106,4,4,4_4,0,1,1_0_4_4,,00315_0.064_S_0.216_D.nii.gz,1,0.6447598338127136,1,0,0,0
316,43,-1.08897900544139,-1.60719718525533,2,4,2_4,0,0,0_0_4_2,,00316_-1.089_S_-1.607_D.nii.gz,0,0.02587420865893364,0,1,0,0
317,698,-1.48026589407586,-1.84296145131841,2,3,2_3,0,0,0_0_3_2,,00317_-1.48_S_-1.843_D.nii.gz,0,0.020780354738235474,0,1,0,0
318,57,-0.489544724975824,0.371469457287023,3,7,3_7,0,0,0_0_7_3,,00318_-0.49_S_0.371_D.nii.gz,1,0.5848270654678345,0,0,1,0
319,469,-0.0794455513266716,1.37942788833458,4,6,4_6,0,1,1_0_6_4,,00319_-0.079_S_1.379_D.nii.gz,1,0.9575852751731873,1,0,0,0
320,453,-1.11302329735805,-2.49749322650877,2,2,2_2,0,0,0_0_2_2,,00320_-1.113_S_-2.497_D.nii.gz,0,0.013311249203979969,0,1,0,0
321,626,0.370301038738343,-0.505913374615729,5,6,5_6,0,0,0_0_6_5,,00321_0.37_S_-0.506_D.nii.gz,0,0.18216507136821747,0,1,0,0
322,152,0.242058134088872,-0.174286858916566,4,6,4_6,0,0,0_0_6_4,,00322_0.242_S_-0.174_D.nii.gz,0,0.30536285042762756,0,1,0,0
323,175,0.633473524070802,-0.216102760208195,5,3,5_3,0,1,1_0_3_5,,00323_0.633_S_-0.216_D.nii.gz,0,0.37777435779571533,0,0,0,1
324,183,0.297364089727496,-0.97161349485025,5,5,5_5,0,0,0_0_5_5,,00324_0.297_S_-0.972_D.nii.gz,0,0.05943511053919792,0,1,0,0
325,469,0.35448537888254,-1.2749499284347,5,4,5_4,0,0,0_0_4_5,,00325_0.354_S_-1.275_D.nii.gz,0,0.019585726782679558,0,1,0,0
326,875,-0.233339223027914,-1.71466926570624,4,4,4_4,0,0,0_0_4_4,,00326_-0.233_S_-1.715_D.nii.gz,0,0.01815330982208252,0,1,0,0
327,753,0.0588641996238251,-0.182797425594897,4,6,4_6,0,0,0_0_6_4,,00327_0.059_S_-0.183_D.nii.gz,0,0.3516515791416168,0,1,0,0
328,338,1.65452959144335,2.08135756933134,7,7,7_7,0,1,1_0_7_7,,00328_1.655_S_2.081_D.nii.gz,1,0.9497178792953491,1,0,0,0
329,218,-0.0813790947790871,-0.385064297497415,4,6,4_6,0,0,0_0_6_4,,00329_-0.081_S_-0.385_D.nii.gz,0,0.33422791957855225,0,1,0,0
330,796,0.389926328961774,-2.25878370872286,5,3,5_3,0,0,0_0_3_5,,00330_0.39_S_-2.259_D.nii.gz,0,0.007429357152432203,0,1,0,0
331,512,-0.570700696673071,-0.121809627226926,3,3,3_3,0,1,1_0_3_3,,00331_-0.571_S_-0.122_D.nii.gz,0,0.4652998447418213,0,0,0,1
332,675,-0.579843654032439,-0.436729514554101,3,3,3_3,0,1,1_0_3_3,,00332_-0.58_S_-0.437_D.nii.gz,0,0.30941876769065857,0,0,0,1
333,550,1.06942716556946,-1.74499752073459,6,4,6_4,0,0,0_0_4_6,,00333_1.069_S_-1.745_D.nii.gz,0,0.013194438070058823,0,1,0,0
334,238,-0.795789059428852,-1.25179208412346,3,4,3_4,0,0,0_0_4_3,,00334_-0.796_S_-1.252_D.nii.gz,0,0.08773621171712875,0,1,0,0
335,869,-0.378255518493819,-1.45822670143651,4,4,4_4,0,0,0_0_4_4,,00335_-0.378_S_-1.458_D.nii.gz,0,0.03203422203660011,0,1,0,0
336,847,1.11037754784772,-1.57193333918149,6,4,6_4,0,0,0_0_4_6,,00336_1.11_S_-1.572_D.nii.gz,0,0.016254348680377007,0,1,0,0
337,142,-1.50954656524076,-0.0004538270263284,2,7,2_7,0,0,0_0_7_2,,00337_-1.51_S_-0.0_D.nii.gz,1,0.5450851321220398,0,0,1,0
338,961,1.1850389920524,0.57814203404456,6,7,6_7,0,0,0_0_7_6,,00338_1.185_S_0.578_D.nii.gz,1,0.7395376563072205,0,0,1,0
339,467,0.924051066512959,-1.23452316910013,6,4,6_4,0,0,0_0_4_6,,00339_0.924_S_-1.235_D.nii.gz,0,0.031229829415678978,0,1,0,0
340,563,-0.823334243606263,1.43063924408311,3,6,3_6,0,1,1_0_6_3,,00340_-0.823_S_1.431_D.nii.gz,1,0.9796558618545532,1,0,0,0
341,23,-0.46838084604808,-1.11005869527805,3,5,3_5,0,0,0_0_5_3,,00341_-0.468_S_-1.11_D.nii.gz,0,0.0931205078959465,0,1,0,0
342,162,-0.696945350645824,-0.0387287876039346,3,6,3_6,0,0,0_0_6_3,,00342_-0.697_S_-0.039_D.nii.gz,1,0.5445940494537354,0,0,1,0
343,885,0.935248552921136,1.7440011078132,6,6,6_6,0,1,1_0_6_6,,00343_0.935_S_1.744_D.nii.gz,1,0.9633143544197083,1,0,0,0
344,728,-0.587701962545781,-0.802436255840576,3,2,3_2,0,1,1_0_2_3,,00344_-0.588_S_-0.802_D.nii.gz,0,0.24979336559772491,0,0,0,1
345,398,0.662735857396409,-1.02479782710602,5,5,5_5,0,0,0_0_5_5,,00345_0.663_S_-1.025_D.nii.gz,0,0.04466080665588379,0,1,0,0
346,358,0.328316076935234,-0.229013359025738,5,6,5_6,0,0,0_0_6_5,,00346_0.328_S_-0.229_D.nii.gz,0,0.2599502205848694,0,1,0,0
347,227,0.81488844287175,-1.10133885706585,5,5,5_5,0,0,0_0_5_5,,00347_0.815_S_-1.101_D.nii.gz,0,0.04378794878721237,0,1,0,0
348,184,-0.163968858325969,0.848556351828708,4,5,4_5,0,1,1_0_5_4,,00348_-0.164_S_0.849_D.nii.gz,1,0.9131863117218018,1,0,0,0
349,352,-0.721294207416718,1.29226808249534,3,6,3_6,0,1,1_0_6_3,,00349_-0.721_S_1.292_D.nii.gz,1,0.9735767841339111,1,0,0,0
350,1074,0.426844132920494,-3.12219827850502,5,1,5_1,0,0,0_0_1_5,,00350_0.427_S_-3.122_D.nii.gz,0,0.01034720242023468,0,1,0,0
351,576,-0.277604904988616,-0.775693680326057,4,5,4_5,0,0,0_0_5_4,,00351_-0.278_S_-0.776_D.nii.gz,0,0.20106494426727295,0,1,0,0
352,826,1.17258640454956,0.961499774895075,6,5,6_5,0,1,1_0_5_6,,00352_1.173_S_0.961_D.nii.gz,1,0.8854115605354309,1,0,0,0
353,587,1.08106367826194,-0.164769091468693,6,6,6_6,0,0,0_0_6_6,,00353_1.081_S_-0.165_D.nii.gz,0,0.48366832733154297,0,1,0,0
354,1051,-0.389186982845881,1.49202545268965,4,9,4_9,0,0,0_0_9_4,,00354_-0.389_S_1.492_D.nii.gz,1,0.9716662168502808,0,0,1,0
355,361,1.38017314585171,-0.271514449303382,6,6,6_6,0,0,0_0_6_6,,00355_1.38_S_-0.272_D.nii.gz,0,0.3147093951702118,0,1,0,0
356,346,0.0305745163700904,1.04170708034635,4,5,4_5,0,1,1_0_5_4,,00356_0.031_S_1.042_D.nii.gz,1,0.9046845436096191,1,0,0,0
357,439,1.16805812678334,-0.814912766202363,6,5,6_5,0,0,0_0_5_6,,00357_1.168_S_-0.815_D.nii.gz,0,0.09003658592700958,0,1,0,0
358,148,-0.124126580132667,-1.04656430657923,4,5,4_5,0,0,0_0_5_4,,00358_-0.124_S_-1.047_D.nii.gz,0,0.07528217881917953,0,1,0,0
359,864,0.778767490867997,-0.658730007207306,5,5,5_5,0,0,0_0_5_5,,00359_0.779_S_-0.659_D.nii.gz,0,0.1733594834804535,0,1,0,0
360,921,0.0368617860610628,-0.0585157895524653,4,6,4_6,0,0,0_0_6_4,,00360_0.037_S_-0.059_D.nii.gz,0,0.48485589027404785,0,1,0,0
361,528,-0.867850836080669,-1.48787842817366,3,4,3_4,0,0,0_0_4_3,,00361_-0.868_S_-1.488_D.nii.gz,0,0.04490611329674721,0,1,0,0
362,486,-1.44493644520194,-0.766125241595663,2,5,2_5,0,0,0_0_5_2,,00362_-1.445_S_-0.766_D.nii.gz,0,0.07961329817771912,0,1,0,0
363,651,-1.11521274486674,-0.0418905525144652,2,6,2_6,0,0,0_0_6_2,,00363_-1.115_S_-0.042_D.nii.gz,0,0.4664543569087982,0,1,0,0
364,812,-0.554443789827006,-1.10828954782246,3,5,3_5,0,0,0_0_5_3,,00364_-0.554_S_-1.108_D.nii.gz,0,0.12167194485664368,0,1,0,0
365,125,-1.02830873201471,-0.88419332003265,3,5,3_5,0,0,0_0_5_3,,00365_-1.028_S_-0.884_D.nii.gz,0,0.1267731487751007,0,1,0,0
366,243,0.0065339487894892,-0.2907353415757,4,6,4_6,0,0,0_0_6_4,,00366_0.007_S_-0.291_D.nii.gz,0,0.3329957127571106,0,1,0,0
367,980,-0.0940037162392466,0.0872321024446058,4,4,4_4,0,1,1_0_4_4,,00367_-0.094_S_0.087_D.nii.gz,1,0.6614795327186584,1,0,0,0
368,284,1.097371181201,2.18809421721232,6,7,6_7,0,1,1_0_7_6,,00368_1.097_S_2.188_D.nii.gz,1,0.9691306948661804,1,0,0,0
369,501,0.122298580525141,-0.506279100639563,4,2,4_2,0,1,1_0_2_4,,00369_0.122_S_-0.506_D.nii.gz,0,0.2580881118774414,0,0,0,1
370,681,-0.784405985193665,0.665097201286526,3,5,3_5,0,1,1_0_5_3,,00370_-0.784_S_0.665_D.nii.gz,1,0.8302966356277466,1,0,0,0
371,958,2.02516125701435,-1.01802568750429,7,5,7_5,0,0,0_0_5_7,,00371_2.025_S_-1.018_D.nii.gz,0,0.06950768828392029,0,1,0,0
372,63,1.66785591518575,-0.826802183568122,7,5,7_5,0,0,0_0_5_7,,00372_1.668_S_-0.827_D.nii.gz,0,0.07897767424583435,0,1,0,0
373,139,0.298522151946828,0.338837428330753,5,7,5_7,0,0,0_0_7_5,,00373_0.299_S_0.339_D.nii.gz,1,0.661194920539856,0,0,1,0
374,628,1.26555003513283,0.340849721259808,6,7,6_7,0,0,0_0_7_6,,00374_1.266_S_0.341_D.nii.gz,1,0.5893709659576416,0,0,1,0
375,893,-0.909070723745645,-1.18403888406381,3,5,3_5,0,0,0_0_5_3,,00375_-0.909_S_-1.184_D.nii.gz,0,0.08370906114578247,0,1,0,0
376,523,0.716511732169501,-1.05441593708281,5,5,5_5,0,0,0_0_5_5,,00376_0.717_S_-1.054_D.nii.gz,0,0.044418126344680786,0,1,0,0
377,1009,-1.31715627131661,0.0823917328661969,2,7,2_7,0,0,0_0_7_2,,00377_-1.317_S_0.082_D.nii.gz,1,0.6256502270698547,0,0,1,0
378,939,-0.781114217114285,-0.411684432381961,3,6,3_6,0,0,0_0_6_3,,00378_-0.781_S_-0.412_D.nii.gz,0,0.3197270333766937,0,1,0,0
379,446,-0.336820016696057,1.38650199362583,4,6,4_6,0,1,1_0_6_4,,00379_-0.337_S_1.387_D.nii.gz,1,0.9682046175003052,1,0,0,0
380,543,-0.267792208404404,-1.13902996020213,4,5,4_5,0,0,0_0_5_4,,00380_-0.268_S_-1.139_D.nii.gz,0,0.06322886794805527,0,1,0,0
381,258,0.31451658345035,1.04799924156206,5,5,5_5,0,1,1_0_5_5,,00381_0.315_S_1.048_D.nii.gz,1,0.894536018371582,1,0,0,0
382,775,1.44164422673527,-0.520475926017149,6,6,6_6,0,0,0_0_6_6,,00382_1.442_S_-0.52_D.nii.gz,0,0.18387462198734283,0,1,0,0
383,438,0.138484004256475,-1.44565012132616,4,4,4_4,0,0,0_0_4_4,,00383_0.138_S_-1.446_D.nii.gz,0,0.016683615744113922,0,1,0,0
384,971,-0.881306560846515,-0.573526315687416,3,6,3_6,0,0,0_0_6_3,,00384_-0.881_S_-0.574_D.nii.gz,0,0.29059723019599915,0,1,0,0
385,1041,-0.809255837862842,-1.33943502584922,3,4,3_4,0,0,0_0_4_3,,00385_-0.809_S_-1.339_D.nii.gz,0,0.07072944939136505,0,1,0,0
386,699,0.409844107439577,-1.48580737684089,5,4,5_4,0,0,0_0_4_5,,00386_0.41_S_-1.486_D.nii.gz,0,0.011932848021388054,0,1,0,0
387,396,0.972066218248799,-1.31594586505483,6,4,6_4,0,0,0_0_4_6,,00387_0.972_S_-1.316_D.nii.gz,0,0.024147236719727516,0,1,0,0
388,6,-1.15027169682186,1.06014360259744,2,5,2_5,0,1,1_0_5_2,,00388_-1.15_S_1.06_D.nii.gz,1,0.9644802212715149,1,0,0,0
389,1048,-0.848018887600536,-1.52402185033831,3,4,3_4,0,0,0_0_4_3,,00389_-0.848_S_-1.524_D.nii.gz,0,0.04356994852423668,0,1,0,0
390,519,-0.896577162408441,-1.02200225288915,3,5,3_5,0,0,0_0_5_3,,00390_-0.897_S_-1.022_D.nii.gz,0,0.13597670197486877,0,1,0,0
391,762,-0.355751803013421,0.0515519446927146,4,7,4_7,0,0,0_0_7_4,,00391_-0.356_S_0.052_D.nii.gz,1,0.5739406943321228,0,0,1,0
392,988,0.681358921488995,0.906711519020445,5,5,5_5,0,1,1_0_5_5,,00392_0.681_S_0.907_D.nii.gz,1,0.8594566583633423,1,0,0,0
393,694,-0.652113137274113,0.621892748442503,3,4,3_4,0,1,1_0_4_3,,00393_-0.652_S_0.622_D.nii.gz,1,0.7737274765968323,1,0,0,0
394,224,-1.21352453694569,0.938601371577824,2,5,2_5,0,1,1_0_5_2,,00394_-1.214_S_0.939_D.nii.gz,1,0.9575695395469666,1,0,0,0
395,932,-0.918286574907638,-2.23842947748925,3,3,3_3,0,0,0_0_3_3,,00395_-0.918_S_-2.238_D.nii.gz,0,0.015090356580913067,0,1,0,0
396,910,0.225761111880564,-1.43786585451711,4,4,4_4,0,0,0_0_4_4,,00396_0.226_S_-1.438_D.nii.gz,0,0.016402332112193108,0,1,0,0
397,497,-1.7464010285468,-1.2641411990995,1,4,1_4,0,0,0_0_4_1,,00397_-1.746_S_-1.264_D.nii.gz,0,0.026978660374879837,0,1,0,0
398,821,-1.53694665704487,0.28170791402561,2,4,2_4,0,1,1_0_4_2,,00398_-1.537_S_0.282_D.nii.gz,1,0.7741989493370056,1,0,0,0
399,228,-0.346813434338736,-1.04367359861428,4,5,4_5,0,0,0_0_5_4,,00399_-0.347_S_-1.044_D.nii.gz,0,0.08354056626558304,0,1,0,0
400,335,-0.337927573128323,-1.45420698157997,4,4,4_4,0,0,0_0_4_4,,00400_-0.338_S_-1.454_D.nii.gz,0,0.030121609568595886,0,1,0,0
401,734,-0.340793579166421,-0.761687823380376,4,5,4_5,0,0,0_0_5_4,,00401_-0.341_S_-0.762_D.nii.gz,0,0.20542606711387634,0,1,0,0
402,92,-1.5109184015083,-1.00355439067649,2,5,2_5,0,0,0_0_5_2,,00402_-1.511_S_-1.004_D.nii.gz,0,0.04890245944261551,0,1,0,0
403,444,-0.723808877376647,2.49830168306488,3,8,3_8,0,1,1_0_8_3,,00403_-0.724_S_2.498_D.nii.gz,1,0.9898340702056885,1,0,0,0
404,29,0.329294525658856,1.11330898600331,5,5,5_5,0,1,1_0_5_5,,00404_0.329_S_1.113_D.nii.gz,1,0.9023950099945068,1,0,0,0
405,906,0.383090096369383,-1.94570767677937,5,3,5_3,0,0,0_0_3_5,,00405_0.383_S_-1.946_D.nii.gz,0,0.007665910758078098,0,1,0,0
406,1031,0.317074746863812,-2.63973036061037,5,2,5_2,0,0,0_0_2_5,,00406_0.317_S_-2.64_D.nii.gz,0,0.00823237095028162,0,1,0,0
407,58,-2.80220183986963,-1.3524573659016,0,4,0_4,0,0,0_0_4_0,,00407_-2.802_S_-1.352_D.nii.gz,0,0.10468994081020355,0,1,0,0
408,365,0.535885698814906,1.3879570860152,5,6,5_6,0,1,1_0_6_5,,00408_0.536_S_1.388_D.nii.gz,1,0.9227921366691589,1,0,0,0
409,104,1.03246929856687,-0.634082042093824,6,5,6_5,0,0,0_0_5_6,,00409_1.032_S_-0.634_D.nii.gz,0,0.17923687398433685,0,1,0,0
410,800,0.505423216116707,-0.0186560735892898,5,6,5_6,0,0,0_0_6_5,,00410_0.505_S_-0.019_D.nii.gz,0,0.440395325422287,0,1,0,0
411,583,1.37750366685114,-1.52225042315666,6,4,6_4,0,0,0_0_4_6,,00411_1.378_S_-1.522_D.nii.gz,0,0.017807625234127045,0,1,0,0
412,926,-0.694538389758791,-0.899909586886693,3,5,3_5,0,0,0_0_5_3,,00412_-0.695_S_-0.9_D.nii.gz,0,0.23736971616744995,0,1,0,0
413,108,-0.522749851910517,0.823593934094242,3,5,3_5,0,1,1_0_5_3,,00413_-0.523_S_0.824_D.nii.gz,1,0.8585200309753418,1,0,0,0
414,24,-0.149620036850198,1.15675108662423,4,5,4_5,0,1,1_0_5_4,,00414_-0.15_S_1.157_D.nii.gz,1,0.9526478052139282,1,0,0,0
415,957,1.50294754911338,0.174695968236105,6,4,6_4,0,1,1_0_4_6,,00415_1.503_S_0.175_D.nii.gz,1,0.5219774842262268,1,0,0,0
416,274,-1.65881795437525,-1.95372647268053,2,3,2_3,0,0,0_0_3_2,,00416_-1.659_S_-1.954_D.nii.gz,0,0.01853189244866371,0,1,0,0
417,93,-0.734735136577122,-1.70251446379852,3,4,3_4,0,0,0_0_4_3,,00417_-0.735_S_-1.703_D.nii.gz,0,0.033469557762145996,0,1,0,0
418,125,-0.913492528492559,1.36283979918875,3,6,3_6,0,1,1_0_6_3,,00418_-0.913_S_1.363_D.nii.gz,1,0.9777356386184692,1,0,0,0
419,116,1.33193277744634,-0.884249329290105,6,5,6_5,0,0,0_0_5_6,,00419_1.332_S_-0.884_D.nii.gz,0,0.07546230405569077,0,1,0,0
420,946,-0.437649937016604,-2.12300668022897,3,3,3_3,0,0,0_0_3_3,,00420_-0.438_S_-2.123_D.nii.gz,0,0.016296422109007835,0,1,0,0
421,587,-1.51481189832797,1.42535834761277,2,6,2_6,0,1,1_0_6_2,,00421_-1.515_S_1.425_D.nii.gz,1,0.9823682904243469,1,0,0,0
422,504,-0.278471575121466,0.163531895635783,4,7,4_7,0,0,0_0_7_4,,00422_-0.278_S_0.164_D.nii.gz,1,0.6269385814666748,0,0,1,0
423,496,-2.20216163387394,-0.871328599461421,1,5,1_5,0,0,0_0_5_1,,00423_-2.202_S_-0.871_D.nii.gz,0,0.06594738364219666,0,1,0,0
424,452,-0.93548327746938,0.952708492783004,3,5,3_5,0,1,1_0_5_3,,00424_-0.935_S_0.953_D.nii.gz,1,0.9471245408058167,1,0,0,0
425,369,-0.459639667476792,-0.100351871236016,3,6,3_6,0,0,0_0_6_3,,00425_-0.46_S_-0.1_D.nii.gz,0,0.47379302978515625,0,1,0,0
426,167,0.28786497263367,-1.43955369675751,5,4,5_4,0,0,0_0_4_5,,00426_0.288_S_-1.44_D.nii.gz,0,0.014829286374151707,0,1,0,0
427,445,0.638210330573098,0.220160635853607,5,4,5_4,0,1,1_0_4_5,,00427_0.638_S_0.22_D.nii.gz,1,0.6490440368652344,1,0,0,0
428,295,-0.464066628548828,1.11014858766365,3,5,3_5,0,1,1_0_5_3,,00428_-0.464_S_1.11_D.nii.gz,1,0.9447231888771057,1,0,0,0
429,194,0.109759189663911,-1.92311855584883,4,3,4_3,0,0,0_0_3_4,,00429_0.11_S_-1.923_D.nii.gz,0,0.010353962890803814,0,1,0,0
430,1016,0.158564147395333,-1.32816814707501,4,4,4_4,0,0,0_0_4_4,,00430_0.159_S_-1.328_D.nii.gz,0,0.021433355286717415,0,1,0,0
431,1073,0.0773491369101168,2.15785702751644,4,7,4_7,0,1,1_0_7_4,,00431_0.077_S_2.158_D.nii.gz,1,0.9742276072502136,1,0,0,0
432,299,-0.748592015570598,0.704767775121266,3,8,3_8,0,0,0_0_8_3,,00432_-0.749_S_0.705_D.nii.gz,1,0.8462876677513123,0,0,1,0
433,526,0.111186559048771,0.389548426054281,4,7,4_7,0,0,0_0_7_4,,00433_0.111_S_0.39_D.nii.gz,1,0.6709235310554504,0,0,1,0
434,385,1.88275506036371,-2.46350011013702,7,2,7_2,0,0,0_0_2_7,,00434_1.883_S_-2.464_D.nii.gz,0,0.021047227084636688,0,1,0,0
435,216,-1.11312017631573,-0.879594991195383,2,5,2_5,0,0,0_0_5_2,,00435_-1.113_S_-0.88_D.nii.gz,0,0.09091706573963165,0,1,0,0
436,435,0.141017122557625,-0.289526572643077,4,3,4_3,0,1,1_0_3_4,,00436_0.141_S_-0.29_D.nii.gz,0,0.2843115031719208,0,0,0,1
437,625,0.16722366277453,-2.09524612775118,4,3,4_3,0,0,0_0_3_4,,00437_0.167_S_-2.095_D.nii.gz,0,0.009182386100292206,0,1,0,0
438,521,-0.425929435416613,-0.762419966147774,3,5,3_5,0,0,0_0_5_3,,00438_-0.426_S_-0.762_D.nii.gz,0,0.20376725494861603,0,1,0,0
439,646,1.14625759094285,-0.825855353199125,6,5,6_5,0,0,0_0_5_6,,00439_1.146_S_-0.826_D.nii.gz,0,0.08886804431676865,0,1,0,0
440,935,0.894061514426755,-1.05838962713931,6,5,6_5,0,0,0_0_5_6,,00440_0.894_S_-1.058_D.nii.gz,0,0.0530981570482254,0,1,0,0
441,160,-0.222494365854891,-1.65266614415593,4,4,4_4,0,0,0_0_4_4,,00441_-0.222_S_-1.653_D.nii.gz,0,0.018793586641550064,0,1,0,0
442,65,0.372081727549737,0.803804027195503,5,5,5_5,0,1,1_0_5_5,,00442_0.372_S_0.804_D.nii.gz,1,0.820335328578949,1,0,0,0
443,705,0.486151650865272,-0.498577930828534,5,6,5_6,0,0,0_0_6_5,,00443_0.486_S_-0.499_D.nii.gz,0,0.18096643686294556,0,1,0,0
444,404,0.369833861085523,0.223388252345284,5,7,5_7,0,0,0_0_7_5,,00444_0.37_S_0.223_D.nii.gz,1,0.598320484161377,0,0,1,0
445,267,-0.221607284697904,-0.817098658135803,4,5,4_5,0,0,0_0_5_4,,00445_-0.222_S_-0.817_D.nii.gz,0,0.18016086518764496,0,1,0,0
446,736,0.660402610399638,1.29736526280001,5,6,5_6,0,1,1_0_6_5,,00446_0.66_S_1.297_D.nii.gz,1,0.9202666878700256,1,0,0,0
447,301,-0.283600326531817,1.55568790180808,4,6,4_6,0,1,1_0_6_4,,00447_-0.284_S_1.556_D.nii.gz,1,0.9753440022468567,1,0,0,0
448,1062,0.508935206965518,0.213436870501551,5,7,5_7,0,0,0_0_7_5,,00448_0.509_S_0.213_D.nii.gz,1,0.6077104210853577,0,0,1,0
449,542,-0.512700777885911,-1.39295306988657,3,4,3_4,0,0,0_0_4_3,,00449_-0.513_S_-1.393_D.nii.gz,0,0.05579189583659172,0,1,0,0
450,985,0.981066230537127,1.15069812435709,6,8,6_8,0,0,0_0_8_6,,00450_0.981_S_1.151_D.nii.gz,1,0.9184132814407349,0,0,1,0
451,990,-1.37955546127931,0.302110736407511,2,7,2_7,0,0,0_0_7_2,,00451_-1.38_S_0.302_D.nii.gz,1,0.7742690443992615,0,0,1,0
452,379,0.0363857845782214,-2.49155002152363,4,2,4_2,0,0,0_0_2_4,,00452_0.036_S_-2.492_D.nii.gz,0,0.008369337767362595,0,1,0,0
453,107,0.042918312253502,-0.488977195332333,4,6,4_6,0,0,0_0_6_4,,00453_0.043_S_-0.489_D.nii.gz,0,0.2771386504173279,0,1,0,0
454,208,0.40990237374952,-2.36498709467094,5,3,5_3,0,0,0_0_3_5,,00454_0.41_S_-2.365_D.nii.gz,0,0.007057898212224245,0,1,0,0
455,73,0.480556205853501,0.852269720112929,5,8,5_8,0,0,0_0_8_5,,00455_0.481_S_0.852_D.nii.gz,1,0.8247665166854858,0,0,1,0
456,892,0.266004635181845,0.978886414976553,5,5,5_5,0,1,1_0_5_5,,00456_0.266_S_0.979_D.nii.gz,1,0.8798224329948425,1,0,0,0
457,730,-1.28384844131434,-0.198795244634763,2,6,2_6,0,0,0_0_6_2,,00457_-1.284_S_-0.199_D.nii.gz,0,0.34657934308052063,0,1,0,0
458,661,0.070631850628548,0.573714992187005,4,7,4_7,0,0,0_0_7_4,,00458_0.071_S_0.574_D.nii.gz,1,0.7180378437042236,0,0,1,0
459,895,-0.801021003858064,-0.568889051026071,3,6,3_6,0,0,0_0_6_3,,00459_-0.801_S_-0.569_D.nii.gz,0,0.31070926785469055,0,1,0,0
460,717,1.08187587722185,1.36787456507424,6,6,6_6,0,1,1_0_6_6,,00460_1.082_S_1.368_D.nii.gz,1,0.9414195418357849,1,0,0,0
461,446,0.0449824016906332,-2.24593250745186,4,3,4_3,0,0,0_0_3_4,,00461_0.045_S_-2.246_D.nii.gz,0,0.008952212519943714,0,1,0,0
462,615,-0.0207199741255432,-1.1301661758302,4,5,4_5,0,0,0_0_5_4,,00462_-0.021_S_-1.13_D.nii.gz,0,0.0501181036233902,0,1,0,0
463,119,-0.622262229997915,-2.7051204421875,3,2,3_2,0,0,0_0_2_3,,00463_-0.622_S_-2.705_D.nii.gz,0,0.01706402190029621,0,1,0,0
464,298,0.538682391984056,-3.22675653978092,5,1,5_1,0,0,0_0_1_5,,00464_0.539_S_-3.227_D.nii.gz,0,0.011235371232032776,0,1,0,0
465,87,-0.0343582042939187,0.556418777025581,4,4,4_4,0,1,1_0_4_4,,00465_-0.034_S_0.556_D.nii.gz,1,0.7849103212356567,1,0,0,0
466,1068,0.766172288479797,0.386419294270049,5,7,5_7,0,0,0_0_7_5,,00466_0.766_S_0.386_D.nii.gz,1,0.765638530254364,0,0,1,0
467,317,0.276325354240157,-1.677415088691,5,4,5_4,0,0,0_0_4_5,,00467_0.276_S_-1.677_D.nii.gz,0,0.01174292340874672,0,1,0,0
468,927,1.66065082561052,0.811450130504014,7,5,7_5,0,1,1_0_5_7,,00468_1.661_S_0.811_D.nii.gz,1,0.8345526456832886,1,0,0,0
469,308,-0.108498430644802,-1.96215634973647,4,3,4_3,0,0,0_0_3_4,,00469_-0.108_S_-1.962_D.nii.gz,0,0.012788153253495693,0,1,0,0
470,200,-0.51752360899512,-1.8779033831785,3,3,3_3,0,0,0_0_3_3,,00470_-0.518_S_-1.878_D.nii.gz,0,0.02325488068163395,0,1,0,0
471,170,0.118158589708079,0.247688527554411,4,4,4_4,0,1,1_0_4_4,,00471_0.118_S_0.248_D.nii.gz,1,0.6330116391181946,1,0,0,0
472,59,-0.046159361066252,-0.830583578896375,4,5,4_5,0,0,0_0_5_4,,00472_-0.046_S_-0.831_D.nii.gz,0,0.1537940353155136,0,1,0,0
473,1039,0.0429937581084853,-1.31365552319528,4,4,4_4,0,0,0_0_4_4,,00473_0.043_S_-1.314_D.nii.gz,0,0.02473318949341774,0,1,0,0
474,792,0.418265343038995,-2.65573766969748,5,2,5_2,0,0,0_0_2_5,,00474_0.418_S_-2.656_D.nii.gz,0,0.007927817292511463,0,1,0,0
475,975,0.647467422181479,1.95867780796939,5,7,5_7,0,1,1_0_7_5,,00475_0.647_S_1.959_D.nii.gz,1,0.9679803848266602,1,0,0,0
476,378,-1.32789858232425,-0.17055153030322,2,3,2_3,0,1,1_0_3_2,,00476_-1.328_S_-0.171_D.nii.gz,0,0.3864057660102844,0,0,0,1
477,117,0.372425954872747,-1.9158716729607,5,3,5_3,0,0,0_0_3_5,,00477_0.372_S_-1.916_D.nii.gz,0,0.007764110341668129,0,1,0,0
478,905,0.0700417941961388,1.12099772850016,4,5,4_5,0,1,1_0_5_4,,00478_0.07_S_1.121_D.nii.gz,1,0.9078502655029297,1,0,0,0
479,64,-0.486439789821561,-1.01961335337451,3,5,3_5,0,0,0_0_5_3,,00479_-0.486_S_-1.02_D.nii.gz,0,0.1225382536649704,0,1,0,0
480,156,-0.824457924674931,-0.378574684135914,3,3,3_3,0,1,1_0_3_3,,00480_-0.824_S_-0.379_D.nii.gz,0,0.3139943778514862,0,0,0,1
481,641,0.0415479866659824,-0.384532321515606,4,6,4_6,0,0,0_0_6_4,,00481_0.042_S_-0.385_D.nii.gz,0,0.2972210943698883,0,1,0,0
482,892,1.02271783353469,-2.26408876639372,6,3,6_3,0,0,0_0_3_6,,00482_1.023_S_-2.264_D.nii.gz,0,0.010744940489530563,0,1,0,0
483,343,-0.144981887386556,-0.578000994956864,4,6,4_6,0,0,0_0_6_4,,00483_-0.145_S_-0.578_D.nii.gz,0,0.2845897376537323,0,1,0,0
484,688,0.983375959229515,-1.20073010322928,6,5,6_5,0,0,0_0_5_6,,00484_0.983_S_-1.201_D.nii.gz,0,0.03489464521408081,0,1,0,0
485,1008,-1.23482304904515,-0.990041947479268,2,5,2_5,0,0,0_0_5_2,,00485_-1.235_S_-0.99_D.nii.gz,0,0.05349593237042427,0,1,0,0
486,215,0.568052419144084,0.754351404269105,5,8,5_8,0,0,0_0_8_5,,00486_0.568_S_0.754_D.nii.gz,1,0.8038342595100403,0,0,1,0
487,1030,0.525185839810878,-1.37265320756152,5,4,5_4,0,0,0_0_4_5,,00487_0.525_S_-1.373_D.nii.gz,0,0.013947498053312302,0,1,0,0
488,537,-0.230275350978122,-1.90216276869274,4,3,4_3,0,0,0_0_3_4,,00488_-0.23_S_-1.902_D.nii.gz,0,0.014556637965142727,0,1,0,0
489,24,1.72945078362072,0.482571163033857,7,7,7_7,0,0,0_0_7_7,,00489_1.729_S_0.483_D.nii.gz,1,0.679208517074585,0,0,1,0
490,1002,-1.23193335829423,0.579318593202666,2,4,2_4,0,1,1_0_4_2,,00490_-1.232_S_0.579_D.nii.gz,1,0.873386025428772,1,0,0,0
491,1012,-0.203048614682418,0.71379504562545,4,5,4_5,0,1,1_0_5_4,,00491_-0.203_S_0.714_D.nii.gz,1,0.8765789270401001,1,0,0,0
492,764,-2.10697393562351,-0.18976437673212,1,6,1_6,0,0,0_0_6_1,,00492_-2.107_S_-0.19_D.nii.gz,0,0.25989818572998047,0,1,0,0
493,506,-0.909027919269522,0.0547807939699047,3,7,3_7,0,0,0_0_7_3,,00493_-0.909_S_0.055_D.nii.gz,1,0.5414676070213318,0,0,1,0
494,65,-1.30271989525969,-0.6835214607204,2,5,2_5,0,0,0_0_5_2,,00494_-1.303_S_-0.684_D.nii.gz,0,0.09843800216913223,0,1,0,0
495,249,1.77370195918003,-0.919812475857303,7,5,7_5,0,0,0_0_5_7,,00495_1.774_S_-0.92_D.nii.gz,0,0.06194339320063591,0,1,0,0
496,455,1.03039265650259,-1.90476565782009,6,3,6_3,0,0,0_0_3_6,,00496_1.03_S_-1.905_D.nii.gz,0,0.012398244813084602,0,1,0,0
497,833,-0.472650680152689,-0.411403881793442,3,6,3_6,0,0,0_0_6_3,,00497_-0.473_S_-0.411_D.nii.gz,0,0.31974920630455017,0,1,0,0
498,157,-0.474119276287215,-1.12696083044176,3,5,3_5,0,0,0_0_5_3,,00498_-0.474_S_-1.127_D.nii.gz,0,0.09096269309520721,0,1,0,0
