,isv_dst,effect_dst,isv_bin,effect_bin,both_bins,bias_label,class_label,strat_col,filename
633,0.46986947796399,2.46935903647114,5,8,5_8,1,1,1_1_8_5,00000_0.47_S_2.469_D_1.289_B.tiff
394,0.736736421411132,-1.52532951026548,5,4,5_4,1,0,0_1_4_5,00001_0.737_S_-1.525_D_1.818_B.tiff
434,0.791010648308661,-0.0268897386090489,5,3,5_3,1,1,1_1_3_5,00002_0.791_S_-0.027_D_1.422_B.tiff
685,-0.936475491103682,-0.0244155877878706,3,3,3_3,1,1,1_1_3_3,00003_-0.936_S_-0.024_D_1.843_B.tiff
537,-0.209585976925043,0.383522374480719,4,4,4_4,1,1,1_1_4_4,00004_-0.21_S_0.384_D_3.023_B.tiff
943,0.77216238095771,1.35503607516644,5,6,5_6,1,1,1_1_6_5,00005_0.772_S_1.355_D_1.372_B.tiff
296,-0.317319918110144,-1.25091788597956,4,4,4_4,1,0,0_1_4_4,00006_-0.317_S_-1.251_D_1.478_B.tiff
792,1.62080092986469,0.800345253056513,7,5,7_5,1,1,1_1_5_7,00007_1.621_S_0.8_D_3.965_B.tiff
1,0.597399457510531,-1.17471729232578,5,5,5_5,1,0,0_1_5_5,00008_0.597_S_-1.175_D_-0.007_B.tiff
525,-1.41392221092178,0.896084450815923,2,5,2_5,1,1,1_1_5_2,00009_-1.414_S_0.896_D_1.364_B.tiff
925,1.15966273492952,0.54289327452344,6,4,6_4,1,1,1_1_4_6,00010_1.16_S_0.543_D_2.828_B.tiff
748,1.5244104453915,0.323519875920012,6,4,6_4,1,1,1_1_4_6,00011_1.524_S_0.324_D_1.484_B.tiff
13,0.24583318985905,-0.489453338302358,5,6,5_6,1,0,0_1_6_5,00012_0.246_S_-0.489_D_1.509_B.tiff
34,0.973650833752116,-0.821286570881604,6,5,6_5,1,0,0_1_5_6,00013_0.974_S_-0.821_D_0.248_B.tiff
409,-0.376263882893788,-1.07351211225974,4,5,4_5,1,0,0_1_5_4,00014_-0.376_S_-1.074_D_0.086_B.tiff
240,0.187668791237308,-0.152877732634923,4,6,4_6,1,0,0_1_6_4,00015_0.188_S_-0.153_D_3.144_B.tiff
570,-0.428782263002874,-0.557678603604195,3,2,3_2,1,1,1_1_2_3,00016_-0.429_S_-0.558_D_3.651_B.tiff
362,-0.658704420894265,1.59197228477083,3,6,3_6,1,1,1_1_6_3,00017_-0.659_S_1.592_D_2.291_B.tiff
931,-0.160343869634944,0.360747145794486,4,4,4_4,1,1,1_1_4_4,00018_-0.16_S_0.361_D_1.279_B.tiff
128,-0.599404400963652,-0.746096475373909,3,2,3_2,1,1,1_1_2_3,00019_-0.599_S_-0.746_D_0.459_B.tiff
677,2.06214579280504,-0.84817737362547,7,5,7_5,1,0,0_1_5_7,00020_2.062_S_-0.848_D_1.812_B.tiff
25,-0.154070999995723,0.813069055370046,4,5,4_5,1,1,1_1_5_4,00021_-0.154_S_0.813_D_2.257_B.tiff
377,0.87412213616129,0.220688871967883,5,4,5_4,1,1,1_1_4_5,00022_0.874_S_0.221_D_0.101_B.tiff
1000,-1.1099868949016,-0.352003578739773,2,6,2_6,1,0,0_1_6_2,00023_-1.11_S_-0.352_D_2.458_B.tiff
832,-0.990147994420149,-0.685145886064895,3,5,3_5,1,0,0_1_5_3,00024_-0.99_S_-0.685_D_1.538_B.tiff
340,0.664433274116237,1.25932645747674,5,6,5_6,1,1,1_1_6_5,00025_0.664_S_1.259_D_3.405_B.tiff
820,-0.338265282620632,0.910324587073534,4,5,4_5,1,1,1_1_5_4,00026_-0.338_S_0.91_D_2.524_B.tiff
22,-0.9278771540111,-0.267446481443703,3,3,3_3,1,1,1_1_3_3,00027_-0.928_S_-0.267_D_2.719_B.tiff
12,-0.975447916797404,-0.683354983528098,3,5,3_5,1,0,0_1_5_3,00028_-0.975_S_-0.683_D_1.784_B.tiff
244,-0.156277356247772,0.709283319399459,4,5,4_5,1,1,1_1_5_4,00029_-0.156_S_0.709_D_1.423_B.tiff
471,-0.824875903486286,0.278485263539798,3,4,3_4,1,1,1_1_4_3,00030_-0.825_S_0.278_D_1.137_B.tiff
986,-0.874521135684713,-0.3036866964292,3,6,3_6,1,0,0_1_6_3,00031_-0.875_S_-0.304_D_3.335_B.tiff
478,-1.52258986001541,2.86120278691173,2,8,2_8,1,1,1_1_8_2,00032_-1.523_S_2.861_D_2.583_B.tiff
588,-1.48389589229369,1.39573076180965,2,6,2_6,1,1,1_1_6_2,00033_-1.484_S_1.396_D_2.028_B.tiff
458,-0.562236791733991,0.960670146732694,3,5,3_5,1,1,1_1_5_3,00034_-0.562_S_0.961_D_1.859_B.tiff
105,0.814542309117256,0.376056413556094,5,4,5_4,1,1,1_1_4_5,00035_0.815_S_0.376_D_1.837_B.tiff
532,-2.57576830369582,1.23390133320958,0,5,0_5,1,1,1_1_5_0,00036_-2.576_S_1.234_D_3.014_B.tiff
748,0.4218267351438,-0.300762228049158,5,6,5_6,1,0,0_1_6_5,00037_0.422_S_-0.301_D_3.322_B.tiff
544,0.890977863795166,0.242163552670524,6,7,6_7,1,0,0_1_7_6,00038_0.891_S_0.242_D_3.521_B.tiff
360,-1.74068695063316,1.50352086499405,1,6,1_6,1,1,1_1_6_1,00039_-1.741_S_1.504_D_0.26_B.tiff
66,-1.36384372179782,1.89876387210041,2,7,2_7,1,1,1_1_7_2,00040_-1.364_S_1.899_D_2.224_B.tiff
396,-0.36611395794508,1.21642485112762,4,5,4_5,1,1,1_1_5_4,00041_-0.366_S_1.216_D_0.24_B.tiff
909,-0.726278007296322,2.05529459746611,3,7,3_7,1,1,1_1_7_3,00042_-0.726_S_2.055_D_1.838_B.tiff
813,-1.05308209785712,1.20754672116048,2,5,2_5,1,1,1_1_5_2,00043_-1.053_S_1.208_D_2.545_B.tiff
481,-0.0048704998792095,0.968950491019201,4,5,4_5,1,1,1_1_5_4,00044_-0.005_S_0.969_D_1.721_B.tiff
836,-0.0096185554757535,-0.663579129634976,4,5,4_5,1,0,0_1_5_4,00045_-0.01_S_-0.664_D_1.854_B.tiff
798,0.668696761891366,0.35476766203476,5,4,5_4,1,1,1_1_4_5,00046_0.669_S_0.355_D_2.443_B.tiff
351,-1.86515536361215,0.495828770659036,1,4,1_4,1,1,1_1_4_1,00047_-1.865_S_0.496_D_3.306_B.tiff
996,-1.04716122024437,2.02800606006629,2,7,2_7,1,1,1_1_7_2,00048_-1.047_S_2.028_D_1.633_B.tiff
286,0.163960360382316,-2.12122692708616,4,3,4_3,1,0,0_1_3_4,00049_0.164_S_-2.121_D_2.754_B.tiff
1041,2.12526206374153,0.956293549515027,7,5,7_5,1,1,1_1_5_7,00050_2.125_S_0.956_D_0.901_B.tiff
159,0.277613811625127,0.328766783748283,5,4,5_4,1,1,1_1_4_5,00051_0.278_S_0.329_D_1.335_B.tiff
52,0.434078909333167,1.07451622877146,5,5,5_5,1,1,1_1_5_5,00052_0.434_S_1.075_D_2.931_B.tiff
88,-0.691012335116675,-2.48119161829724,3,2,3_2,1,0,0_1_2_3,00053_-0.691_S_-2.481_D_2.702_B.tiff
135,0.158869251245078,-2.13491194829148,4,3,4_3,1,0,0_1_3_4,00054_0.159_S_-2.135_D_1.553_B.tiff
352,1.43094964699383,-2.1366224937006,6,3,6_3,1,0,0_1_3_6,00055_1.431_S_-2.137_D_2.751_B.tiff
629,1.39860424349675,-0.984320300094436,6,5,6_5,1,0,0_1_5_6,00056_1.399_S_-0.984_D_1.267_B.tiff
131,-0.443200603148108,1.77899108434246,3,6,3_6,1,1,1_1_6_3,00057_-0.443_S_1.779_D_1.294_B.tiff
887,-0.0021005829398964,1.30732139472724,4,6,4_6,1,1,1_1_6_4,00058_-0.002_S_1.307_D_3.123_B.tiff
1006,0.567222115145053,1.95913892389812,5,7,5_7,1,1,1_1_7_5,00059_0.567_S_1.959_D_1.193_B.tiff
88,0.547810364999298,2.16612777619022,5,7,5_7,1,1,1_1_7_5,00060_0.548_S_2.166_D_1.349_B.tiff
174,0.892490494025192,-0.32796515074983,6,6,6_6,1,0,0_1_6_6,00061_0.892_S_-0.328_D_1.687_B.tiff
990,1.19332538069338,2.05839277612576,6,7,6_7,1,1,1_1_7_6,00062_1.193_S_2.058_D_2.426_B.tiff
39,-0.812683791401193,-1.2033324857719,3,5,3_5,1,0,0_1_5_3,00063_-0.813_S_-1.203_D_2.195_B.tiff
589,1.32314155849239,1.11023823117396,6,5,6_5,1,1,1_1_5_6,00064_1.323_S_1.11_D_2.665_B.tiff
391,0.581110276272,0.660854342857934,5,5,5_5,1,1,1_1_5_5,00065_0.581_S_0.661_D_2.503_B.tiff
766,-0.949534682689684,-0.864431450069986,3,5,3_5,1,0,0_1_5_3,00066_-0.95_S_-0.864_D_3.118_B.tiff
160,-0.416454337127997,-0.0540937876234928,3,3,3_3,1,1,1_1_3_3,00067_-0.416_S_-0.054_D_1.317_B.tiff
423,-0.225162704649569,1.98375490840003,4,7,4_7,1,1,1_1_7_4,00068_-0.225_S_1.984_D_1.782_B.tiff
981,-0.865981580007563,-0.567294355953092,3,2,3_2,1,1,1_1_2_3,00069_-0.866_S_-0.567_D_1.564_B.tiff
626,-0.706880147538364,1.90623900307854,3,7,3_7,1,1,1_1_7_3,00070_-0.707_S_1.906_D_2.521_B.tiff
791,-1.21544208568673,2.58689944897857,2,8,2_8,1,1,1_1_8_2,00071_-1.215_S_2.587_D_1.019_B.tiff
217,-1.7687247119901,1.03853476377022,1,5,1_5,1,1,1_1_5_1,00072_-1.769_S_1.039_D_2.188_B.tiff
314,-1.79455821226727,-0.738726952813368,1,5,1_5,1,0,0_1_5_1,00073_-1.795_S_-0.739_D_2.222_B.tiff
619,-0.788485694356512,2.70073020701003,3,8,3_8,1,1,1_1_8_3,00074_-0.788_S_2.701_D_1.683_B.tiff
473,-0.587539876486442,0.244485369031316,3,4,3_4,1,1,1_1_4_3,00075_-0.588_S_0.244_D_-1.263_B.tiff
932,1.56340962787051,-0.100743499724022,7,3,7_3,1,1,1_1_3_7,00076_1.563_S_-0.101_D_1.17_B.tiff
835,-0.755346287441584,-2.16352426234432,3,3,3_3,1,0,0_1_3_3,00077_-0.755_S_-2.164_D_3.69_B.tiff
539,1.29965438983082,-1.07527327791131,6,2,6_2,1,1,1_1_2_6,00078_1.3_S_-1.075_D_2.352_B.tiff
342,-0.322778665534815,-0.804197903984529,4,5,4_5,1,0,0_1_5_4,00079_-0.323_S_-0.804_D_0.74_B.tiff
1034,-0.801905460934544,2.75624012531618,3,8,3_8,1,1,1_1_8_3,00080_-0.802_S_2.756_D_1.116_B.tiff
78,0.299319412864515,0.749804599482075,5,5,5_5,1,1,1_1_5_5,00081_0.299_S_0.75_D_0.912_B.tiff
329,-0.250581344934235,-0.920576555164002,4,5,4_5,1,0,0_1_5_4,00082_-0.251_S_-0.921_D_0.195_B.tiff
723,-0.195305550399534,2.21694712723152,4,7,4_7,1,1,1_1_7_4,00083_-0.195_S_2.217_D_2.982_B.tiff
394,0.460727360322256,1.79431479087605,5,6,5_6,1,1,1_1_6_5,00084_0.461_S_1.794_D_1.97_B.tiff
174,1.18711822141018,-0.108260792181513,6,3,6_3,1,1,1_1_3_6,00085_1.187_S_-0.108_D_2.089_B.tiff
903,-1.57471539476932,0.780819322226862,2,5,2_5,1,1,1_1_5_2,00086_-1.575_S_0.781_D_1.94_B.tiff
496,-1.09062980890581,1.52662676901587,2,6,2_6,1,1,1_1_6_2,00087_-1.091_S_1.527_D_1.625_B.tiff
294,0.490897117257827,0.339395653009337,5,7,5_7,1,0,0_1_7_5,00088_0.491_S_0.339_D_1.324_B.tiff
297,0.477443722804055,-0.81397077021899,5,5,5_5,1,0,0_1_5_5,00089_0.477_S_-0.814_D_2.281_B.tiff
112,1.13874660293145,-0.0336758320736887,6,3,6_3,1,1,1_1_3_6,00090_1.139_S_-0.034_D_0.919_B.tiff
239,0.454138228759254,-0.449863821906611,5,3,5_3,1,1,1_1_3_5,00091_0.454_S_-0.45_D_2.516_B.tiff
558,-1.17980917262226,1.28337629253462,2,6,2_6,1,1,1_1_6_2,00092_-1.18_S_1.283_D_-0.084_B.tiff
188,-0.526707723437251,1.38260026772799,3,6,3_6,1,1,1_1_6_3,00093_-0.527_S_1.383_D_1.201_B.tiff
934,-0.344200155496962,0.903109905203805,4,5,4_5,1,1,1_1_5_4,00094_-0.344_S_0.903_D_2.899_B.tiff
5,0.169283301962785,0.0083534450035376,4,3,4_3,1,1,1_1_3_4,00095_0.169_S_0.008_D_1.295_B.tiff
248,-2.15486492536918,0.307927449525509,1,4,1_4,1,1,1_1_4_1,00096_-2.155_S_0.308_D_2.422_B.tiff
36,-0.578675758519139,0.967478295054479,3,5,3_5,1,1,1_1_5_3,00097_-0.579_S_0.967_D_1.759_B.tiff
452,0.801303787396058,-2.26924575551709,5,3,5_3,1,0,0_1_3_5,00098_0.801_S_-2.269_D_2.162_B.tiff
725,-0.380820771602746,2.11139926291886,4,7,4_7,1,1,1_1_7_4,00099_-0.381_S_2.111_D_2.059_B.tiff
757,-0.744485670446109,0.626336295259481,3,4,3_4,1,1,1_1_4_3,00100_-0.744_S_0.626_D_2.272_B.tiff
97,0.646208521298091,1.34668004887843,5,6,5_6,1,1,1_1_6_5,00101_0.646_S_1.347_D_2.699_B.tiff
1052,-0.234656859279039,-1.06969134188187,4,5,4_5,1,0,0_1_5_4,00102_-0.235_S_-1.07_D_2.476_B.tiff
641,1.39425494424101,1.33685247877646,6,6,6_6,1,1,1_1_6_6,00103_1.394_S_1.337_D_2.184_B.tiff
504,-0.507405665422846,1.82057868589006,3,6,3_6,1,1,1_1_6_3,00104_-0.507_S_1.821_D_3.117_B.tiff
161,0.476813529433097,1.33732633257503,5,6,5_6,1,1,1_1_6_5,00105_0.477_S_1.337_D_1.962_B.tiff
691,-0.0770932916037793,1.70051979132501,4,6,4_6,1,1,1_1_6_4,00106_-0.077_S_1.701_D_1.267_B.tiff
415,0.473488654684653,-0.126457084751319,5,3,5_3,1,1,1_1_3_5,00107_0.473_S_-0.126_D_3.121_B.tiff
569,0.470633581874341,1.23387804876911,5,5,5_5,1,1,1_1_5_5,00108_0.471_S_1.234_D_0.961_B.tiff
138,0.241399725520945,-1.26012070421676,4,4,4_4,1,0,0_1_4_4,00109_0.241_S_-1.26_D_3.194_B.tiff
686,0.638008466291263,-1.51398599403855,5,4,5_4,1,0,0_1_4_5,00110_0.638_S_-1.514_D_2.991_B.tiff
749,1.28213653037288,2.44275078821626,6,8,6_8,1,1,1_1_8_6,00111_1.282_S_2.443_D_2.201_B.tiff
56,0.844808136144202,0.933482679850584,5,5,5_5,1,1,1_1_5_5,00112_0.845_S_0.933_D_0.744_B.tiff
1064,-0.894991000633299,-0.289244182693001,3,6,3_6,1,0,0_1_6_3,00113_-0.895_S_-0.289_D_1.521_B.tiff
76,-0.756897895959428,-1.82948872334748,3,4,3_4,1,0,0_1_4_3,00114_-0.757_S_-1.829_D_1.534_B.tiff
547,-0.216174707406084,0.447388196485138,4,4,4_4,1,1,1_1_4_4,00115_-0.216_S_0.447_D_3.01_B.tiff
522,-0.77297727707282,-1.5994011659371,3,4,3_4,1,0,0_1_4_3,00116_-0.773_S_-1.599_D_0.818_B.tiff
303,0.122245101171818,-0.0831165848464755,4,6,4_6,1,0,0_1_6_4,00117_0.122_S_-0.083_D_0.263_B.tiff
15,-0.826359297449448,1.69530319445829,3,6,3_6,1,1,1_1_6_3,00118_-0.826_S_1.695_D_3.427_B.tiff
879,-1.24901516372661,-2.08742764863802,2,3,2_3,1,0,0_1_3_2,00119_-1.249_S_-2.087_D_2.088_B.tiff
157,-1.36165302139382,0.193154072378879,2,4,2_4,1,1,1_1_4_2,00120_-1.362_S_0.193_D_-0.46_B.tiff
831,-0.413845302669695,0.160164302200065,3,4,3_4,1,1,1_1_4_3,00121_-0.414_S_0.16_D_2.875_B.tiff
148,1.22684483144416,1.96592161872881,6,7,6_7,1,1,1_1_7_6,00122_1.227_S_1.966_D_1.272_B.tiff
817,-0.46821042593948,-0.211317540650674,3,3,3_3,1,1,1_1_3_3,00123_-0.468_S_-0.211_D_3.067_B.tiff
30,-1.04269234742196,-1.34369435009948,3,4,3_4,1,0,0_1_4_3,00124_-1.043_S_-1.344_D_1.183_B.tiff
884,1.4326392887625,-1.5433803637111,6,4,6_4,1,0,0_1_4_6,00125_1.433_S_-1.543_D_1.866_B.tiff
110,-0.0729488262836607,1.70246295512054,4,6,4_6,1,1,1_1_6_4,00126_-0.073_S_1.702_D_2.151_B.tiff
852,0.765534169286758,-0.169248402474018,5,3,5_3,1,1,1_1_3_5,00127_0.766_S_-0.169_D_1.808_B.tiff
195,-0.971538336198128,-1.67863620065444,3,4,3_4,1,0,0_1_4_3,00128_-0.972_S_-1.679_D_0.563_B.tiff
467,0.518197414013141,0.256725108946719,5,4,5_4,1,1,1_1_4_5,00129_0.518_S_0.257_D_2.951_B.tiff
399,-1.61989234709004,-1.78375504969413,2,4,2_4,1,0,0_1_4_2,00130_-1.62_S_-1.784_D_1.709_B.tiff
999,-0.889283691673774,0.174527427776075,3,4,3_4,1,1,1_1_4_3,00131_-0.889_S_0.175_D_2.638_B.tiff
591,0.286253195167925,0.227631986966819,5,4,5_4,1,1,1_1_4_5,00132_0.286_S_0.228_D_1.999_B.tiff
709,1.43869420819733,0.0407071041276079,6,7,6_7,1,0,0_1_7_6,00133_1.439_S_0.041_D_2.5_B.tiff
666,1.06954272875169,1.06322301166061,6,5,6_5,1,1,1_1_5_6,00134_1.07_S_1.063_D_3.607_B.tiff
731,-1.14130661192498,0.498125356855001,2,4,2_4,1,1,1_1_4_2,00135_-1.141_S_0.498_D_-0.196_B.tiff
197,-1.12501690610439,0.335021032828384,2,7,2_7,1,0,0_1_7_2,00136_-1.125_S_0.335_D_1.999_B.tiff
439,-0.270038266678788,1.00350815146396,4,5,4_5,1,1,1_1_5_4,00137_-0.27_S_1.004_D_1.336_B.tiff
822,0.0419296438729074,1.09211382792392,4,5,4_5,1,1,1_1_5_4,00138_0.042_S_1.092_D_1.698_B.tiff
973,-1.3279832420829,1.63379351956999,2,6,2_6,1,1,1_1_6_2,00139_-1.328_S_1.634_D_1.026_B.tiff
713,-1.4889797705443,1.43390570582822,2,6,2_6,1,1,1_1_6_2,00140_-1.489_S_1.434_D_2.215_B.tiff
594,0.409476278685585,-1.31758158207419,5,4,5_4,1,0,0_1_4_5,00141_0.409_S_-1.318_D_2.639_B.tiff
96,-0.0934476235512985,-0.290893245323487,4,3,4_3,1,1,1_1_3_4,00142_-0.093_S_-0.291_D_1.22_B.tiff
1057,1.23374478428871,0.178512990830812,6,4,6_4,1,1,1_1_4_6,00143_1.234_S_0.179_D_0.806_B.tiff
300,-0.717320367176199,-1.62462072682112,3,4,3_4,1,0,0_1_4_3,00144_-0.717_S_-1.625_D_2.072_B.tiff
276,-0.387483409386248,0.565553450305724,4,7,4_7,1,0,0_1_7_4,00145_-0.387_S_0.566_D_2.328_B.tiff
818,-0.794807381293988,-0.708886963578838,3,2,3_2,1,1,1_1_2_3,00146_-0.795_S_-0.709_D_0.502_B.tiff
382,-0.751652545586229,1.11635523569218,3,5,3_5,1,1,1_1_5_3,00147_-0.752_S_1.116_D_2.905_B.tiff
1032,-0.485042053130431,0.940187214465727,3,5,3_5,1,1,1_1_5_3,00148_-0.485_S_0.94_D_0.516_B.tiff
304,-1.41301987620916,0.36500151258834,2,4,2_4,1,1,1_1_4_2,00149_-1.413_S_0.365_D_2.792_B.tiff
590,-1.30383176844487,1.99480165756393,2,7,2_7,1,1,1_1_7_2,00150_-1.304_S_1.995_D_0.444_B.tiff
161,0.177134594723356,-1.2041141077913,4,5,4_5,1,0,0_1_5_4,00151_0.177_S_-1.204_D_-0.134_B.tiff
406,-1.05767335111487,0.0692362240093548,2,3,2_3,1,1,1_1_3_2,00152_-1.058_S_0.069_D_2.196_B.tiff
823,0.0047396795782446,0.358824232760439,4,4,4_4,1,1,1_1_4_4,00153_0.005_S_0.359_D_1.893_B.tiff
1068,0.967763414215512,1.48129366424514,6,6,6_6,1,1,1_1_6_6,00154_0.968_S_1.481_D_2.235_B.tiff
531,-0.0275826503999077,0.451239662572188,4,4,4_4,1,1,1_1_4_4,00155_-0.028_S_0.451_D_3.793_B.tiff
261,-1.00185074618027,1.8054056469438,3,6,3_6,1,1,1_1_6_3,00156_-1.002_S_1.805_D_0.74_B.tiff
763,1.10056261660602,-0.113768859172073,6,3,6_3,1,1,1_1_3_6,00157_1.101_S_-0.114_D_2.541_B.tiff
51,-0.719182541640772,-0.541422270905972,3,6,3_6,1,0,0_1_6_3,00158_-0.719_S_-0.541_D_2.993_B.tiff
726,-0.688122595841516,2.97984182980994,3,8,3_8,1,1,1_1_8_3,00159_-0.688_S_2.98_D_0.684_B.tiff
58,-0.845553606312804,2.43852259165615,3,8,3_8,1,1,1_1_8_3,00160_-0.846_S_2.439_D_2.098_B.tiff
461,-1.62855421400001,-0.0724077081434858,2,6,2_6,1,0,0_1_6_2,00161_-1.629_S_-0.072_D_0.499_B.tiff
542,1.46832959521621,0.841975806575327,6,5,6_5,1,1,1_1_5_6,00162_1.468_S_0.842_D_2.366_B.tiff
110,0.47027127602077,-0.909951741135098,5,5,5_5,1,0,0_1_5_5,00163_0.47_S_-0.91_D_3.428_B.tiff
167,-0.0105399089247124,1.73492670925839,4,6,4_6,1,1,1_1_6_4,00164_-0.011_S_1.735_D_1.614_B.tiff
435,-1.50107029236349,-0.506270660932476,2,6,2_6,1,0,0_1_6_2,00165_-1.501_S_-0.506_D_0.749_B.tiff
728,-0.118300696494423,-1.11831995199558,4,5,4_5,1,0,0_1_5_4,00166_-0.118_S_-1.118_D_1.725_B.tiff
935,1.92330850488461,-0.300234364384923,7,3,7_3,1,1,1_1_3_7,00167_1.923_S_-0.3_D_1.694_B.tiff
158,0.472575908174986,2.65405754880043,5,8,5_8,1,1,1_1_8_5,00168_0.473_S_2.654_D_1.875_B.tiff
1062,-0.828179688353456,-0.117763414372792,3,3,3_3,1,1,1_1_3_3,00169_-0.828_S_-0.118_D_2.517_B.tiff
463,-1.06725534348705,-0.0808883735973878,2,6,2_6,1,0,0_1_6_2,00170_-1.067_S_-0.081_D_1.695_B.tiff
31,-0.952694357344637,-0.789827072663898,3,5,3_5,1,0,0_1_5_3,00171_-0.953_S_-0.79_D_-0.439_B.tiff
223,0.77600075306515,-1.16570477478288,5,5,5_5,1,0,0_1_5_5,00172_0.776_S_-1.166_D_1.332_B.tiff
94,0.310788075243166,0.994600439328373,5,5,5_5,1,1,1_1_5_5,00173_0.311_S_0.995_D_2.887_B.tiff
743,0.39846236592802,0.970372685150671,5,5,5_5,1,1,1_1_5_5,00174_0.398_S_0.97_D_3.021_B.tiff
303,-0.342196834406035,0.420607949556604,4,4,4_4,1,1,1_1_4_4,00175_-0.342_S_0.421_D_3.025_B.tiff
411,0.332664362819512,0.632446431054685,5,8,5_8,1,0,0_1_8_5,00176_0.333_S_0.632_D_1.141_B.tiff
777,0.625147872813803,-2.29692443576385,5,3,5_3,1,0,0_1_3_5,00177_0.625_S_-2.297_D_0.944_B.tiff
47,-0.0159807801953233,1.11935402569658,4,5,4_5,1,1,1_1_5_4,00178_-0.016_S_1.119_D_3.451_B.tiff
128,-0.54085695350378,0.682021006471535,3,8,3_8,1,0,0_1_8_3,00179_-0.541_S_0.682_D_2.667_B.tiff
679,0.266596927600496,1.21255868433784,5,5,5_5,1,1,1_1_5_5,00180_0.267_S_1.213_D_3.515_B.tiff
647,-0.374620767600473,-2.22653119455608,4,3,4_3,1,0,0_1_3_4,00181_-0.375_S_-2.227_D_1.391_B.tiff
529,0.436084458903983,-0.287150791010713,5,6,5_6,1,0,0_1_6_5,00182_0.436_S_-0.287_D_2.346_B.tiff
33,0.749900972105024,0.191162760574401,5,4,5_4,1,1,1_1_4_5,00183_0.75_S_0.191_D_2.853_B.tiff
317,-0.545031765859717,0.764601648034909,3,5,3_5,1,1,1_1_5_3,00184_-0.545_S_0.765_D_2.643_B.tiff
831,-0.17672130454197,-1.37298292912528,4,4,4_4,1,0,0_1_4_4,00185_-0.177_S_-1.373_D_4.393_B.tiff
312,2.10016650812808,0.60746275316251,7,4,7_4,1,1,1_1_4_7,00186_2.1_S_0.607_D_0.318_B.tiff
33,-1.0208080319472,-0.0147844171418123,3,7,3_7,1,0,0_1_7_3,00187_-1.021_S_-0.015_D_1.736_B.tiff
805,0.291768592851596,1.03801874701554,5,5,5_5,1,1,1_1_5_5,00188_0.292_S_1.038_D_2.768_B.tiff
335,-0.07857848614023,-0.106931024351484,4,3,4_3,1,1,1_1_3_4,00189_-0.079_S_-0.107_D_0.054_B.tiff
893,0.46109335185872,1.87715152206184,5,7,5_7,1,1,1_1_7_5,00190_0.461_S_1.877_D_1.959_B.tiff
684,0.581075479917949,0.638285974321988,5,4,5_4,1,1,1_1_4_5,00191_0.581_S_0.638_D_0.053_B.tiff
899,1.38768360706115,-0.579111758493085,6,6,6_6,1,0,0_1_6_6,00192_1.388_S_-0.579_D_2.784_B.tiff
1060,0.501677419662008,1.86465257047515,5,7,5_7,1,1,1_1_7_5,00193_0.502_S_1.865_D_2.061_B.tiff
343,-1.00289209367172,0.803271597934283,3,5,3_5,1,1,1_1_5_3,00194_-1.003_S_0.803_D_2.62_B.tiff
116,-0.189415296568915,1.25983910067436,4,6,4_6,1,1,1_1_6_4,00195_-0.189_S_1.26_D_3.589_B.tiff
862,-0.214499813918052,1.76714863229962,4,6,4_6,1,1,1_1_6_4,00196_-0.214_S_1.767_D_3.508_B.tiff
1064,-0.954623319368711,0.301009873089896,3,4,3_4,1,1,1_1_4_3,00197_-0.955_S_0.301_D_0.464_B.tiff
203,0.298181225564104,-2.6145039542818,5,2,5_2,1,0,0_1_2_5,00198_0.298_S_-2.615_D_1.331_B.tiff
948,-0.335887588500329,1.02985348695863,4,5,4_5,1,1,1_1_5_4,00199_-0.336_S_1.03_D_1.367_B.tiff
127,0.691794243398746,0.09017986530538,5,7,5_7,1,0,0_1_7_5,00200_0.692_S_0.09_D_1.856_B.tiff
1025,-0.351799912919963,0.0331503901107018,4,3,4_3,1,1,1_1_3_4,00201_-0.352_S_0.033_D_1.517_B.tiff
332,0.0289589543908744,-0.0449320235690857,4,3,4_3,1,1,1_1_3_4,00202_0.029_S_-0.045_D_1.735_B.tiff
172,1.54588949677243,0.460702650512679,7,4,7_4,1,1,1_1_4_7,00203_1.546_S_0.461_D_-0.094_B.tiff
560,0.769226748556883,-3.39312012031461,5,1,5_1,1,0,0_1_1_5,00204_0.769_S_-3.393_D_1.32_B.tiff
930,-0.298674606126902,2.19182999261401,4,7,4_7,1,1,1_1_7_4,00205_-0.299_S_2.192_D_4.192_B.tiff
653,1.03639794978,1.2046632105977,6,5,6_5,1,1,1_1_5_6,00206_1.036_S_1.205_D_-0.357_B.tiff
857,-0.280240101764324,0.520663686690632,4,4,4_4,1,1,1_1_4_4,00207_-0.28_S_0.521_D_2.656_B.tiff
187,-0.265181652853597,1.68051097463314,4,6,4_6,1,1,1_1_6_4,00208_-0.265_S_1.681_D_2.372_B.tiff
7,0.659117932748199,2.34021524555453,5,7,5_7,1,1,1_1_7_5,00209_0.659_S_2.34_D_4.155_B.tiff
191,-1.14266270006986,1.9495299317353,2,7,2_7,1,1,1_1_7_2,00210_-1.143_S_1.95_D_1.974_B.tiff
713,0.366529548579695,-1.09575169257872,5,5,5_5,1,0,0_1_5_5,00211_0.367_S_-1.096_D_1.515_B.tiff
683,0.46693777976382,0.109939707879157,5,4,5_4,1,1,1_1_4_5,00212_0.467_S_0.11_D_2.171_B.tiff
59,-1.50094744746543,0.324337748994347,2,4,2_4,1,1,1_1_4_2,00213_-1.501_S_0.324_D_0.964_B.tiff
998,0.322378175433954,1.46244345677786,5,6,5_6,1,1,1_1_6_5,00214_0.322_S_1.462_D_1.136_B.tiff
755,1.99627015421963,0.916217830626894,7,5,7_5,1,1,1_1_5_7,00215_1.996_S_0.916_D_3.11_B.tiff
742,0.74838725581313,-0.682756390868888,5,2,5_2,1,1,1_1_2_5,00216_0.748_S_-0.683_D_3.058_B.tiff
72,-0.768372797310839,0.536830135047633,3,4,3_4,1,1,1_1_4_3,00217_-0.768_S_0.537_D_1.163_B.tiff
603,-0.169507475367862,1.30840962641701,4,6,4_6,1,1,1_1_6_4,00218_-0.17_S_1.308_D_2.481_B.tiff
348,0.421367786143852,1.95959538140087,5,7,5_7,1,1,1_1_7_5,00219_0.421_S_1.96_D_1.959_B.tiff
533,-0.303575252971799,0.995568296802361,4,5,4_5,1,1,1_1_5_4,00220_-0.304_S_0.996_D_1.061_B.tiff
139,0.775730036929356,0.0248476772212538,5,3,5_3,1,1,1_1_3_5,00221_0.776_S_0.025_D_3.491_B.tiff
997,-0.207356732961275,0.599590368221667,4,4,4_4,1,1,1_1_4_4,00222_-0.207_S_0.6_D_2.594_B.tiff
57,0.0533556831076577,1.66724756083433,4,6,4_6,1,1,1_1_6_4,00223_0.053_S_1.667_D_1.043_B.tiff
693,-0.0469232055207546,-0.037205841625419,4,3,4_3,1,1,1_1_3_4,00224_-0.047_S_-0.037_D_0.299_B.tiff
795,-0.0786676978475731,0.0806157753737282,4,4,4_4,1,1,1_1_4_4,00225_-0.079_S_0.081_D_0.883_B.tiff
904,-0.117215317057783,1.74019912874063,4,6,4_6,1,1,1_1_6_4,00226_-0.117_S_1.74_D_3.178_B.tiff
778,0.034104637134736,2.39519426023873,4,7,4_7,1,1,1_1_7_4,00227_0.034_S_2.395_D_1.033_B.tiff
449,-0.148257642671911,1.58767504257775,4,6,4_6,1,1,1_1_6_4,00228_-0.148_S_1.588_D_1.332_B.tiff
380,-0.0547743337913036,0.823206806486412,4,5,4_5,1,1,1_1_5_4,00229_-0.055_S_0.823_D_4.154_B.tiff
287,-1.61846430633301,-0.958319864895659,2,5,2_5,1,0,0_1_5_2,00230_-1.618_S_-0.958_D_1.481_B.tiff
964,-0.787621226727045,-2.09247702418109,3,3,3_3,1,0,0_1_3_3,00231_-0.788_S_-2.092_D_2.535_B.tiff
197,0.486071856226768,1.92138347324647,5,7,5_7,1,1,1_1_7_5,00232_0.486_S_1.921_D_3.947_B.tiff
673,1.26770923977712,0.170850382181752,6,4,6_4,1,1,1_1_4_6,00233_1.268_S_0.171_D_2.394_B.tiff
965,0.29126223910689,1.78986720988448,5,6,5_6,1,1,1_1_6_5,00234_0.291_S_1.79_D_1.763_B.tiff
1045,-1.7966581298642,-0.898765763258373,1,5,1_5,1,0,0_1_5_1,00235_-1.797_S_-0.899_D_3.144_B.tiff
662,-0.281242617552378,0.56082690452712,4,4,4_4,1,1,1_1_4_4,00236_-0.281_S_0.561_D_1.397_B.tiff
86,0.932866380741459,0.988478531961452,6,5,6_5,1,1,1_1_5_6,00237_0.933_S_0.988_D_0.67_B.tiff
787,0.211754723295981,-0.497770851641903,4,3,4_3,1,1,1_1_3_4,00238_0.212_S_-0.498_D_2.884_B.tiff
302,1.31260944547716,0.941539874241138,6,5,6_5,1,1,1_1_5_6,00239_1.313_S_0.942_D_2.19_B.tiff
653,0.760403569958151,-1.9991463713338,5,3,5_3,1,0,0_1_3_5,00240_0.76_S_-1.999_D_2.403_B.tiff
989,-0.144905631969908,-2.75324719223478,4,2,4_2,1,0,0_1_2_4,00241_-0.145_S_-2.753_D_0.634_B.tiff
154,-0.766224622393943,0.624733160323044,3,4,3_4,1,1,1_1_4_3,00242_-0.766_S_0.625_D_1.211_B.tiff
173,-0.451345708812195,0.857096791503239,3,5,3_5,1,1,1_1_5_3,00243_-0.451_S_0.857_D_2.274_B.tiff
425,0.374097086953405,-1.62512930695802,5,4,5_4,1,0,0_1_4_5,00244_0.374_S_-1.625_D_2.723_B.tiff
953,-0.997297995444689,1.88509436658828,3,7,3_7,1,1,1_1_7_3,00245_-0.997_S_1.885_D_3.629_B.tiff
38,-1.01228629463541,0.416399567256698,3,4,3_4,1,1,1_1_4_3,00246_-1.012_S_0.416_D_1.982_B.tiff
877,0.63091864598549,3.09621983165628,5,9,5_9,1,1,1_1_9_5,00247_0.631_S_3.096_D_1.13_B.tiff
811,1.09727489716572,0.83536424819628,6,5,6_5,1,1,1_1_5_6,00248_1.097_S_0.835_D_2.82_B.tiff
3,1.09030309034829,0.109408161242726,6,4,6_4,1,1,1_1_4_6,00249_1.09_S_0.109_D_2.042_B.tiff
524,0.538806111948095,1.60610675115502,5,6,5_6,1,1,1_1_6_5,00250_0.539_S_1.606_D_2.481_B.tiff
928,1.94747479679187,2.18909718855153,7,7,7_7,1,1,1_1_7_7,00251_1.947_S_2.189_D_1.852_B.tiff
1072,0.335251044649799,0.134994725117429,5,7,5_7,1,0,0_1_7_5,00252_0.335_S_0.135_D_4.007_B.tiff
594,-1.0266885096036,1.58414590622792,3,6,3_6,1,1,1_1_6_3,00253_-1.027_S_1.584_D_2.161_B.tiff
402,0.779608049284533,0.622925549598903,5,4,5_4,1,1,1_1_4_5,00254_0.78_S_0.623_D_2.288_B.tiff
546,0.892225742518876,0.730299630271188,6,5,6_5,1,1,1_1_5_6,00255_0.892_S_0.73_D_2.427_B.tiff
216,0.842358049664805,0.754196928618077,5,5,5_5,1,1,1_1_5_5,00256_0.842_S_0.754_D_3.5_B.tiff
421,1.56244355890409,-0.67135248657008,7,2,7_2,1,1,1_1_2_7,00257_1.562_S_-0.671_D_1.743_B.tiff
979,0.0402163252651637,0.0886665021542333,4,4,4_4,1,1,1_1_4_4,00258_0.04_S_0.089_D_2.217_B.tiff
556,1.0152299103876,-0.865258602287739,6,5,6_5,1,0,0_1_5_6,00259_1.015_S_-0.865_D_2.509_B.tiff
1046,0.194013440934506,0.649307802915013,4,4,4_4,1,1,1_1_4_4,00260_0.194_S_0.649_D_0.982_B.tiff
14,0.377690301564574,0.970748177536726,5,5,5_5,1,1,1_1_5_5,00261_0.378_S_0.971_D_3.472_B.tiff
21,0.416952159637347,0.764908868925319,5,5,5_5,1,1,1_1_5_5,00262_0.417_S_0.765_D_1.87_B.tiff
689,1.80606075102239,-1.44390420120663,7,4,7_4,1,0,0_1_4_7,00263_1.806_S_-1.444_D_2.183_B.tiff
913,0.0178310067551889,-0.572553121957667,4,6,4_6,1,0,0_1_6_4,00264_0.018_S_-0.573_D_1.443_B.tiff
54,1.47415510744469,0.811217874649251,6,5,6_5,1,1,1_1_5_6,00265_1.474_S_0.811_D_2.538_B.tiff
754,-1.46988078143301,0.564785098411944,2,4,2_4,1,1,1_1_4_2,00266_-1.47_S_0.565_D_1.311_B.tiff
735,0.038141371907458,-0.510356653285878,4,2,4_2,1,1,1_1_2_4,00267_0.038_S_-0.51_D_0.473_B.tiff
109,-1.86825166201822,0.794069669746783,1,5,1_5,1,1,1_1_5_1,00268_-1.868_S_0.794_D_1.418_B.tiff
53,0.486915407081296,-1.36862714912241,5,4,5_4,1,0,0_1_4_5,00269_0.487_S_-1.369_D_0.341_B.tiff
491,0.296211537936783,0.0386844548496735,5,3,5_3,1,1,1_1_3_5,00270_0.296_S_0.039_D_0.921_B.tiff
253,-0.830104008158987,1.04711990613059,3,5,3_5,1,1,1_1_5_3,00271_-0.83_S_1.047_D_1.415_B.tiff
144,0.13999942467174,0.373926900279803,4,4,4_4,1,1,1_1_4_4,00272_0.14_S_0.374_D_1.273_B.tiff
991,0.351086949222459,0.658565545541407,5,4,5_4,1,1,1_1_4_5,00273_0.351_S_0.659_D_1.759_B.tiff
408,-0.236336251166637,1.46383145645606,4,6,4_6,1,1,1_1_6_4,00274_-0.236_S_1.464_D_1.495_B.tiff
604,-0.181404106705465,-0.697684363841418,4,2,4_2,1,1,1_1_2_4,00275_-0.181_S_-0.698_D_1.65_B.tiff
327,-1.22446260893465,0.0063836526602886,2,3,2_3,1,1,1_1_3_2,00276_-1.224_S_0.006_D_1.09_B.tiff
724,1.25369813023429,1.25334610232647,6,6,6_6,1,1,1_1_6_6,00277_1.254_S_1.253_D_3.404_B.tiff
83,-1.38960896122493,0.879229554913545,2,5,2_5,1,1,1_1_5_2,00278_-1.39_S_0.879_D_2.483_B.tiff
543,-1.03697740258042,0.575682727528406,3,4,3_4,1,1,1_1_4_3,00279_-1.037_S_0.576_D_0.565_B.tiff
379,0.47472553559054,0.943905719231727,5,5,5_5,1,1,1_1_5_5,00280_0.475_S_0.944_D_1.555_B.tiff
237,-1.23040867669981,0.910512038111582,2,5,2_5,1,1,1_1_5_2,00281_-1.23_S_0.911_D_3.482_B.tiff
712,-0.714221708623735,0.805891412774677,3,5,3_5,1,1,1_1_5_3,00282_-0.714_S_0.806_D_2.811_B.tiff
454,-0.654386755917493,-2.00650752724259,3,3,3_3,1,0,0_1_3_3,00283_-0.654_S_-2.007_D_2.558_B.tiff
552,0.282726944502932,0.858437167821276,5,5,5_5,1,1,1_1_5_5,00284_0.283_S_0.858_D_3.081_B.tiff
580,-0.142174097025798,-0.0693672397290691,4,6,4_6,1,0,0_1_6_4,00285_-0.142_S_-0.069_D_2.155_B.tiff
911,-0.31790222720908,2.40854062060414,4,8,4_8,1,1,1_1_8_4,00286_-0.318_S_2.409_D_2.566_B.tiff
861,0.117492766692701,-1.24931435918094,4,4,4_4,1,0,0_1_4_4,00287_0.117_S_-1.249_D_2.723_B.tiff
562,0.933494805210929,1.63705833121635,6,6,6_6,1,1,1_1_6_6,00288_0.933_S_1.637_D_2.023_B.tiff
571,0.0107795138298486,1.94254481422802,4,7,4_7,1,1,1_1_7_4,00289_0.011_S_1.943_D_2.375_B.tiff
381,1.52976655251309,-1.08649378209823,7,5,7_5,1,0,0_1_5_7,00290_1.53_S_-1.086_D_1.234_B.tiff
904,-0.128972623915419,-2.49140411413862,4,2,4_2,1,0,0_1_2_4,00291_-0.129_S_-2.491_D_4.417_B.tiff
322,-0.266896785760554,-1.67457281658791,4,4,4_4,1,0,0_1_4_4,00292_-0.267_S_-1.675_D_1.754_B.tiff
333,-0.936612745621342,1.31908845168655,3,6,3_6,1,1,1_1_6_3,00293_-0.937_S_1.319_D_1.899_B.tiff
151,0.909090064596291,-1.74273805148718,6,4,6_4,1,0,0_1_4_6,00294_0.909_S_-1.743_D_3.453_B.tiff
871,-0.582860013306155,1.10953796873524,3,5,3_5,1,1,1_1_5_3,00295_-0.583_S_1.11_D_-0.134_B.tiff
433,-0.0753205044216276,0.695412297485183,4,5,4_5,1,1,1_1_5_4,00296_-0.075_S_0.695_D_3.675_B.tiff
389,-0.856339345455793,0.867930494780643,3,5,3_5,1,1,1_1_5_3,00297_-0.856_S_0.868_D_1.488_B.tiff
951,0.951020007134492,2.11333723834034,6,7,6_7,1,1,1_1_7_6,00298_0.951_S_2.113_D_1.126_B.tiff
281,-1.42892422206976,-0.0768749198271783,2,3,2_3,1,1,1_1_3_2,00299_-1.429_S_-0.077_D_2.528_B.tiff
208,-0.0144150864235287,1.8168890590538,4,6,4_6,1,1,1_1_6_4,00300_-0.014_S_1.817_D_1.619_B.tiff
559,-0.176682700249924,1.38331259243268,4,6,4_6,1,1,1_1_6_4,00301_-0.177_S_1.383_D_1.791_B.tiff
48,-0.274955390481998,0.358529605892779,4,4,4_4,1,1,1_1_4_4,00302_-0.275_S_0.359_D_1.008_B.tiff
927,1.19558016807041,-2.09355136652507,6,3,6_3,1,0,0_1_3_6,00303_1.196_S_-2.094_D_1.859_B.tiff
111,-0.461278848113132,-0.816606999228563,3,5,3_5,1,0,0_1_5_3,00304_-0.461_S_-0.817_D_2.817_B.tiff
1033,-0.977978073062797,-1.02239742707478,3,5,3_5,1,0,0_1_5_3,00305_-0.978_S_-1.022_D_3.165_B.tiff
619,0.169421983594334,0.536769841796066,4,7,4_7,1,0,0_1_7_4,00306_0.169_S_0.537_D_3.078_B.tiff
541,0.367339746737307,1.15098334971434,5,5,5_5,1,1,1_1_5_5,00307_0.367_S_1.151_D_1.217_B.tiff
142,-0.729458311046439,0.948809587308323,3,5,3_5,1,1,1_1_5_3,00308_-0.729_S_0.949_D_0.988_B.tiff
120,0.347536208095171,1.08930648576905,5,5,5_5,1,1,1_1_5_5,00309_0.348_S_1.089_D_2.044_B.tiff
222,-0.985223892133234,-0.643481322411107,3,2,3_2,1,1,1_1_2_3,00310_-0.985_S_-0.643_D_2.324_B.tiff
869,2.28199303278163,0.720358186873693,8,5,8_5,1,1,1_1_5_8,00311_2.282_S_0.72_D_1.638_B.tiff
977,0.101677269135038,0.111212728915975,4,4,4_4,1,1,1_1_4_4,00312_0.102_S_0.111_D_0.93_B.tiff
372,0.651704490156246,0.62865148310915,5,4,5_4,1,1,1_1_4_5,00313_0.652_S_0.629_D_1.327_B.tiff
971,2.08928902288471,2.02730196836163,7,7,7_7,1,1,1_1_7_7,00314_2.089_S_2.027_D_-0.309_B.tiff
515,0.261155077125276,-0.623358103029875,5,6,5_6,1,0,0_1_6_5,00315_0.261_S_-0.623_D_-0.522_B.tiff
272,1.38843869775864,-1.09927146856705,6,5,6_5,1,0,0_1_5_6,00316_1.388_S_-1.099_D_0.938_B.tiff
714,-0.369907062609873,0.451217942364414,4,7,4_7,1,0,0_1_7_4,00317_-0.37_S_0.451_D_0.912_B.tiff
596,-0.836245280764675,1.39702040676506,3,6,3_6,1,1,1_1_6_3,00318_-0.836_S_1.397_D_0.765_B.tiff
75,-0.443897202648134,0.0620757877855615,3,7,3_7,1,0,0_1_7_3,00319_-0.444_S_0.062_D_2.037_B.tiff
578,-0.509882201971864,2.27259117788288,3,7,3_7,1,1,1_1_7_3,00320_-0.51_S_2.273_D_3.375_B.tiff
383,-0.304405713163644,-0.150913521310862,4,3,4_3,1,1,1_1_3_4,00321_-0.304_S_-0.151_D_1.871_B.tiff
922,-0.362424049346773,1.14817838461433,4,5,4_5,1,1,1_1_5_4,00322_-0.362_S_1.148_D_1.926_B.tiff
891,-0.695001245280535,-0.141593677855549,3,3,3_3,1,1,1_1_3_3,00323_-0.695_S_-0.142_D_1.978_B.tiff
354,-0.306762217434493,1.21445394544308,4,5,4_5,1,1,1_1_5_4,00324_-0.307_S_1.214_D_2.848_B.tiff
393,1.43713871663903,-0.443863695895121,6,3,6_3,1,1,1_1_3_6,00325_1.437_S_-0.444_D_1.251_B.tiff
621,1.4509833188621,1.31256283474625,6,6,6_6,1,1,1_1_6_6,00326_1.451_S_1.313_D_2.474_B.tiff
364,-0.291353139492009,-0.686118623361915,4,2,4_2,1,1,1_1_2_4,00327_-0.291_S_-0.686_D_1.772_B.tiff
538,2.11716136685122,0.705646390782153,7,5,7_5,1,1,1_1_5_7,00328_2.117_S_0.706_D_2.397_B.tiff
516,-0.302329904771995,2.86673345435236,4,8,4_8,1,1,1_1_8_4,00329_-0.302_S_2.867_D_1.25_B.tiff
466,0.586031898141809,-0.0880355853884271,5,3,5_3,1,1,1_1_3_5,00330_0.586_S_-0.088_D_2.054_B.tiff
385,1.24472466422366,2.06265060578816,6,7,6_7,1,1,1_1_7_6,00331_1.245_S_2.063_D_3.059_B.tiff
539,0.843276249434101,-2.4341644959054,5,3,5_3,1,0,0_1_3_5,00332_0.843_S_-2.434_D_1.73_B.tiff
104,-0.243784377701263,0.168276818587918,4,4,4_4,1,1,1_1_4_4,00333_-0.244_S_0.168_D_1.873_B.tiff
815,-0.21597104390679,2.63411477689291,4,8,4_8,1,1,1_1_8_4,00334_-0.216_S_2.634_D_2.538_B.tiff
923,-1.09809911212589,1.06841056221032,2,5,2_5,1,1,1_1_5_2,00335_-1.098_S_1.068_D_0.07_B.tiff
4,0.60783391602094,0.545329214828277,5,4,5_4,1,1,1_1_4_5,00336_0.608_S_0.545_D_4.423_B.tiff
1026,-1.42104604369987,-1.53980755589203,2,4,2_4,1,0,0_1_4_2,00337_-1.421_S_-1.54_D_3.693_B.tiff
570,1.1617340551676,-1.69964062584738,6,4,6_4,1,0,0_1_4_6,00338_1.162_S_-1.7_D_2.649_B.tiff
545,-1.65612541369557,0.0234605313889432,2,3,2_3,1,1,1_1_3_2,00339_-1.656_S_0.023_D_1.682_B.tiff
894,0.967341895087502,0.0329817084583258,6,3,6_3,1,1,1_1_3_6,00340_0.967_S_0.033_D_0.603_B.tiff
851,-0.358024141597576,0.421071018790053,4,4,4_4,1,1,1_1_4_4,00341_-0.358_S_0.421_D_1.599_B.tiff
567,0.233655404495809,2.16947099199311,4,7,4_7,1,1,1_1_7_4,00342_0.234_S_2.169_D_1.562_B.tiff
599,-0.199947446483041,-0.0025951963841088,4,3,4_3,1,1,1_1_3_4,00343_-0.2_S_-0.003_D_3.217_B.tiff
186,0.328536879721502,2.176508320252,5,7,5_7,1,1,1_1_7_5,00344_0.329_S_2.177_D_2.525_B.tiff
941,-0.155496578496917,-0.286385976094353,4,6,4_6,1,0,0_1_6_4,00345_-0.155_S_-0.286_D_2.911_B.tiff
967,0.740773884675982,0.929134671826657,5,5,5_5,1,1,1_1_5_5,00346_0.741_S_0.929_D_3.092_B.tiff
414,0.373329692895345,0.704293778667674,5,5,5_5,1,1,1_1_5_5,00347_0.373_S_0.704_D_1.123_B.tiff
561,-0.0806519784927032,0.740539941698565,4,5,4_5,1,1,1_1_5_4,00348_-0.081_S_0.741_D_2.523_B.tiff
908,1.453577008671,-0.319179576184154,6,3,6_3,1,1,1_1_3_6,00349_1.454_S_-0.319_D_2.659_B.tiff
319,0.0962593194056198,1.88458503256261,4,7,4_7,1,1,1_1_7_4,00350_0.096_S_1.885_D_1.603_B.tiff
370,-0.689526137940669,0.850061001651115,3,5,3_5,1,1,1_1_5_3,00351_-0.69_S_0.85_D_2.126_B.tiff
350,-1.05139904108246,0.144624616167404,2,4,2_4,1,1,1_1_4_2,00352_-1.051_S_0.145_D_0.663_B.tiff
729,-0.218246549030003,0.106113149620415,4,4,4_4,1,1,1_1_4_4,00353_-0.218_S_0.106_D_1.694_B.tiff
627,-1.57262427633772,2.95744521489509,2,8,2_8,1,1,1_1_8_2,00354_-1.573_S_2.957_D_2.807_B.tiff
829,-0.733826436735448,-0.0076431926306066,3,3,3_3,1,1,1_1_3_3,00355_-0.734_S_-0.008_D_1.284_B.tiff
233,-0.988695867701607,1.33975592541822,3,6,3_6,1,1,1_1_6_3,00356_-0.989_S_1.34_D_2.807_B.tiff
395,1.23363141569786,0.80876459608048,6,5,6_5,1,1,1_1_5_6,00357_1.234_S_0.809_D_0.719_B.tiff
727,0.355098823509026,1.02259312256275,5,5,5_5,1,1,1_1_5_5,00358_0.355_S_1.023_D_2.558_B.tiff
853,1.93424325518975,0.197813764838211,7,4,7_4,1,1,1_1_4_7,00359_1.934_S_0.198_D_2.181_B.tiff
242,1.18765135525364,0.917521627982695,6,5,6_5,1,1,1_1_5_6,00360_1.188_S_0.918_D_4.06_B.tiff
1008,1.3785550880289,0.617813184342105,6,4,6_4,1,1,1_1_4_6,00361_1.379_S_0.618_D_1.149_B.tiff
711,1.15434854718943,0.0511815070680787,6,7,6_7,1,0,0_1_7_6,00362_1.154_S_0.051_D_3.88_B.tiff
885,0.149320327129804,-1.08022476664399,4,5,4_5,1,0,0_1_5_4,00363_0.149_S_-1.08_D_2.731_B.tiff
508,-1.15113441051596,-1.16389227211394,2,5,2_5,1,0,0_1_5_2,00364_-1.151_S_-1.164_D_1.6_B.tiff
11,1.49291954111705,1.35688700816006,6,6,6_6,1,1,1_1_6_6,00365_1.493_S_1.357_D_2.958_B.tiff
586,0.0276257732949512,0.305541925818409,4,4,4_4,1,1,1_1_4_4,00366_0.028_S_0.306_D_0.972_B.tiff
331,-1.08988254697263,0.797123803935337,2,5,2_5,1,1,1_1_5_2,00367_-1.09_S_0.797_D_1.678_B.tiff
133,-0.304069898343505,-0.536834940291489,4,2,4_2,1,1,1_1_2_4,00368_-0.304_S_-0.537_D_3.589_B.tiff
428,-0.386364168808205,-1.83699935093757,4,4,4_4,1,0,0_1_4_4,00369_-0.386_S_-1.837_D_1.38_B.tiff
610,-1.05673766992217,1.89730428816619,2,7,2_7,1,1,1_1_7_2,00370_-1.057_S_1.897_D_2.901_B.tiff
66,-1.57765705223388,-1.99571539018659,2,3,2_3,1,0,0_1_3_2,00371_-1.578_S_-1.996_D_3.552_B.tiff
581,0.844686385061649,2.74796796375223,5,8,5_8,1,1,1_1_8_5,00372_0.845_S_2.748_D_2.532_B.tiff
450,-1.24756749141493,0.845017426925193,2,5,2_5,1,1,1_1_5_2,00373_-1.248_S_0.845_D_2.501_B.tiff
23,-0.834334927517272,1.2712643588217,3,6,3_6,1,1,1_1_6_3,00374_-0.834_S_1.271_D_1.441_B.tiff
479,0.860034428375042,0.679740967869003,5,5,5_5,1,1,1_1_5_5,00375_0.86_S_0.68_D_0.328_B.tiff
518,-1.17022913126319,0.233694048824113,2,4,2_4,1,1,1_1_4_2,00376_-1.17_S_0.234_D_2.482_B.tiff
920,0.262757622147307,-0.840659028688588,5,5,5_5,1,0,0_1_5_5,00377_0.263_S_-0.841_D_2.509_B.tiff
30,0.2590275688463,-0.530135765505394,5,2,5_2,1,1,1_1_2_5,00378_0.259_S_-0.53_D_1.036_B.tiff
207,0.184163378408387,-0.688671580267857,4,2,4_2,1,1,1_1_2_4,00379_0.184_S_-0.689_D_0.911_B.tiff
492,1.11838385397795,-1.05193053382914,6,5,6_5,1,0,0_1_5_6,00380_1.118_S_-1.052_D_0.502_B.tiff
708,-0.582805427881422,1.56594778887275,3,6,3_6,1,1,1_1_6_3,00381_-0.583_S_1.566_D_3.389_B.tiff
359,-1.59502252871626,0.916030296466824,2,5,2_5,1,1,1_1_5_2,00382_-1.595_S_0.916_D_0.439_B.tiff
571,0.0006389938775793,-0.13683630388859,4,6,4_6,1,0,0_1_6_4,00383_0.001_S_-0.137_D_1.178_B.tiff
665,0.501854937889654,2.99900866422794,5,9,5_9,1,1,1_1_9_5,00384_0.502_S_2.999_D_1.256_B.tiff
279,0.57787383210345,0.938655920166752,5,5,5_5,1,1,1_1_5_5,00385_0.578_S_0.939_D_0.175_B.tiff
883,-0.0690560411008714,0.88889764204595,4,5,4_5,1,1,1_1_5_4,00386_-0.069_S_0.889_D_3.363_B.tiff
870,0.109522046288576,1.01538545716376,4,5,4_5,1,1,1_1_5_4,00387_0.11_S_1.015_D_1.656_B.tiff
60,-0.412655009999747,-0.152911696065489,3,6,3_6,1,0,0_1_6_3,00388_-0.413_S_-0.153_D_-0.111_B.tiff
129,0.675371434555961,1.75673850266427,5,6,5_6,1,1,1_1_6_5,00389_0.675_S_1.757_D_2.213_B.tiff
255,-0.611324753661967,0.0593001317975776,3,3,3_3,1,1,1_1_3_3,00390_-0.611_S_0.059_D_2.167_B.tiff
276,0.730704049824179,1.37867606967021,5,6,5_6,1,1,1_1_6_5,00391_0.731_S_1.379_D_3.467_B.tiff
252,2.08411354450304,2.33355985010272,7,7,7_7,1,1,1_1_7_7,00392_2.084_S_2.334_D_-0.074_B.tiff
888,-0.211126219141679,0.722078518648878,4,5,4_5,1,1,1_1_5_4,00393_-0.211_S_0.722_D_2.488_B.tiff
837,0.9757894726485,0.0426749576908186,6,3,6_3,1,1,1_1_3_6,00394_0.976_S_0.043_D_2.051_B.tiff
1055,-0.784561277813788,0.595272190977546,3,4,3_4,1,1,1_1_4_3,00395_-0.785_S_0.595_D_3.151_B.tiff
131,-0.355249013693303,0.224634222281587,4,7,4_7,1,0,0_1_7_4,00396_-0.355_S_0.225_D_1.296_B.tiff
388,0.672281530538875,1.51452056331809,5,6,5_6,1,1,1_1_6_5,00397_0.672_S_1.515_D_2.38_B.tiff
118,-0.626981684535117,1.97206670791704,3,7,3_7,1,1,1_1_7_3,00398_-0.627_S_1.972_D_1.762_B.tiff
222,-2.27823735389473,-0.453882200586906,1,6,1_6,1,0,0_1_6_1,00399_-2.278_S_-0.454_D_2.007_B.tiff
985,-0.458411753966509,0.858272138210989,3,5,3_5,1,1,1_1_5_3,00400_-0.458_S_0.858_D_1.746_B.tiff
55,1.31611572821544,1.68291026719521,6,6,6_6,1,1,1_1_6_6,00401_1.316_S_1.683_D_0.816_B.tiff
155,0.616859878763751,0.700078284058202,5,5,5_5,1,1,1_1_5_5,00402_0.617_S_0.7_D_1.141_B.tiff
401,0.525904935684984,1.39209478666557,5,6,5_6,1,1,1_1_6_5,00403_0.526_S_1.392_D_0.64_B.tiff
867,-0.784331018592813,0.51086690832985,3,4,3_4,1,1,1_1_4_3,00404_-0.784_S_0.511_D_1.406_B.tiff
215,-0.154538933537422,1.0443858896133,4,5,4_5,1,1,1_1_5_4,00405_-0.155_S_1.044_D_1.053_B.tiff
663,0.054658381007625,-0.394376673821172,4,6,4_6,1,0,0_1_6_4,00406_0.055_S_-0.394_D_1.726_B.tiff
454,0.907324574236338,0.897930756811093,6,5,6_5,1,1,1_1_5_6,00407_0.907_S_0.898_D_2.402_B.tiff
745,-1.98558250572549,2.9804950628846,1,8,1_8,1,1,1_1_8_1,00408_-1.986_S_2.98_D_2.449_B.tiff
485,0.94360638662368,-1.30295775592522,6,4,6_4,1,0,0_1_4_6,00409_0.944_S_-1.303_D_2.01_B.tiff
48,0.628034855369328,1.05811446849771,5,8,5_8,1,0,0_1_8_5,00410_0.628_S_1.058_D_0.837_B.tiff
814,-0.522512764514315,-0.358694164296292,3,3,3_3,1,1,1_1_3_3,00411_-0.523_S_-0.359_D_3.974_B.tiff
874,0.803368341927748,1.81291697163598,5,6,5_6,1,1,1_1_6_5,00412_0.803_S_1.813_D_2.185_B.tiff
706,0.181209327582077,2.92420313234274,4,8,4_8,1,1,1_1_8_4,00413_0.181_S_2.924_D_3.299_B.tiff
353,-1.67588898598841,0.0983201942238327,2,7,2_7,1,0,0_1_7_2,00414_-1.676_S_0.098_D_0.943_B.tiff
605,0.760747245608669,-0.360539891500389,5,6,5_6,1,0,0_1_6_5,00415_0.761_S_-0.361_D_0.287_B.tiff
306,1.18690187403342,1.5066873042271,6,6,6_6,1,1,1_1_6_6,00416_1.187_S_1.507_D_1.389_B.tiff
746,0.754074569013252,-2.80682835881548,5,2,5_2,1,0,0_1_2_5,00417_0.754_S_-2.807_D_1.525_B.tiff
972,-0.536387042441865,-1.25949724910905,3,1,3_1,1,1,1_1_1_3,00418_-0.536_S_-1.259_D_1.212_B.tiff
1029,-1.27126817986793,-0.967856209977473,2,5,2_5,1,0,0_1_5_2,00419_-1.271_S_-0.968_D_1.262_B.tiff
917,-2.05098683776373,1.4880382765566,1,6,1_6,1,1,1_1_6_1,00420_-2.051_S_1.488_D_2.478_B.tiff
555,0.860312298056,-0.664601706793865,5,2,5_2,1,1,1_1_2_5,00421_0.86_S_-0.665_D_0.997_B.tiff
629,-0.261231741786927,0.951599310670136,4,5,4_5,1,1,1_1_5_4,00422_-0.261_S_0.952_D_3.067_B.tiff
566,-2.25741885050639,1.53788711488321,1,6,1_6,1,1,1_1_6_1,00423_-2.257_S_1.538_D_2.142_B.tiff
418,-0.896663196011323,-0.985545997014789,3,5,3_5,1,0,0_1_5_3,00424_-0.897_S_-0.986_D_1.768_B.tiff
761,-0.107795943513782,-2.00296079343827,4,3,4_3,1,0,0_1_3_4,00425_-0.108_S_-2.003_D_3.304_B.tiff
361,0.965457065567864,2.870875773328,6,8,6_8,1,1,1_1_8_6,00426_0.965_S_2.871_D_1.11_B.tiff
27,-0.498141701255657,0.461307104153363,3,4,3_4,1,1,1_1_4_3,00427_-0.498_S_0.461_D_1.057_B.tiff
870,0.693526882700917,-1.67879028900474,5,4,5_4,1,0,0_1_4_5,00428_0.694_S_-1.679_D_2.727_B.tiff
989,-0.0730440460570789,1.57356294785779,4,6,4_6,1,1,1_1_6_4,00429_-0.073_S_1.574_D_2.006_B.tiff
422,-0.507048582014381,0.617132851233231,3,4,3_4,1,1,1_1_4_3,00430_-0.507_S_0.617_D_3.735_B.tiff
987,1.38268372438861,1.0179609751348,6,5,6_5,1,1,1_1_5_6,00431_1.383_S_1.018_D_2.999_B.tiff
649,-0.992449018286448,0.76004000357288,3,5,3_5,1,1,1_1_5_3,00432_-0.992_S_0.76_D_2.407_B.tiff
112,-1.03021770998693,-0.400616154204541,3,6,3_6,1,0,0_1_6_3,00433_-1.03_S_-0.401_D_1.839_B.tiff
55,-0.2900427108831,-0.225854052982735,4,6,4_6,1,0,0_1_6_4,00434_-0.29_S_-0.226_D_1.922_B.tiff
196,-0.807536341078588,0.106296434958061,3,7,3_7,1,0,0_1_7_3,00435_-0.808_S_0.106_D_3.313_B.tiff
390,1.34117445885165,-0.126783507643436,6,6,6_6,1,0,0_1_6_6,00436_1.341_S_-0.127_D_1.16_B.tiff
700,-1.12791691615553,0.76625607322461,2,5,2_5,1,1,1_1_5_2,00437_-1.128_S_0.766_D_2.557_B.tiff
1010,1.72176351970188,1.06117253183875,7,5,7_5,1,1,1_1_5_7,00438_1.722_S_1.061_D_1.936_B.tiff
18,1.06101840308791,-0.901222739800844,6,2,6_2,1,1,1_1_2_6,00439_1.061_S_-0.901_D_4.398_B.tiff
34,-1.00071460798362,2.06089862338608,3,7,3_7,1,1,1_1_7_3,00440_-1.001_S_2.061_D_2.631_B.tiff
334,-1.52022615826314,-0.246976224707628,2,3,2_3,1,1,1_1_3_2,00441_-1.52_S_-0.247_D_0.917_B.tiff
706,0.422614548018561,-0.356925202903886,5,6,5_6,1,0,0_1_6_5,00442_0.423_S_-0.357_D_2.311_B.tiff
844,-0.90390588349144,-0.773968694839394,3,2,3_2,1,1,1_1_2_3,00443_-0.904_S_-0.774_D_1.188_B.tiff
889,0.730613066371778,1.12047113280128,5,5,5_5,1,1,1_1_5_5,00444_0.731_S_1.12_D_1.53_B.tiff
191,0.757702022591715,-0.693594336359913,5,5,5_5,1,0,0_1_5_5,00445_0.758_S_-0.694_D_2.073_B.tiff
650,-1.76456087309574,-0.221780165075829,1,6,1_6,1,0,0_1_6_1,00446_-1.765_S_-0.222_D_1.052_B.tiff
1071,0.979311448465962,-0.151134837946991,6,3,6_3,1,1,1_1_3_6,00447_0.979_S_-0.151_D_-0.684_B.tiff
98,2.09733671944984,-0.688204117366542,7,2,7_2,1,1,1_1_2_7,00448_2.097_S_-0.688_D_3.288_B.tiff
606,0.448682464031556,0.400142886268472,5,4,5_4,1,1,1_1_4_5,00449_0.449_S_0.4_D_1.558_B.tiff
152,0.454447242280467,0.4397689494971,5,4,5_4,1,1,1_1_4_5,00450_0.454_S_0.44_D_0.585_B.tiff
856,-0.675933663918639,-1.28999121701185,3,4,3_4,1,0,0_1_4_3,00451_-0.676_S_-1.29_D_1.121_B.tiff
825,1.50857193361728,0.275458181611116,6,4,6_4,1,1,1_1_4_6,00452_1.509_S_0.275_D_2.378_B.tiff
6,-0.169495038287536,-1.62346374098839,4,4,4_4,1,0,0_1_4_4,00453_-0.169_S_-1.623_D_2.806_B.tiff
842,-0.40026533862392,0.718516316075139,3,8,3_8,1,0,0_1_8_3,00454_-0.4_S_0.719_D_3.377_B.tiff
498,0.43775632163778,2.04036714654127,5,7,5_7,1,1,1_1_7_5,00455_0.438_S_2.04_D_2.374_B.tiff
451,1.33481802041822,1.60321058071365,6,6,6_6,1,1,1_1_6_6,00456_1.335_S_1.603_D_3.668_B.tiff
684,-0.711561813505216,-0.32811340222563,3,6,3_6,1,0,0_1_6_3,00457_-0.712_S_-0.328_D_2.907_B.tiff
1020,0.782829879066263,1.27267234629586,5,6,5_6,1,1,1_1_6_5,00458_0.783_S_1.273_D_3.86_B.tiff
958,0.0554355108062321,1.80840959308229,4,6,4_6,1,1,1_1_6_4,00459_0.055_S_1.808_D_2.398_B.tiff
315,0.208368329730766,1.10959436799817,4,5,4_5,1,1,1_1_5_4,00460_0.208_S_1.11_D_2.012_B.tiff
739,-1.32708608786407,0.926956944058687,2,5,2_5,1,1,1_1_5_2,00461_-1.327_S_0.927_D_1.839_B.tiff
41,-1.71104849921576,1.06378177425506,1,5,1_5,1,1,1_1_5_1,00462_-1.711_S_1.064_D_-0.126_B.tiff
802,0.69575555705215,-1.83476277043598,5,4,5_4,1,0,0_1_4_5,00463_0.696_S_-1.835_D_3.439_B.tiff
339,-0.535231646812521,-2.30323606161935,3,3,3_3,1,0,0_1_3_3,00464_-0.535_S_-2.303_D_2.064_B.tiff
307,-0.67359121516874,-1.02162012543904,3,5,3_5,1,0,0_1_5_3,00465_-0.674_S_-1.022_D_2.465_B.tiff
896,1.01538988994603,-1.65399774099386,6,4,6_4,1,0,0_1_4_6,00466_1.015_S_-1.654_D_2.694_B.tiff
963,-0.775414061147842,0.0311337574881196,3,3,3_3,1,1,1_1_3_3,00467_-0.775_S_0.031_D_3.868_B.tiff
1045,-0.804888818102792,1.88148163880126,3,7,3_7,1,1,1_1_7_3,00468_-0.805_S_1.881_D_1.663_B.tiff
753,-0.888787400265335,1.0919618990183,3,5,3_5,1,1,1_1_5_3,00469_-0.889_S_1.092_D_1.963_B.tiff
555,-1.12187961769224,-0.787223616470703,2,5,2_5,1,0,0_1_5_2,00470_-1.122_S_-0.787_D_1.363_B.tiff
788,0.430729378514656,0.351084178929322,5,4,5_4,1,1,1_1_4_5,00471_0.431_S_0.351_D_1.918_B.tiff
430,-0.673066176628622,0.950480662057498,3,5,3_5,1,1,1_1_5_3,00472_-0.673_S_0.95_D_3.622_B.tiff
956,0.610942564237545,3.27088631338243,5,9,5_9,1,1,1_1_9_5,00473_0.611_S_3.271_D_1.952_B.tiff
147,0.405062594175325,0.845912426793987,5,5,5_5,1,1,1_1_5_5,00474_0.405_S_0.846_D_2.39_B.tiff
80,-1.35388315831321,0.571975057427133,2,4,2_4,1,1,1_1_4_2,00475_-1.354_S_0.572_D_1.81_B.tiff
839,-0.950266593904756,-1.10044024033736,3,1,3_1,1,1,1_1_1_3,00476_-0.95_S_-1.1_D_2.384_B.tiff
766,-0.261698330223886,1.26983762907211,4,6,4_6,1,1,1_1_6_4,00477_-0.262_S_1.27_D_1.369_B.tiff
143,0.607644899377039,0.206703596796956,5,4,5_4,1,1,1_1_4_5,00478_0.608_S_0.207_D_4.152_B.tiff
832,2.12966695494627,1.78432832176928,7,6,7_6,1,1,1_1_6_7,00479_2.13_S_1.784_D_1.222_B.tiff
592,-0.0801597029271007,-2.14344493477999,4,3,4_3,1,0,0_1_3_4,00480_-0.08_S_-2.143_D_1.438_B.tiff
835,-0.51883539542483,0.97039871676249,3,5,3_5,1,1,1_1_5_3,00481_-0.519_S_0.97_D_0.964_B.tiff
858,-0.364440883254084,-1.14852678446903,4,5,4_5,1,0,0_1_5_4,00482_-0.364_S_-1.149_D_1.282_B.tiff
329,-0.172020541468619,3.01551605347541,4,9,4_9,1,1,1_1_9_4,00483_-0.172_S_3.016_D_2.012_B.tiff
634,1.84498833689869,-1.43947443830673,7,4,7_4,1,0,0_1_4_7,00484_1.845_S_-1.439_D_1.9_B.tiff
153,-0.35131476202167,-1.77787054049887,4,4,4_4,1,0,0_1_4_4,00485_-0.351_S_-1.778_D_2.619_B.tiff
442,0.436026220540553,1.85343765271462,5,7,5_7,1,1,1_1_7_5,00486_0.436_S_1.853_D_0.267_B.tiff
623,-1.3448664547763,-2.21771952519258,2,3,2_3,1,0,0_1_3_2,00487_-1.345_S_-2.218_D_2.265_B.tiff
999,-0.853895630783064,-2.96593442620078,3,2,3_2,1,0,0_1_2_3,00488_-0.854_S_-2.966_D_1.423_B.tiff
287,-1.7232024485774,2.52896999791094,1,8,1_8,1,1,1_1_8_1,00489_-1.723_S_2.529_D_1.153_B.tiff
264,-0.331914489727881,-0.0428683575900106,4,3,4_3,1,1,1_1_3_4,00490_-0.332_S_-0.043_D_1.603_B.tiff
210,-0.277468315673845,-0.814326230535266,4,5,4_5,1,0,0_1_5_4,00491_-0.277_S_-0.814_D_2.427_B.tiff
115,-1.22361434925928,0.18978462208141,2,7,2_7,1,0,0_1_7_2,00492_-1.224_S_0.19_D_3.807_B.tiff
490,-0.115810373293872,1.82037820953776,4,6,4_6,1,1,1_1_6_4,00493_-0.116_S_1.82_D_0.217_B.tiff
192,0.803304518275748,1.96644713422088,5,7,5_7,1,1,1_1_7_5,00494_0.803_S_1.966_D_2.481_B.tiff
327,-1.17671879576239,-1.64302661772944,2,4,2_4,1,0,0_1_4_2,00495_-1.177_S_-1.643_D_0.858_B.tiff
358,0.634803931008662,1.20659237721603,5,5,5_5,1,1,1_1_5_5,00496_0.635_S_1.207_D_2.108_B.tiff
147,0.581083619835354,-1.28233040463147,5,4,5_4,1,0,0_1_4_5,00497_0.581_S_-1.282_D_2.658_B.tiff
964,-1.51749743847556,1.66431291079434,2,6,2_6,1,1,1_1_6_2,00498_-1.517_S_1.664_D_3.467_B.tiff
2,0.221134813383844,0.725862144637782,4,5,4_5,1,1,1_1_5_4,00499_0.221_S_0.726_D_2.652_B.tiff
978,-1.27808728675624,1.37390215674424,2,6,2_6,1,1,1_1_6_2,00500_-1.278_S_1.374_D_1.162_B.tiff
91,1.09694642303019,1.66838102326734,6,6,6_6,1,1,1_1_6_6,00501_1.097_S_1.668_D_1.741_B.tiff
773,0.209339060807024,-0.951860399276532,4,2,4_2,1,1,1_1_2_4,00502_0.209_S_-0.952_D_3.053_B.tiff
680,1.73983893131443,1.61914087909471,7,6,7_6,1,1,1_1_6_7,00503_1.74_S_1.619_D_1.914_B.tiff
526,-1.27500300375117,1.25000830685995,2,6,2_6,1,1,1_1_6_2,00504_-1.275_S_1.25_D_1.514_B.tiff
386,-0.156693058047669,-1.22432641960402,4,5,4_5,0,0,0_0_5_4,00505_-0.157_S_-1.224_D.tiff
681,0.606540878665993,0.768003132779944,5,8,5_8,0,0,0_0_8_5,00506_0.607_S_0.768_D.tiff
673,-1.27931079596286,-1.20533648734123,2,5,2_5,0,0,0_0_5_2,00507_-1.279_S_-1.205_D.tiff
1053,0.34424626058129,-0.533547648163072,5,6,5_6,0,0,0_0_6_5,00508_0.344_S_-0.534_D.tiff
470,-0.626437571675171,0.192632554955514,3,4,3_4,0,1,1_0_4_3,00509_-0.626_S_0.193_D.tiff
84,-0.0478433558040003,0.802715772034277,4,5,4_5,0,1,1_0_5_4,00510_-0.048_S_0.803_D.tiff
194,0.492552028299771,1.54188384160352,5,6,5_6,0,1,1_0_6_5,00511_0.493_S_1.542_D.tiff
95,-0.760141194160198,-0.846980288718505,3,5,3_5,0,0,0_0_5_3,00512_-0.76_S_-0.847_D.tiff
563,-0.799984578279594,0.619686721157786,3,8,3_8,0,0,0_0_8_3,00513_-0.8_S_0.62_D.tiff
596,-0.0863091838078946,-1.99124212162846,4,3,4_3,0,0,0_0_3_4,00514_-0.086_S_-1.991_D.tiff
186,-0.650324705010143,0.03772000140565,3,7,3_7,0,0,0_0_7_3,00515_-0.65_S_0.038_D.tiff
84,0.754828186018914,-2.03186299509461,5,3,5_3,0,0,0_0_3_5,00516_0.755_S_-2.032_D.tiff
1050,0.880411278912802,1.11895377168977,5,5,5_5,0,1,1_0_5_5,00517_0.88_S_1.119_D.tiff
988,1.25791964161635,-1.41639566078746,6,4,6_4,0,0,0_0_4_6,00518_1.258_S_-1.416_D.tiff
1067,-0.0565419942264751,-1.79869557888228,4,4,4_4,0,0,0_0_4_4,00519_-0.057_S_-1.799_D.tiff
963,0.516454623344509,-1.50483231640412,5,4,5_4,0,0,0_0_4_5,00520_0.516_S_-1.505_D.tiff
122,-0.913387458331763,-0.954116146553501,3,5,3_5,0,0,0_0_5_3,00521_-0.913_S_-0.954_D.tiff
101,0.0477379167235913,-1.12094863720167,4,5,4_5,0,0,0_0_5_4,00522_0.048_S_-1.121_D.tiff
944,-1.11177403775481,-2.67738599834544,2,2,2_2,0,0,0_0_2_2,00523_-1.112_S_-2.677_D.tiff
624,0.17268929274736,1.30760896434517,4,9,4_9,0,0,0_0_9_4,00524_0.173_S_1.308_D.tiff
499,-0.403739716393838,-1.35878679813698,3,4,3_4,0,0,0_0_4_3,00525_-0.404_S_-1.359_D.tiff
578,0.119641001569789,-2.74651036827552,4,2,4_2,0,0,0_0_2_4,00526_0.12_S_-2.747_D.tiff
424,-0.661840034610108,-1.97671051159164,3,3,3_3,0,0,0_0_3_3,00527_-0.662_S_-1.977_D.tiff
381,-0.733891654002142,-0.151519159527472,3,3,3_3,0,1,1_0_3_3,00528_-0.734_S_-0.152_D.tiff
817,-0.746416187776069,-1.64573825774043,3,4,3_4,0,0,0_0_4_3,00529_-0.746_S_-1.646_D.tiff
795,1.10026719534078,0.326766147279872,6,7,6_7,0,0,0_0_7_6,00530_1.1_S_0.327_D.tiff
866,-0.66946581337777,2.2104575895159,3,7,3_7,0,1,1_0_7_3,00531_-0.669_S_2.21_D.tiff
85,-0.656961589217946,0.0090402997688305,3,7,3_7,0,0,0_0_7_3,00532_-0.657_S_0.009_D.tiff
217,-0.10954970137715,-0.764696694193598,4,5,4_5,0,0,0_0_5_4,00533_-0.11_S_-0.765_D.tiff
97,-0.878284772492565,0.137435198692834,3,7,3_7,0,0,0_0_7_3,00534_-0.878_S_0.137_D.tiff
93,0.34361174660251,2.05212635842695,5,7,5_7,0,1,1_0_7_5,00535_0.344_S_2.052_D.tiff
312,1.71867738848378,0.129791921923154,7,7,7_7,0,0,0_0_7_7,00536_1.719_S_0.13_D.tiff
342,-0.371542143147314,2.95225094368678,4,8,4_8,0,1,1_0_8_4,00537_-0.372_S_2.952_D.tiff
700,0.810214367473301,-0.972951614652322,5,5,5_5,0,0,0_0_5_5,00538_0.81_S_-0.973_D.tiff
724,-1.03409463808615,-1.97443907914171,3,3,3_3,0,0,0_0_3_3,00539_-1.034_S_-1.974_D.tiff
42,0.950219308124973,-0.225055826417693,6,3,6_3,0,1,1_0_3_6,00540_0.95_S_-0.225_D.tiff
232,-0.796699570243583,1.35606628882027,3,6,3_6,0,1,1_0_6_3,00541_-0.797_S_1.356_D.tiff
475,1.76725106849206,0.0454494783462797,7,7,7_7,0,0,0_0_7_7,00542_1.767_S_0.045_D.tiff
852,0.619222893861961,0.0683927510542603,5,7,5_7,0,0,0_0_7_5,00543_0.619_S_0.068_D.tiff
672,0.0588018888352767,-1.39065140499382,4,4,4_4,0,0,0_0_4_4,00544_0.059_S_-1.391_D.tiff
970,-0.0830561983344023,1.31092664819867,4,9,4_9,0,0,0_0_9_4,00545_-0.083_S_1.311_D.tiff
1005,-0.0920432894925381,2.77692892297738,4,8,4_8,0,1,1_0_8_4,00546_-0.092_S_2.777_D.tiff
780,-0.0947785922008747,1.75047500903048,4,6,4_6,0,1,1_0_6_4,00547_-0.095_S_1.75_D.tiff
859,0.249912560395601,-2.63664237163803,5,2,5_2,0,0,0_0_2_5,00548_0.25_S_-2.637_D.tiff
482,-1.38312071840611,-1.49832385924317,2,4,2_4,0,0,0_0_4_2,00549_-1.383_S_-1.498_D.tiff
823,1.46913062714806,0.897495118243151,6,8,6_8,0,0,0_0_8_6,00550_1.469_S_0.897_D.tiff
608,-0.408504163058678,-1.06043462065404,3,5,3_5,0,0,0_0_5_3,00551_-0.409_S_-1.06_D.tiff
260,-0.503907423627295,1.03840026155535,3,5,3_5,0,1,1_0_5_3,00552_-0.504_S_1.038_D.tiff
450,-1.77211562453108,-0.946239121788046,1,5,1_5,0,0,0_0_5_1,00553_-1.772_S_-0.946_D.tiff
919,0.852152791988688,-1.44116450950338,5,4,5_4,0,0,0_0_4_5,00554_0.852_S_-1.441_D.tiff
816,0.230827319782288,-0.144333603103607,4,6,4_6,0,0,0_0_6_4,00555_0.231_S_-0.144_D.tiff
765,1.54429662656754,1.91827584093477,7,7,7_7,0,1,1_0_7_7,00556_1.544_S_1.918_D.tiff
69,0.628331294229344,0.20535763401295,5,4,5_4,0,1,1_0_4_5,00557_0.628_S_0.205_D.tiff
783,-0.403796343029241,0.624860443970902,3,8,3_8,0,0,0_0_8_3,00558_-0.404_S_0.625_D.tiff
682,-1.2765002008623,1.4987157004806,2,6,2_6,0,1,1_0_6_2,00559_-1.277_S_1.499_D.tiff
487,-1.0848991003107,-0.313213346551963,2,6,2_6,0,0,0_0_6_2,00560_-1.085_S_-0.313_D.tiff
967,1.16758784817653,-0.534903954031053,6,6,6_6,0,0,0_0_6_6,00561_1.168_S_-0.535_D.tiff
605,-0.650066083992589,0.63488597527457,3,4,3_4,0,1,1_0_4_3,00562_-0.65_S_0.635_D.tiff
330,1.04021453163134,-1.91954916965173,6,3,6_3,0,0,0_0_3_6,00563_1.04_S_-1.92_D.tiff
827,-1.0559173080039,-1.39996530766854,2,4,2_4,0,0,0_0_4_2,00564_-1.056_S_-1.4_D.tiff
858,1.24686965159673,1.93814933918514,6,7,6_7,0,1,1_0_7_6,00565_1.247_S_1.938_D.tiff
1023,-0.0627342664464393,-0.0660658714998134,4,3,4_3,0,1,1_0_3_4,00566_-0.063_S_-0.066_D.tiff
867,1.55221605609047,-1.50825360148487,7,4,7_4,0,0,0_0_4_7,00567_1.552_S_-1.508_D.tiff
501,-0.875963495105946,-1.34569531173148,3,4,3_4,0,0,0_0_4_3,00568_-0.876_S_-1.346_D.tiff
16,-1.0371786343287,-2.9156455579583,3,2,3_2,0,0,0_0_2_3,00569_-1.037_S_-2.916_D.tiff
443,-0.894005886021861,0.481830310909334,3,4,3_4,0,1,1_0_4_3,00570_-0.894_S_0.482_D.tiff
612,-1.33348845615515,-0.557514490194737,2,6,2_6,0,0,0_0_6_2,00571_-1.333_S_-0.558_D.tiff
397,-0.190440634143242,2.00171038845412,4,7,4_7,0,1,1_0_7_4,00572_-0.19_S_2.002_D.tiff
741,-0.902597329997471,0.314775268002159,3,7,3_7,0,0,0_0_7_3,00573_-0.903_S_0.315_D.tiff
129,0.414042512125373,-1.13109289942964,5,5,5_5,0,0,0_0_5_5,00574_0.414_S_-1.131_D.tiff
234,-0.254803982460867,-0.161707460844518,4,6,4_6,0,0,0_0_6_4,00575_-0.255_S_-0.162_D.tiff
315,-0.395224920525031,-2.02351440747234,4,3,4_3,0,0,0_0_3_4,00576_-0.395_S_-2.024_D.tiff
17,-1.6524324276694,0.101801855822484,2,7,2_7,0,0,0_0_7_2,00577_-1.652_S_0.102_D.tiff
712,1.92499294079582,-2.0008420254975,7,3,7_3,0,0,0_0_3_7,00578_1.925_S_-2.001_D.tiff
96,0.105812618741277,-0.834761810742782,4,5,4_5,0,0,0_0_5_4,00579_0.106_S_-0.835_D.tiff
982,0.945773436866595,-0.197503455859719,6,6,6_6,0,0,0_0_6_6,00580_0.946_S_-0.198_D.tiff
639,-0.649736087996201,-1.84016131732531,3,3,3_3,0,0,0_0_3_3,00581_-0.65_S_-1.84_D.tiff
888,1.05291575217254,-1.12913124960946,6,5,6_5,0,0,0_0_5_6,00582_1.053_S_-1.129_D.tiff
49,-0.141453806502615,-1.50640365978643,4,4,4_4,0,0,0_0_4_4,00583_-0.141_S_-1.506_D.tiff
982,0.188997362150419,0.973292245201887,4,5,4_5,0,1,1_0_5_4,00584_0.189_S_0.973_D.tiff
376,-0.911802164246384,1.21693048795466,3,5,3_5,0,1,1_0_5_3,00585_-0.912_S_1.217_D.tiff
540,0.549708708925849,1.09150744785998,5,5,5_5,0,1,1_0_5_5,00586_0.55_S_1.092_D.tiff
340,1.54725348953908,-1.3348938622302,7,4,7_4,0,0,0_0_4_7,00587_1.547_S_-1.335_D.tiff
146,-0.292099607322451,-1.86108691377903,4,3,4_3,0,0,0_0_3_4,00588_-0.292_S_-1.861_D.tiff
962,-0.878290785609897,-1.53819819395962,3,4,3_4,0,0,0_0_4_3,00589_-0.878_S_-1.538_D.tiff
540,0.483314484417949,-1.20012586156058,5,5,5_5,0,0,0_0_5_5,00590_0.483_S_-1.2_D.tiff
2,-0.795836439807453,0.663723991391197,3,8,3_8,0,0,0_0_8_3,00591_-0.796_S_0.664_D.tiff
179,0.930254052978848,0.966209565232628,6,5,6_5,0,1,1_0_5_6,00592_0.93_S_0.966_D.tiff
1044,0.604558039642454,0.703400639844926,5,5,5_5,0,1,1_0_5_5,00593_0.605_S_0.703_D.tiff
144,0.0660637904429845,-1.00761164376454,4,5,4_5,0,0,0_0_5_4,00594_0.066_S_-1.008_D.tiff
509,-1.52027445248446,0.0390094266386218,2,7,2_7,0,0,0_0_7_2,00595_-1.52_S_0.039_D.tiff
772,0.536919697345706,-0.595638743407871,5,6,5_6,0,0,0_0_6_5,00596_0.537_S_-0.596_D.tiff
349,-0.0189574878876578,0.0627810970389353,4,7,4_7,0,0,0_0_7_4,00597_-0.019_S_0.063_D.tiff
711,-0.0258080604446303,1.63770979349721,4,6,4_6,0,1,1_0_6_4,00598_-0.026_S_1.638_D.tiff
1061,0.9420504482827,-1.02212041925815,6,5,6_5,0,0,0_0_5_6,00599_0.942_S_-1.022_D.tiff
687,-1.66840780742499,-0.426070216069398,2,6,2_6,0,0,0_0_6_2,00600_-1.668_S_-0.426_D.tiff
736,-0.591700475604726,-0.806973343704005,3,5,3_5,0,0,0_0_5_3,00601_-0.592_S_-0.807_D.tiff
488,-0.607834619085175,-2.28364010412333,3,3,3_3,0,0,0_0_3_3,00602_-0.608_S_-2.284_D.tiff
362,0.924035242466388,-1.6602471035329,6,4,6_4,0,0,0_0_4_6,00603_0.924_S_-1.66_D.tiff
624,0.925707204520182,0.460673005257659,6,4,6_4,0,1,1_0_4_6,00604_0.926_S_0.461_D.tiff
737,0.983185575796638,0.890508854823019,6,5,6_5,0,1,1_0_5_6,00605_0.983_S_0.891_D.tiff
1049,-2.29883930193241,-0.714685803888302,1,5,1_5,0,0,0_0_5_1,00606_-2.299_S_-0.715_D.tiff
692,0.536245524737848,-0.595636178185236,5,2,5_2,0,1,1_0_2_5,00607_0.536_S_-0.596_D.tiff
279,-1.63977266964237,-1.9099019851565,2,3,2_3,0,0,0_0_3_2,00608_-1.64_S_-1.91_D.tiff
510,0.283662411595243,-1.25868873583966,5,4,5_4,0,0,0_0_4_5,00609_0.284_S_-1.259_D.tiff
603,0.931227895522452,-2.16731063075859,6,3,6_3,0,0,0_0_3_6,00610_0.931_S_-2.167_D.tiff
819,-0.923507777485914,-1.06323305477014,3,5,3_5,0,0,0_0_5_3,00611_-0.924_S_-1.063_D.tiff
573,1.34406286086028,-0.63737784110129,6,5,6_5,0,0,0_0_5_6,00612_1.344_S_-0.637_D.tiff
259,-0.504688712587565,-0.351661472402294,3,6,3_6,0,0,0_0_6_3,00613_-0.505_S_-0.352_D.tiff
551,0.175178972060787,-1.06737960415239,4,5,4_5,0,0,0_0_5_4,00614_0.175_S_-1.067_D.tiff
622,-0.854871043240706,-0.117440750554218,3,6,3_6,0,0,0_0_6_3,00615_-0.855_S_-0.117_D.tiff
68,-0.885118801713685,-1.77538624864103,3,4,3_4,0,0,0_0_4_3,00616_-0.885_S_-1.775_D.tiff
894,0.36037424936038,-3.14461768406218,5,1,5_1,0,0,0_0_1_5,00617_0.36_S_-3.145_D.tiff
225,0.226138886381268,1.40652853663281,4,6,4_6,0,1,1_0_6_4,00618_0.226_S_1.407_D.tiff
720,-1.07725131128021,0.0907542569836283,2,7,2_7,0,0,0_0_7_2,00619_-1.077_S_0.091_D.tiff
324,0.709866177163579,-0.31581887029437,5,6,5_6,0,0,0_0_6_5,00620_0.71_S_-0.316_D.tiff
376,-0.170042775280698,-1.00905892650462,4,5,4_5,0,0,0_0_5_4,00621_-0.17_S_-1.009_D.tiff
565,-0.998963410936323,-2.65156070770767,3,2,3_2,0,0,0_0_2_3,00622_-0.999_S_-2.652_D.tiff
70,0.791041103342724,1.64690342257342,5,6,5_6,0,1,1_0_6_5,00623_0.791_S_1.647_D.tiff
311,-0.159303574323225,1.8736580344702,4,7,4_7,0,1,1_0_7_4,00624_-0.159_S_1.874_D.tiff
959,-0.168308907295832,-0.58595863500867,4,6,4_6,0,0,0_0_6_4,00625_-0.168_S_-0.586_D.tiff
113,0.945018225622089,0.920818681384158,6,5,6_5,0,1,1_0_5_6,00626_0.945_S_0.921_D.tiff
460,-0.638042381002887,1.65149306034332,3,6,3_6,0,1,1_0_6_3,00627_-0.638_S_1.651_D.tiff
1014,0.762820884205634,-1.32642551728784,5,4,5_4,0,0,0_0_4_5,00628_0.763_S_-1.326_D.tiff
106,0.0923038724561206,1.2054039460647,4,5,4_5,0,1,1_0_5_4,00629_0.092_S_1.205_D.tiff
627,1.95899078641054,-0.648148130127149,7,5,7_5,0,0,0_0_5_7,00630_1.959_S_-0.648_D.tiff
947,-0.887525290984154,1.06703448186721,3,5,3_5,0,1,1_0_5_3,00631_-0.888_S_1.067_D.tiff
1009,-1.20572791854518,1.43610206735723,2,6,2_6,0,1,1_0_6_2,00632_-1.206_S_1.436_D.tiff
8,0.814480179372638,-2.60818778418639,5,2,5_2,0,0,0_0_2_5,00633_0.814_S_-2.608_D.tiff
981,-1.69684124015133,-0.447053942162169,1,6,1_6,0,0,0_0_6_1,00634_-1.697_S_-0.447_D.tiff
845,0.237489346146101,0.536213708240002,4,4,4_4,0,1,1_0_4_4,00635_0.237_S_0.536_D.tiff
40,-0.38223347131754,-0.252040274036865,4,6,4_6,0,0,0_0_6_4,00636_-0.382_S_-0.252_D.tiff
1066,-0.55099990913306,-1.39857145086307,3,4,3_4,0,0,0_0_4_3,00637_-0.551_S_-1.399_D.tiff
245,0.419093729542021,2.15456974698629,5,7,5_7,0,1,1_0_7_5,00638_0.419_S_2.155_D.tiff
760,-1.15638010826895,-0.624182323704394,2,6,2_6,0,0,0_0_6_2,00639_-1.156_S_-0.624_D.tiff
1021,-0.341359072327133,-0.432006177735955,4,3,4_3,0,1,1_0_3_4,00640_-0.341_S_-0.432_D.tiff
1025,-0.363956534087206,-1.82321870564138,4,4,4_4,0,0,0_0_4_4,00641_-0.364_S_-1.823_D.tiff
284,0.0228919998951045,-0.780773419833436,4,5,4_5,0,0,0_0_5_4,00642_0.023_S_-0.781_D.tiff
648,1.18802016568133,-1.56562261046172,6,4,6_4,0,0,0_0_4_6,00643_1.188_S_-1.566_D.tiff
952,-0.256035561039621,0.246193761592315,4,7,4_7,0,0,0_0_7_4,00644_-0.256_S_0.246_D.tiff
1040,1.39269063981424,-0.489102922259886,6,6,6_6,0,0,0_0_6_6,00645_1.393_S_-0.489_D.tiff
304,1.22140475864016,0.283443501498046,6,7,6_7,0,0,0_0_7_6,00646_1.221_S_0.283_D.tiff
221,0.779265123904411,0.0282913089506082,5,3,5_3,0,1,1_0_3_5,00647_0.779_S_0.028_D.tiff
733,1.0178352952742,0.319388753227428,6,7,6_7,0,0,0_0_7_6,00648_1.018_S_0.319_D.tiff
1035,0.236577435345708,-3.40611689954437,4,1,4_1,0,0,0_0_1_4,00649_0.237_S_-3.406_D.tiff
1058,1.18347474790607,-0.107346433208963,6,6,6_6,0,0,0_0_6_6,00650_1.183_S_-0.107_D.tiff
374,1.15499289507527,-0.546841134877492,6,6,6_6,0,0,0_0_6_6,00651_1.155_S_-0.547_D.tiff
207,0.79713091429014,-0.615375387865595,5,6,5_6,0,0,0_0_6_5,00652_0.797_S_-0.615_D.tiff
847,-1.22409019245592,1.55586551199132,2,6,2_6,0,1,1_0_6_2,00653_-1.224_S_1.556_D.tiff
946,0.378122751352361,0.507852064621075,5,4,5_4,0,1,1_0_4_5,00654_0.378_S_0.508_D.tiff
172,0.104511574653436,0.323797828239507,4,7,4_7,0,0,0_0_7_4,00655_0.105_S_0.324_D.tiff
141,0.210514377408001,0.457108068269813,4,4,4_4,0,1,1_0_4_4,00656_0.211_S_0.457_D.tiff
802,1.12136248942665,1.35683727835254,6,6,6_6,0,1,1_0_6_6,00657_1.121_S_1.357_D.tiff
357,-0.398645286251961,-2.78682283812201,4,2,4_2,0,0,0_0_2_4,00658_-0.399_S_-2.787_D.tiff
225,0.700982216637353,-1.75437472645494,5,4,5_4,0,0,0_0_4_5,00659_0.701_S_-1.754_D.tiff
103,-0.774907424840163,-0.216914383313298,3,6,3_6,0,0,0_0_6_3,00660_-0.775_S_-0.217_D.tiff
633,-0.388401583733486,-1.17899795200763,4,5,4_5,0,0,0_0_5_4,00661_-0.388_S_-1.179_D.tiff
729,-0.205083676933958,-0.418812347078236,4,6,4_6,0,0,0_0_6_4,00662_-0.205_S_-0.419_D.tiff
1034,1.91883069934832,-2.52038423287899,7,2,7_2,0,0,0_0_2_7,00663_1.919_S_-2.52_D.tiff
137,0.170887199254728,-3.64133884416302,4,1,4_1,0,0,0_0_1_4,00664_0.171_S_-3.641_D.tiff
785,0.251640366867026,-1.37917592545695,5,4,5_4,0,0,0_0_4_5,00665_0.252_S_-1.379_D.tiff
810,-0.57326791523361,-1.15502026768106,3,5,3_5,0,0,0_0_5_3,00666_-0.573_S_-1.155_D.tiff
1036,-0.0763953172112257,-1.09394374374821,4,5,4_5,0,0,0_0_5_4,00667_-0.076_S_-1.094_D.tiff
655,0.0890779069041469,-0.21763770605041,4,6,4_6,0,0,0_0_6_4,00668_0.089_S_-0.218_D.tiff
702,0.658233010180395,-1.5113680153548,5,4,5_4,0,0,0_0_4_5,00669_0.658_S_-1.511_D.tiff
1057,1.34952686725637,-0.330672975559916,6,6,6_6,0,0,0_0_6_6,00670_1.35_S_-0.331_D.tiff
859,0.644243680429326,0.398495956381923,5,4,5_4,0,1,1_0_4_5,00671_0.644_S_0.398_D.tiff
759,-0.605705605739439,-0.724388912208145,3,5,3_5,0,0,0_0_5_3,00672_-0.606_S_-0.724_D.tiff
710,0.396601864104214,-1.03902619607772,5,5,5_5,0,0,0_0_5_5,00673_0.397_S_-1.039_D.tiff
71,-0.797310199927121,-0.992419784174494,3,2,3_2,0,1,1_0_2_3,00674_-0.797_S_-0.992_D.tiff
178,0.768598042594032,-2.22980040322528,5,3,5_3,0,0,0_0_3_5,00675_0.769_S_-2.23_D.tiff
934,0.819041891231615,-2.84557319482544,5,2,5_2,0,0,0_0_2_5,00676_0.819_S_-2.846_D.tiff
1058,0.312033925445471,0.309768581052466,5,4,5_4,0,1,1_0_4_5,00677_0.312_S_0.31_D.tiff
1005,0.83849357368012,-1.04845772552621,5,5,5_5,0,0,0_0_5_5,00678_0.838_S_-1.048_D.tiff
535,0.454631927117111,1.06712129942835,5,5,5_5,0,1,1_0_5_5,00679_0.455_S_1.067_D.tiff
185,0.0373703781168328,0.55738811998804,4,7,4_7,0,0,0_0_7_4,00680_0.037_S_0.557_D.tiff
721,-0.0726911591798002,-2.77545689190983,4,2,4_2,0,0,0_0_2_4,00681_-0.073_S_-2.775_D.tiff
658,0.502367955329683,0.569003663533434,5,7,5_7,0,0,0_0_7_5,00682_0.502_S_0.569_D.tiff
947,0.433933965199042,-1.47976526014463,5,4,5_4,0,0,0_0_4_5,00683_0.434_S_-1.48_D.tiff
953,0.384461429177266,-0.982305671679011,5,5,5_5,0,0,0_0_5_5,00684_0.384_S_-0.982_D.tiff
940,-1.11475632534764,0.212068387522725,2,7,2_7,0,0,0_0_7_2,00685_-1.115_S_0.212_D.tiff
344,0.460779539535169,0.606658562825535,5,8,5_8,0,0,0_0_8_5,00686_0.461_S_0.607_D.tiff
355,0.751408770596487,-1.15016854176969,5,5,5_5,0,0,0_0_5_5,00687_0.751_S_-1.15_D.tiff
770,-1.4672369630279,-2.49853901756162,2,2,2_2,0,0,0_0_2_2,00688_-1.467_S_-2.499_D.tiff
466,0.443165495005024,-0.533566220977069,5,6,5_6,0,0,0_0_6_5,00689_0.443_S_-0.534_D.tiff
559,1.086770919222,-0.745863349921063,6,5,6_5,0,0,0_0_5_6,00690_1.087_S_-0.746_D.tiff
421,0.908296360384839,-1.61944798361441,6,4,6_4,0,0,0_0_4_6,00691_0.908_S_-1.619_D.tiff
395,0.763552587858397,-0.833296131712645,5,5,5_5,0,0,0_0_5_5,00692_0.764_S_-0.833_D.tiff
922,0.740607606222359,-0.15001288764875,5,6,5_6,0,0,0_0_6_5,00693_0.741_S_-0.15_D.tiff
586,0.175980932613788,-0.367982983979951,4,6,4_6,0,0,0_0_6_4,00694_0.176_S_-0.368_D.tiff
411,-0.1438713718366,1.59802703109389,4,6,4_6,0,1,1_0_6_4,00695_-0.144_S_1.598_D.tiff
73,-1.21851892238089,0.902713074329911,2,5,2_5,0,1,1_0_5_2,00696_-1.219_S_0.903_D.tiff
123,0.834556352780895,-0.997746292907055,5,2,5_2,0,1,1_0_2_5,00697_0.835_S_-0.998_D.tiff
771,-0.65649191238412,0.255821289678256,3,7,3_7,0,0,0_0_7_3,00698_-0.656_S_0.256_D.tiff
463,-0.0323930259659333,0.940783165725263,4,5,4_5,0,1,1_0_5_4,00699_-0.032_S_0.941_D.tiff
187,-1.04924140097945,-1.12258922086782,2,5,2_5,0,0,0_0_5_2,00700_-1.049_S_-1.123_D.tiff
489,0.492845697976097,-0.415974449207996,5,6,5_6,0,0,0_0_6_5,00701_0.493_S_-0.416_D.tiff
913,-1.65976283745252,0.327328005473815,2,4,2_4,0,1,1_0_4_2,00702_-1.66_S_0.327_D.tiff
325,0.642705739718256,-1.56369939910143,5,4,5_4,0,0,0_0_4_5,00703_0.643_S_-1.564_D.tiff
793,-0.29008676790494,-1.42568527584475,4,4,4_4,0,0,0_0_4_4,00704_-0.29_S_-1.426_D.tiff
383,-0.717833861371949,-0.732660461194734,3,5,3_5,0,0,0_0_5_3,00705_-0.718_S_-0.733_D.tiff
316,0.173310017094071,-0.593010878745609,4,2,4_2,0,1,1_0_2_4,00706_0.173_S_-0.593_D.tiff
321,-1.22484998157379,0.57421159777995,2,7,2_7,0,0,0_0_7_2,00707_-1.225_S_0.574_D.tiff
244,-0.94123677283935,-0.900528931170209,3,5,3_5,0,0,0_0_5_3,00708_-0.941_S_-0.901_D.tiff
37,0.134364693802247,1.88438986738317,4,7,4_7,0,1,1_0_7_4,00709_0.134_S_1.884_D.tiff
528,1.16295867088881,0.272745552747588,6,4,6_4,0,1,1_0_4_6,00710_1.163_S_0.273_D.tiff
840,-0.723489354306708,-0.445478217073334,3,3,3_3,0,1,1_0_3_3,00711_-0.723_S_-0.445_D.tiff
654,0.852436377222404,0.297667854202941,5,4,5_4,0,1,1_0_4_5,00712_0.852_S_0.298_D.tiff
801,-1.59005306582221,-1.17622924507466,2,5,2_5,0,0,0_0_5_2,00713_-1.59_S_-1.176_D.tiff
262,-1.29785175104905,1.55256729735608,2,6,2_6,0,1,1_0_6_2,00714_-1.298_S_1.553_D.tiff
341,-0.323144941894834,0.21046490693959,4,7,4_7,0,0,0_0_7_4,00715_-0.323_S_0.21_D.tiff
734,1.16099458358458,1.34247549334155,6,6,6_6,0,1,1_0_6_6,00716_1.161_S_1.342_D.tiff
175,-0.613573116236816,-0.571898059659018,3,6,3_6,0,0,0_0_6_3,00717_-0.614_S_-0.572_D.tiff
961,-0.701900542287819,2.70044012139242,3,8,3_8,0,1,1_0_8_3,00718_-0.702_S_2.7_D.tiff
91,-1.20396072333317,-2.19311062230062,2,3,2_3,0,0,0_0_3_2,00719_-1.204_S_-2.193_D.tiff
20,-0.14025523034049,-0.841735037791732,4,2,4_2,0,1,1_0_2_4,00720_-0.14_S_-0.842_D.tiff
251,0.315674075038507,-0.0618153641322801,5,6,5_6,0,0,0_0_6_5,00721_0.316_S_-0.062_D.tiff
1072,0.707394009731502,1.86924898647669,5,7,5_7,0,1,1_0_7_5,00722_0.707_S_1.869_D.tiff
359,-1.17715091153031,-1.11046920726424,2,5,2_5,0,0,0_0_5_2,00723_-1.177_S_-1.11_D.tiff
1042,0.628650294230453,2.74085570380985,5,8,5_8,0,1,1_0_8_5,00724_0.629_S_2.741_D.tiff
181,-1.22597504367357,0.49203902966278,2,4,2_4,0,1,1_0_4_2,00725_-1.226_S_0.492_D.tiff
153,-0.585085608451905,1.00795909918491,3,5,3_5,0,1,1_0_5_3,00726_-0.585_S_1.008_D.tiff
345,-0.595850485315179,-0.649027944638722,3,5,3_5,0,0,0_0_5_3,00727_-0.596_S_-0.649_D.tiff
429,-2.08002469802852,-0.451145975076703,1,6,1_6,0,0,0_0_6_1,00728_-2.08_S_-0.451_D.tiff
523,-0.984219583725814,-0.0433044311523151,3,3,3_3,0,1,1_0_3_3,00729_-0.984_S_-0.043_D.tiff
356,-1.30045836385448,-1.39291104399502,2,4,2_4,0,0,0_0_4_2,00730_-1.3_S_-1.393_D.tiff
993,-0.0172177686827268,-1.57662124522218,4,4,4_4,0,0,0_0_4_4,00731_-0.017_S_-1.577_D.tiff
198,0.025664997883754,0.544382349338867,4,4,4_4,0,1,1_0_4_4,00732_0.026_S_0.544_D.tiff
837,-0.318495901688625,-1.83479369999053,4,4,4_4,0,0,0_0_4_4,00733_-0.318_S_-1.835_D.tiff
776,-0.724623354458455,-0.648654945738828,3,5,3_5,0,0,0_0_5_3,00734_-0.725_S_-0.649_D.tiff
471,0.548737936890472,-0.344741225126118,5,6,5_6,0,0,0_0_6_5,00735_0.549_S_-0.345_D.tiff
779,-0.957780890651135,0.431591010705804,3,7,3_7,0,0,0_0_7_3,00736_-0.958_S_0.432_D.tiff
557,-0.891347491091907,-2.47289206246945,3,2,3_2,0,0,0_0_2_3,00737_-0.891_S_-2.473_D.tiff
716,0.974223690942995,-2.40540154483592,6,3,6_3,0,0,0_0_3_6,00738_0.974_S_-2.405_D.tiff
403,0.405268083619677,-0.3917014309037,5,6,5_6,0,0,0_0_6_5,00739_0.405_S_-0.392_D.tiff
290,-0.517978191007161,-0.267560679249167,3,6,3_6,0,0,0_0_6_3,00740_-0.518_S_-0.268_D.tiff
709,-0.110453022832478,1.68428983814724,4,6,4_6,0,1,1_0_6_4,00741_-0.11_S_1.684_D.tiff
430,0.0753664998795632,0.649262520011364,4,8,4_8,0,0,0_0_8_4,00742_0.075_S_0.649_D.tiff
732,1.65961223428021,1.07964797806598,7,5,7_5,0,1,1_0_5_7,00743_1.66_S_1.08_D.tiff
51,-0.525955026588874,-0.199288902105223,3,3,3_3,0,1,1_0_3_3,00744_-0.526_S_-0.199_D.tiff
412,-1.47097519492435,2.3433429876965,2,7,2_7,0,1,1_0_7_2,00745_-1.471_S_2.343_D.tiff
214,1.92604866452375,-1.77992206630013,7,4,7_4,0,0,0_0_4_7,00746_1.926_S_-1.78_D.tiff
387,-1.66840236432042,-2.40883873943532,2,3,2_3,0,0,0_0_3_2,00747_-1.668_S_-2.409_D.tiff
581,-0.474764312349787,-0.97265725989756,3,5,3_5,0,0,0_0_5_3,00748_-0.475_S_-0.973_D.tiff
979,-0.204161849932742,-0.350136289498172,4,6,4_6,0,0,0_0_6_4,00749_-0.204_S_-0.35_D.tiff
742,-0.417849652518412,-1.28822899729544,3,4,3_4,0,0,0_0_4_3,00750_-0.418_S_-1.288_D.tiff
86,-0.156081048508585,-1.6043409584859,4,4,4_4,0,0,0_0_4_4,00751_-0.156_S_-1.604_D.tiff
1050,0.562196820985556,-1.64953999714085,5,4,5_4,0,0,0_0_4_5,00752_0.562_S_-1.65_D.tiff
882,-1.16756221909502,0.072818516609137,2,3,2_3,0,1,1_0_3_2,00753_-1.168_S_0.073_D.tiff
784,0.197738021023268,0.0798604172643514,4,4,4_4,0,1,1_0_4_4,00754_0.198_S_0.08_D.tiff
278,-0.571059690990202,-0.039537874688562,3,6,3_6,0,0,0_0_6_3,00755_-0.571_S_-0.04_D.tiff
1055,-1.37832078384494,-2.27746418725022,2,3,2_3,0,0,0_0_3_2,00756_-1.378_S_-2.277_D.tiff
534,-0.385259744892743,-0.613354334834699,4,6,4_6,0,0,0_0_6_4,00757_-0.385_S_-0.613_D.tiff
838,0.062418137424663,-1.36317427339804,4,4,4_4,0,0,0_0_4_4,00758_0.062_S_-1.363_D.tiff
493,-0.716473720073604,-2.18372369086202,3,3,3_3,0,0,0_0_3_3,00759_-0.716_S_-2.184_D.tiff
134,0.794663297510574,2.24914874955845,5,7,5_7,0,1,1_0_7_5,00760_0.795_S_2.249_D.tiff
133,-1.39990845450737,-0.245500142711785,2,6,2_6,0,0,0_0_6_2,00761_-1.4_S_-0.246_D.tiff
751,1.15884600489086,0.931124490236927,6,5,6_5,0,1,1_0_5_6,00762_1.159_S_0.931_D.tiff
177,-1.83081473890002,-0.178798297602095,1,6,1_6,0,0,0_0_6_1,00763_-1.831_S_-0.179_D.tiff
738,-1.29230994674256,-0.39669654954512,2,6,2_6,0,0,0_0_6_2,00764_-1.292_S_-0.397_D.tiff
94,-0.364211509830268,0.250697073747889,4,7,4_7,0,0,0_0_7_4,00765_-0.364_S_0.251_D.tiff
363,-0.704862331814184,-1.58308600071992,3,4,3_4,0,0,0_0_4_3,00766_-0.705_S_-1.583_D.tiff
90,-0.135252828441997,0.975856386990068,4,5,4_5,0,1,1_0_5_4,00767_-0.135_S_0.976_D.tiff
566,1.25272190543612,-1.20373058192605,6,5,6_5,0,0,0_0_5_6,00768_1.253_S_-1.204_D.tiff
896,1.40677838757931,1.66478006445715,6,6,6_6,0,1,1_0_6_6,00769_1.407_S_1.665_D.tiff
1038,0.620387616721796,1.58333965533233,5,6,5_6,0,1,1_0_6_5,00770_0.62_S_1.583_D.tiff
798,-0.0164028432702773,-0.193235312848841,4,6,4_6,0,0,0_0_6_4,00771_-0.016_S_-0.193_D.tiff
298,-1.39505789057908,0.796399574277054,2,5,2_5,0,1,1_0_5_2,00772_-1.395_S_0.796_D.tiff
295,-0.71152153276995,-1.1167638020004,3,5,3_5,0,0,0_0_5_3,00773_-0.712_S_-1.117_D.tiff
416,0.89155771516242,-1.56500727753629,6,4,6_4,0,0,0_0_4_6,00774_0.892_S_-1.565_D.tiff
72,-1.69584315710423,-2.17912487232995,1,3,1_3,0,0,0_0_3_1,00775_-1.696_S_-2.179_D.tiff
597,0.0101231893719813,0.690597444403168,4,5,4_5,0,1,1_0_5_4,00776_0.01_S_0.691_D.tiff
211,0.113061063738406,-0.123284969050859,4,6,4_6,0,0,0_0_6_4,00777_0.113_S_-0.123_D.tiff
995,-0.913856487208294,-0.212948820183442,3,6,3_6,0,0,0_0_6_3,00778_-0.914_S_-0.213_D.tiff
257,1.29765184441181,-0.840332773644254,6,5,6_5,0,0,0_0_5_6,00779_1.298_S_-0.84_D.tiff
1071,0.590847969251034,-0.190102844526908,5,6,5_6,0,0,0_0_6_5,00780_0.591_S_-0.19_D.tiff
899,0.306049314255981,-0.0601298189534365,5,3,5_3,0,1,1_0_3_5,00781_0.306_S_-0.06_D.tiff
974,-0.274913473463692,-0.034052612285726,4,3,4_3,0,1,1_0_3_4,00782_-0.275_S_-0.034_D.tiff
478,0.118945381518156,0.871373588760955,4,8,4_8,0,0,0_0_8_4,00783_0.119_S_0.871_D.tiff
690,-0.52483659197445,-1.01252340135332,3,5,3_5,0,0,0_0_5_3,00784_-0.525_S_-1.013_D.tiff
32,0.567101112600759,-2.48426858399635,5,2,5_2,0,0,0_0_2_5,00785_0.567_S_-2.484_D.tiff
618,1.10563442985616,-3.53635605182107,6,1,6_1,0,0,0_0_1_6,00786_1.106_S_-3.536_D.tiff
368,1.14796701122623,-1.35051595023661,6,4,6_4,0,0,0_0_4_6,00787_1.148_S_-1.351_D.tiff
331,0.116849757984513,0.425637433474659,4,7,4_7,0,0,0_0_7_4,00788_0.117_S_0.426_D.tiff
984,-0.0307610311886411,-2.3523653314796,4,3,4_3,0,0,0_0_3_4,00789_-0.031_S_-2.352_D.tiff
718,-0.201784869106125,0.258616347559605,4,4,4_4,0,1,1_0_4_4,00790_-0.202_S_0.259_D.tiff
733,-0.587437702265719,-1.00218726702324,3,2,3_2,0,1,1_0_2_3,00791_-0.587_S_-1.002_D.tiff
386,-0.765380584267637,2.08475126529642,3,7,3_7,0,1,1_0_7_3,00792_-0.765_S_2.085_D.tiff
1018,-0.53314492460295,-0.335510122175505,3,6,3_6,0,0,0_0_6_3,00793_-0.533_S_-0.336_D.tiff
332,0.164831711884782,-1.07857938585982,4,5,4_5,0,0,0_0_5_4,00794_0.165_S_-1.079_D.tiff
690,-0.809217304536757,0.778271519276725,3,5,3_5,0,1,1_0_5_3,00795_-0.809_S_0.778_D.tiff
977,0.545360659704654,-0.908908327551095,5,5,5_5,0,0,0_0_5_5,00796_0.545_S_-0.909_D.tiff
757,0.169295065069236,-1.01735376633517,4,5,4_5,0,0,0_0_5_4,00797_0.169_S_-1.017_D.tiff
1032,-0.278156932527437,-0.769242184999585,4,5,4_5,0,0,0_0_5_4,00798_-0.278_S_-0.769_D.tiff
752,0.153393480787352,0.708772868160735,4,5,4_5,0,1,1_0_5_4,00799_0.153_S_0.709_D.tiff
176,1.48989417061839,0.440906253013449,6,7,6_7,0,0,0_0_7_6,00800_1.49_S_0.441_D.tiff
767,0.426174656627472,-1.10766950677364,5,5,5_5,0,0,0_0_5_5,00801_0.426_S_-1.108_D.tiff
308,-1.02638246665074,0.653818157847277,3,4,3_4,0,1,1_0_4_3,00802_-1.026_S_0.654_D.tiff
818,-0.494791059728171,-2.98735581110021,3,2,3_2,0,0,0_0_2_3,00803_-0.495_S_-2.987_D.tiff
484,-1.00481292154666,0.228471700233582,3,7,3_7,0,0,0_0_7_3,00804_-1.005_S_0.228_D.tiff
46,1.33732936420524,-1.23792337756473,6,4,6_4,0,0,0_0_4_6,00805_1.337_S_-1.238_D.tiff
275,-0.427893484456096,1.77172116556452,3,6,3_6,0,1,1_0_6_3,00806_-0.428_S_1.772_D.tiff
1069,1.12659055946839,-0.714760930866733,6,5,6_5,0,0,0_0_5_6,00807_1.127_S_-0.715_D.tiff
956,0.239028064042505,-1.81670764610522,4,4,4_4,0,0,0_0_4_4,00808_0.239_S_-1.817_D.tiff
954,0.401752242184799,-0.515459004251379,5,6,5_6,0,0,0_0_6_5,00809_0.402_S_-0.515_D.tiff
351,-0.772425144337457,-0.439564933143785,3,6,3_6,0,0,0_0_6_3,00810_-0.772_S_-0.44_D.tiff
584,-1.10942022218965,0.758478977939489,2,5,2_5,0,1,1_0_5_2,00811_-1.109_S_0.758_D.tiff
514,0.387340685659277,0.961326620464894,5,5,5_5,0,1,1_0_5_5,00812_0.387_S_0.961_D.tiff
1040,1.01264467259275,1.83200704290843,6,7,6_7,0,1,1_0_7_6,00813_1.013_S_1.832_D.tiff
170,0.719464786703929,-1.4378336763691,5,4,5_4,0,0,0_0_4_5,00814_0.719_S_-1.438_D.tiff
606,0.299803427201678,-2.50627715882222,5,2,5_2,0,0,0_0_2_5,00815_0.3_S_-2.506_D.tiff
789,0.221983139920305,-0.724842926548795,4,5,4_5,0,0,0_0_5_4,00816_0.222_S_-0.725_D.tiff
50,-0.134184556849832,-1.28872436702922,4,4,4_4,0,0,0_0_4_4,00817_-0.134_S_-1.289_D.tiff
755,0.557162251452551,-1.42660140508524,5,4,5_4,0,0,0_0_4_5,00818_0.557_S_-1.427_D.tiff
154,1.75368314629589,-1.16891653297745,7,5,7_5,0,0,0_0_5_7,00819_1.754_S_-1.169_D.tiff
423,0.839311363250006,-0.845605212766268,5,5,5_5,0,0,0_0_5_5,00820_0.839_S_-0.846_D.tiff
253,1.21235879332639,-1.0589419395148,6,5,6_5,0,0,0_0_5_6,00821_1.212_S_-1.059_D.tiff
811,2.12409589037306,-1.060020446155,7,5,7_5,0,0,0_0_5_7,00822_2.124_S_-1.06_D.tiff
849,-0.735481202024187,0.112630124901797,3,4,3_4,0,1,1_0_4_3,00823_-0.735_S_0.113_D.tiff
1013,0.883275468319082,-1.63659701978782,5,4,5_4,0,0,0_0_4_5,00824_0.883_S_-1.637_D.tiff
768,-0.358464963626731,-1.99131469903198,4,3,4_3,0,0,0_0_3_4,00825_-0.358_S_-1.991_D.tiff
365,-0.644883056476844,-2.35119249116545,3,3,3_3,0,0,0_0_3_3,00826_-0.645_S_-2.351_D.tiff
71,0.159361620185715,-1.13644493951285,4,5,4_5,0,0,0_0_5_4,00827_0.159_S_-1.136_D.tiff
211,0.371506844024941,1.83972747700519,5,7,5_7,0,1,1_0_7_5,00828_0.372_S_1.84_D.tiff
62,1.79009241489347,0.059231886175497,7,7,7_7,0,0,0_0_7_7,00829_1.79_S_0.059_D.tiff
1007,-0.210676618575657,0.337725192943933,4,4,4_4,0,1,1_0_4_4,00830_-0.211_S_0.338_D.tiff
609,-0.766514034082056,-0.621046626338382,3,6,3_6,0,0,0_0_6_3,00831_-0.767_S_-0.621_D.tiff
350,-1.21170281372221,-1.70888979269706,2,4,2_4,0,0,0_0_4_2,00832_-1.212_S_-1.709_D.tiff
890,-0.804628296643327,-1.91077853993449,3,3,3_3,0,0,0_0_3_3,00833_-0.805_S_-1.911_D.tiff
1015,-0.258543010310363,-1.80311883317444,4,4,4_4,0,0,0_0_4_4,00834_-0.259_S_-1.803_D.tiff
180,-0.0660632685075868,-0.83037366488295,4,5,4_5,0,0,0_0_5_4,00835_-0.066_S_-0.83_D.tiff
902,0.406382997170353,0.539666527391149,5,7,5_7,0,0,0_0_7_5,00836_0.406_S_0.54_D.tiff
820,-0.210705387725837,-1.45154353022209,4,4,4_4,0,0,0_0_4_4,00837_-0.211_S_-1.452_D.tiff
143,-1.17656791349573,-1.05484218663972,2,5,2_5,0,0,0_0_5_2,00838_-1.177_S_-1.055_D.tiff
983,-1.02041275268876,-1.40011617769293,3,4,3_4,0,0,0_0_4_3,00839_-1.02_S_-1.4_D.tiff
1046,0.819834804835724,-2.05701395573917,5,3,5_3,0,0,0_0_3_5,00840_0.82_S_-2.057_D.tiff
514,1.23566877268027,-1.32048936208817,6,4,6_4,0,0,0_0_4_6,00841_1.236_S_-1.32_D.tiff
444,-1.61698982726261,-1.7484551553556,2,4,2_4,0,0,0_0_4_2,00842_-1.617_S_-1.748_D.tiff
320,-0.874369601245604,-1.16769966254406,3,5,3_5,0,0,0_0_5_3,00843_-0.874_S_-1.168_D.tiff
632,0.316544432983038,-3.44760722808167,5,1,5_1,0,0,0_0_1_5,00844_0.317_S_-3.448_D.tiff
447,-0.397908463174981,-1.28374379265214,4,4,4_4,0,0,0_0_4_4,00845_-0.398_S_-1.284_D.tiff
996,-0.922923714738591,-0.202232082645166,3,6,3_6,0,0,0_0_6_3,00846_-0.923_S_-0.202_D.tiff
1029,0.617585607610431,-0.371634808265135,5,3,5_3,0,1,1_0_3_5,00847_0.618_S_-0.372_D.tiff
868,0.0044330987766949,-1.29868210051897,4,4,4_4,0,0,0_0_4_4,00848_0.004_S_-1.299_D.tiff
787,-0.723488249363805,-1.91160922789037,3,3,3_3,0,0,0_0_3_3,00849_-0.723_S_-1.912_D.tiff
784,-0.13603940757915,-0.138601434257928,4,6,4_6,0,0,0_0_6_4,00850_-0.136_S_-0.139_D.tiff
448,-0.355647908663713,0.245978190873637,4,4,4_4,0,1,1_0_4_4,00851_-0.356_S_0.246_D.tiff
15,0.80753289357974,1.25272912472403,5,9,5_9,0,0,0_0_9_5,00852_0.808_S_1.253_D.tiff
840,0.529744680951875,-0.748874371688541,5,5,5_5,0,0,0_0_5_5,00853_0.53_S_-0.749_D.tiff
880,1.49538692523746,-1.43600393362307,6,4,6_4,0,0,0_0_4_6,00854_1.495_S_-1.436_D.tiff
190,0.542037519207146,-2.2843938267587,5,3,5_3,0,0,0_0_3_5,00855_0.542_S_-2.284_D.tiff
1035,-0.505345974781005,1.19470634983327,3,5,3_5,0,1,1_0_5_3,00856_-0.505_S_1.195_D.tiff
100,-0.0235561679551116,-1.0907233616674,4,5,4_5,0,0,0_0_5_4,00857_-0.024_S_-1.091_D.tiff
662,0.737430177331904,-2.01278757131058,5,3,5_3,0,0,0_0_3_5,00858_0.737_S_-2.013_D.tiff
323,1.08390452401802,-1.01118979557585,6,5,6_5,0,0,0_0_5_6,00859_1.084_S_-1.011_D.tiff
617,-1.21970580542742,-0.629569623630009,2,5,2_5,0,0,0_0_5_2,00860_-1.22_S_-0.63_D.tiff
780,0.423144045336502,0.122946848665721,5,7,5_7,0,0,0_0_7_5,00861_0.423_S_0.123_D.tiff
635,-0.355469190040275,0.583648701130831,4,7,4_7,0,0,0_0_7_4,00862_-0.355_S_0.584_D.tiff
155,-0.0614720697606522,-0.630494644329403,4,5,4_5,0,0,0_0_5_4,00863_-0.061_S_-0.63_D.tiff
410,-0.15501473223047,-0.679593676229566,4,5,4_5,0,0,0_0_5_4,00864_-0.155_S_-0.68_D.tiff
256,-1.33139167515366,-0.364982510430292,2,6,2_6,0,0,0_0_6_2,00865_-1.331_S_-0.365_D.tiff
517,-1.58101066976359,0.863010973082208,2,5,2_5,0,1,1_0_5_2,00866_-1.581_S_0.863_D.tiff
887,-0.55627251412735,-1.02792220809286,3,5,3_5,0,0,0_0_5_3,00867_-0.556_S_-1.028_D.tiff
978,1.08934057162257,-1.29961740079622,6,4,6_4,0,0,0_0_4_6,00868_1.089_S_-1.3_D.tiff
377,-0.215763037162172,-0.139031175259414,4,6,4_6,0,0,0_0_6_4,00869_-0.216_S_-0.139_D.tiff
171,-1.01832792798287,-1.87365973899816,3,3,3_3,0,0,0_0_3_3,00870_-1.018_S_-1.874_D.tiff
781,-0.285617708756065,0.706720135711694,4,5,4_5,0,1,1_0_5_4,00871_-0.286_S_0.707_D.tiff
459,0.0454710521690383,-1.9830530121886,4,3,4_3,0,0,0_0_3_4,00872_0.045_S_-1.983_D.tiff
758,0.77501757361682,-1.4912850288045,5,4,5_4,0,0,0_0_4_5,00873_0.775_S_-1.491_D.tiff
500,0.669348243030268,0.71458417278416,5,5,5_5,0,1,1_0_5_5,00874_0.669_S_0.715_D.tiff
602,0.460706707978016,0.944859667178992,5,5,5_5,0,1,1_0_5_5,00875_0.461_S_0.945_D.tiff
591,0.104430800598075,-1.81275594027858,4,4,4_4,0,0,0_0_4_4,00876_0.104_S_-1.813_D.tiff
124,0.720797074825717,1.15174107911564,5,8,5_8,0,0,0_0_8_5,00877_0.721_S_1.152_D.tiff
22,-0.242009039329397,-0.619810907751008,4,6,4_6,0,0,0_0_6_4,00878_-0.242_S_-0.62_D.tiff
516,0.505991880752841,0.821940340848346,5,8,5_8,0,0,0_0_8_5,00879_0.506_S_0.822_D.tiff
1010,0.506276423716788,-0.521299165685233,5,6,5_6,0,0,0_0_6_5,00880_0.506_S_-0.521_D.tiff
150,-0.218181460417802,-0.208187154382308,4,6,4_6,0,0,0_0_6_4,00881_-0.218_S_-0.208_D.tiff
348,0.968720915340517,0.780657594557285,6,8,6_8,0,0,0_0_8_6,00882_0.969_S_0.781_D.tiff
918,0.196285192668039,-2.11911335477872,4,3,4_3,0,0,0_0_3_4,00883_0.196_S_-2.119_D.tiff
613,-2.2023444440391,-1.15307482440962,1,5,1_5,0,0,0_0_5_1,00884_-2.202_S_-1.153_D.tiff
189,-0.206135180341162,-0.773351573098357,4,5,4_5,0,0,0_0_5_4,00885_-0.206_S_-0.773_D.tiff
1054,-0.801153923573906,-0.91353920420658,3,5,3_5,0,0,0_0_5_3,00886_-0.801_S_-0.914_D.tiff
590,0.485083553489051,-2.09566218534127,5,3,5_3,0,0,0_0_3_5,00887_0.485_S_-2.096_D.tiff
111,0.0619046793017702,1.5199076370339,4,6,4_6,0,1,1_0_6_4,00888_0.062_S_1.52_D.tiff
177,-1.06507548971726,0.492895295461525,2,4,2_4,0,1,1_0_4_2,00889_-1.065_S_0.493_D.tiff
992,0.553762882482929,0.756238378044041,5,5,5_5,0,1,1_0_5_5,00890_0.554_S_0.756_D.tiff
140,-2.20525445433634,-2.10920674367907,1,3,1_3,0,0,0_0_3_1,00891_-2.205_S_-2.109_D.tiff
1043,-1.02913251838329,-0.321448341757236,3,6,3_6,0,0,0_0_6_3,00892_-1.029_S_-0.321_D.tiff
407,-0.272590901691558,-2.01975846639666,4,3,4_3,0,0,0_0_3_4,00893_-0.273_S_-2.02_D.tiff
169,0.134093506680508,-0.993654165015566,4,5,4_5,0,0,0_0_5_4,00894_0.134_S_-0.994_D.tiff
952,0.739358228081974,1.21382713517698,5,5,5_5,0,1,1_0_5_5,00895_0.739_S_1.214_D.tiff
650,0.126569858266564,2.09643527782295,4,7,4_7,0,1,1_0_7_4,00896_0.127_S_2.096_D.tiff
115,-0.316903940112272,-0.0544846220491104,4,3,4_3,0,1,1_0_3_4,00897_-0.317_S_-0.054_D.tiff
649,-0.751401221632952,-0.888320933100591,3,5,3_5,0,0,0_0_5_3,00898_-0.751_S_-0.888_D.tiff
788,-0.616328729671609,-1.58123038696065,3,4,3_4,0,0,0_0_4_3,00899_-0.616_S_-1.581_D.tiff
814,0.051010911353046,-1.95810456828594,4,3,4_3,0,0,0_0_3_4,00900_0.051_S_-1.958_D.tiff
113,-1.59076785320869,-1.009709574361,2,5,2_5,0,0,0_0_5_2,00901_-1.591_S_-1.01_D.tiff
392,-0.505363152753432,0.793203440738109,3,8,3_8,0,0,0_0_8_3,00902_-0.505_S_0.793_D.tiff
441,0.223620123504391,-1.94458312334628,4,3,4_3,0,0,0_0_3_4,00903_0.224_S_-1.945_D.tiff
1021,0.902147961879076,-0.600666380824896,6,6,6_6,0,0,0_0_6_6,00904_0.902_S_-0.601_D.tiff
422,1.70824077335245,-2.30614183657964,7,3,7_3,0,0,0_0_3_7,00905_1.708_S_-2.306_D.tiff
169,1.37997847641808,1.07144184429261,6,5,6_5,0,1,1_0_5_6,00906_1.38_S_1.071_D.tiff
230,-0.595220214505369,1.1954079177494,3,5,3_5,0,1,1_0_5_3,00907_-0.595_S_1.195_D.tiff
1060,1.25441919820584,-0.964920941649562,6,5,6_5,0,0,0_0_5_6,00908_1.254_S_-0.965_D.tiff
948,-1.18603871357966,-1.38554184365025,2,4,2_4,0,0,0_0_4_2,00909_-1.186_S_-1.386_D.tiff
1056,-0.771675486341053,2.00441612773394,3,7,3_7,0,1,1_0_7_3,00910_-0.772_S_2.004_D.tiff
266,1.00155123506451,0.315752922007506,6,4,6_4,0,1,1_0_4_6,00911_1.002_S_0.316_D.tiff
432,0.622262058168339,0.241323382720252,5,7,5_7,0,0,0_0_7_5,00912_0.622_S_0.241_D.tiff
881,-0.624337975409764,-1.78100277936736,3,4,3_4,0,0,0_0_4_3,00913_-0.624_S_-1.781_D.tiff
1024,0.273872987640789,-3.53709154326323,5,1,5_1,0,0,0_0_1_5,00914_0.274_S_-3.537_D.tiff
646,1.08409664688572,1.49317749686075,6,6,6_6,0,1,1_0_6_6,00915_1.084_S_1.493_D.tiff
242,0.373223478265277,0.0697831154945725,5,7,5_7,0,0,0_0_7_5,00916_0.373_S_0.07_D.tiff
601,0.499116215481787,1.58493052753255,5,9,5_9,0,0,0_0_9_5,00917_0.499_S_1.585_D.tiff
401,0.654775558290932,-2.11478484791808,5,3,5_3,0,0,0_0_3_5,00918_0.655_S_-2.115_D.tiff
582,0.633816891277195,-3.23127244105673,5,1,5_1,0,0,0_0_1_5,00919_0.634_S_-3.231_D.tiff
472,0.556859450632963,1.58330539868231,5,6,5_6,0,1,1_0_6_5,00920_0.557_S_1.583_D.tiff
723,0.460081672793413,-1.24520313601621,5,4,5_4,0,0,0_0_4_5,00921_0.46_S_-1.245_D.tiff
834,-0.986673079650789,-1.13075260424386,3,5,3_5,0,0,0_0_5_3,00922_-0.987_S_-1.131_D.tiff
679,-0.175167021952709,-2.16787378899069,4,3,4_3,0,0,0_0_3_4,00923_-0.175_S_-2.168_D.tiff
224,-1.01553242922661,-2.17610069905417,3,3,3_3,0,0,0_0_3_3,00924_-1.016_S_-2.176_D.tiff
851,1.80790961233928,-1.33144628848723,7,4,7_4,0,0,0_0_4_7,00925_1.808_S_-1.331_D.tiff
138,-0.604760728228851,0.840133034029364,3,5,3_5,0,1,1_0_5_3,00926_-0.605_S_0.84_D.tiff
189,-0.430459864026246,0.436428606646758,3,4,3_4,0,1,1_0_4_3,00927_-0.43_S_0.436_D.tiff
21,0.654846898470935,-1.67201468065866,5,4,5_4,0,0,0_0_4_5,00928_0.655_S_-1.672_D.tiff
474,-0.471840380346567,0.465050440362701,3,7,3_7,0,0,0_0_7_3,00929_-0.472_S_0.465_D.tiff
992,-1.96481616085564,-1.2031947188611,1,5,1_5,0,0,0_0_5_1,00930_-1.965_S_-1.203_D.tiff
316,0.144461351377249,-1.78839650944448,4,4,4_4,0,0,0_0_4_4,00931_0.144_S_-1.788_D.tiff
473,-0.0966962351067985,-1.05562277607083,4,5,4_5,0,0,0_0_5_4,00932_-0.097_S_-1.056_D.tiff
212,0.121065255475164,-1.47545304943956,4,4,4_4,0,0,0_0_4_4,00933_0.121_S_-1.475_D.tiff
764,0.751854140521508,0.792841217196755,5,5,5_5,0,1,1_0_5_5,00934_0.752_S_0.793_D.tiff
87,-1.04351698021566,-1.15252930610285,2,5,2_5,0,0,0_0_5_2,00935_-1.044_S_-1.153_D.tiff
808,-0.846635483337693,-1.19979520394138,3,5,3_5,0,0,0_0_5_3,00936_-0.847_S_-1.2_D.tiff
937,0.28888386213368,0.0270770098272623,5,7,5_7,0,0,0_0_7_5,00937_0.289_S_0.027_D.tiff
665,0.356242001322103,-0.847095008743757,5,5,5_5,0,0,0_0_5_5,00938_0.356_S_-0.847_D.tiff
490,-0.426380511335912,-1.31217165901124,3,4,3_4,0,0,0_0_4_3,00939_-0.426_S_-1.312_D.tiff
301,-0.113160934587528,-2.0151551380348,4,3,4_3,0,0,0_0_3_4,00940_-0.113_S_-2.015_D.tiff
130,0.285644845637525,-0.864739786074411,5,5,5_5,0,0,0_0_5_5,00941_0.286_S_-0.865_D.tiff
657,1.53119718032929,-0.633040020089762,7,5,7_5,0,0,0_0_5_7,00942_1.531_S_-0.633_D.tiff
720,0.45787412011415,0.395490155905805,5,4,5_4,0,1,1_0_4_5,00943_0.458_S_0.395_D.tiff
507,0.132754073712832,-0.375557469864358,4,6,4_6,0,0,0_0_6_4,00944_0.133_S_-0.376_D.tiff
797,-0.0110711126648887,-0.538349055149876,4,6,4_6,0,0,0_0_6_4,00945_-0.011_S_-0.538_D.tiff
18,0.330366431391226,-1.32990407387385,5,4,5_4,0,0,0_0_4_5,00946_0.33_S_-1.33_D.tiff
337,-0.212071850362301,-0.81269826562872,4,5,4_5,0,0,0_0_5_4,00947_-0.212_S_-0.813_D.tiff
943,0.588236667516952,0.646479776688329,5,8,5_8,0,0,0_0_8_5,00948_0.588_S_0.646_D.tiff
597,0.50080816939952,-0.872678543778399,5,5,5_5,0,0,0_0_5_5,00949_0.501_S_-0.873_D.tiff
168,-1.00288725218534,0.665034107374435,3,8,3_8,0,0,0_0_8_3,00950_-1.003_S_0.665_D.tiff
950,0.862231079724418,-2.33164941152404,5,3,5_3,0,0,0_0_3_5,00951_0.862_S_-2.332_D.tiff
145,-1.58351937977952,-0.27772515165117,2,3,2_3,0,1,1_0_3_2,00952_-1.584_S_-0.278_D.tiff
509,-1.1127388572287,0.969096747413702,2,5,2_5,0,1,1_0_5_2,00953_-1.113_S_0.969_D.tiff
513,-0.117608736451984,0.933726114634382,4,5,4_5,0,1,1_0_5_4,00954_-0.118_S_0.934_D.tiff
7,1.90498800266024,-0.851368476747974,7,5,7_5,0,0,0_0_5_7,00955_1.905_S_-0.851_D.tiff
891,1.01712183631201,-2.65926459918408,6,2,6_2,0,0,0_0_2_6,00956_1.017_S_-2.659_D.tiff
955,-0.0674374982026225,1.58884225963955,4,6,4_6,0,1,1_0_6_4,00957_-0.067_S_1.589_D.tiff
546,0.263475073272226,0.382152568938307,5,7,5_7,0,0,0_0_7_5,00958_0.263_S_0.382_D.tiff
372,0.802729086182817,-0.990786735464881,5,5,5_5,0,0,0_0_5_5,00959_0.803_S_-0.991_D.tiff
1007,0.0240579190005712,-0.222235022057467,4,6,4_6,0,0,0_0_6_4,00960_0.024_S_-0.222_D.tiff
552,0.742296717396543,-0.485533404210227,5,6,5_6,0,0,0_0_6_5,00961_0.742_S_-0.486_D.tiff
918,-0.119884617791348,0.478324824298017,4,4,4_4,0,1,1_0_4_4,00962_-0.12_S_0.478_D.tiff
204,-0.132031115057265,0.174259302168203,4,7,4_7,0,0,0_0_7_4,00963_-0.132_S_0.174_D.tiff
998,-0.827534504918041,-0.0315122456984597,3,6,3_6,0,0,0_0_6_3,00964_-0.828_S_-0.032_D.tiff
492,1.20693225033206,-0.390435776462992,6,3,6_3,0,1,1_0_3_6,00965_1.207_S_-0.39_D.tiff
42,-0.122189727469278,-1.70968487070869,4,4,4_4,0,0,0_0_4_4,00966_-0.122_S_-1.71_D.tiff
915,0.0936360192054385,0.764712883646285,4,8,4_8,0,0,0_0_8_4,00967_0.094_S_0.765_D.tiff
1063,-1.15790092926988,-2.38747154132968,2,3,2_3,0,0,0_0_3_2,00968_-1.158_S_-2.387_D.tiff
678,-0.517892305679744,-0.578107766327411,3,6,3_6,0,0,0_0_6_3,00969_-0.518_S_-0.578_D.tiff
794,0.856565634044706,-2.35095439061644,5,3,5_3,0,0,0_0_3_5,00970_0.857_S_-2.351_D.tiff
69,1.32040890649561,-2.26024387988259,6,3,6_3,0,0,0_0_3_6,00971_1.32_S_-2.26_D.tiff
600,-1.58324413703882,-1.49716406398362,2,4,2_4,0,0,0_0_4_2,00972_-1.583_S_-1.497_D.tiff
583,1.72220370390156,0.896646584172635,7,5,7_5,0,1,1_0_5_7,00973_1.722_S_0.897_D.tiff
828,1.15861587256929,0.525118441593404,6,7,6_7,0,0,0_0_7_6,00974_1.159_S_0.525_D.tiff
479,-0.358541949841131,0.294322392895875,4,7,4_7,0,0,0_0_7_4,00975_-0.359_S_0.294_D.tiff
318,-0.650962715780287,-0.270766576843912,3,6,3_6,0,0,0_0_6_3,00976_-0.651_S_-0.271_D.tiff
648,-1.5877714392109,2.02893845216732,2,7,2_7,0,1,1_0_7_2,00977_-1.588_S_2.029_D.tiff
477,-0.14152758213692,-0.835449289190923,4,2,4_2,0,1,1_0_2_4,00978_-0.142_S_-0.835_D.tiff
263,0.84328559440651,1.21570470002449,5,5,5_5,0,1,1_0_5_5,00979_0.843_S_1.216_D.tiff
850,-0.616868321051017,1.63121637095221,3,6,3_6,0,1,1_0_6_3,00980_-0.617_S_1.631_D.tiff
16,-0.003333827474034,-0.344214547285082,4,3,4_3,0,1,1_0_3_4,00981_-0.003_S_-0.344_D.tiff
367,-1.00617725943762,-1.19409785981245,3,5,3_5,0,0,0_0_5_3,00982_-1.006_S_-1.194_D.tiff
877,1.43149287087429,-1.40825831198859,6,4,6_4,0,0,0_0_4_6,00983_1.431_S_-1.408_D.tiff
829,1.20265671468098,-1.15826476397455,6,5,6_5,0,0,0_0_5_6,00984_1.203_S_-1.158_D.tiff
346,-1.38394166067933,-0.520371780298117,2,6,2_6,0,0,0_0_6_2,00985_-1.384_S_-0.52_D.tiff
443,1.10632332400191,-1.83856804553945,6,3,6_3,0,0,0_0_3_6,00986_1.106_S_-1.839_D.tiff
841,0.431934642133298,0.586965912206826,5,4,5_4,0,1,1_0_4_5,00987_0.432_S_0.587_D.tiff
114,-2.39590207952129,-1.25410788491596,0,4,0_4,0,0,0_0_4_0,00988_-2.396_S_-1.254_D.tiff
933,-0.874199359192446,2.26006183614232,3,7,3_7,0,1,1_0_7_3,00989_-0.874_S_2.26_D.tiff
763,0.299611095042595,-0.148357284207427,5,6,5_6,0,0,0_0_6_5,00990_0.3_S_-0.148_D.tiff
198,1.70967890361125,-0.497161929108954,7,6,7_6,0,0,0_0_6_7,00991_1.71_S_-0.497_D.tiff
1073,-0.0244394508524257,-1.14134418393343,4,5,4_5,0,0,0_0_5_4,00992_-0.024_S_-1.141_D.tiff
95,-0.665004880514536,1.58338235418041,3,6,3_6,0,1,1_0_6_3,00993_-0.665_S_1.583_D.tiff
367,1.19661054265767,-0.409034086156122,6,3,6_3,0,1,1_0_3_6,00994_1.197_S_-0.409_D.tiff
777,0.637329804484359,1.60627547610953,5,6,5_6,0,1,1_0_6_5,00995_0.637_S_1.606_D.tiff
159,-2.04836462511076,-1.55279904845465,1,4,1_4,0,0,0_0_4_1,00996_-2.048_S_-1.553_D.tiff
277,1.61462807369526,-1.86364587322928,7,3,7_3,0,0,0_0_3_7,00997_1.615_S_-1.864_D.tiff
722,-1.10623220175908,-2.27005792119449,2,3,2_3,0,0,0_0_3_2,00998_-1.106_S_-2.27_D.tiff
726,-1.11113566095111,-0.97661558519662,2,5,2_5,0,0,0_0_5_2,00999_-1.111_S_-0.977_D.tiff
872,1.04234841878054,-3.00834178821591,6,2,6_2,0,0,0_0_2_6,01000_1.042_S_-3.008_D.tiff
983,-0.0866501904624947,1.49682352169084,4,6,4_6,0,1,1_0_6_4,01001_-0.087_S_1.497_D.tiff
229,-1.12151791379629,-0.994951548970174,2,5,2_5,0,0,0_0_5_2,01002_-1.122_S_-0.995_D.tiff
502,1.0002835241138,-1.1753446598724,6,5,6_5,0,0,0_0_5_6,01003_1.0_S_-1.175_D.tiff
459,-0.642680620912867,-0.721878730230039,3,2,3_2,0,1,1_0_2_3,01004_-0.643_S_-0.722_D.tiff
